timestamp,carbon_intensity_actual,carbon_intensity_forecast,carbon_intensity
2026-03-26 11:00:00+00:00,85.0,95,85.0
2026-03-26 11:30:00+00:00,85.0,99,85.0
2026-03-26 12:00:00+00:00,87.0,90,87.0
2026-03-26 12:30:00+00:00,89.0,92,89.0
2026-03-26 13:00:00+00:00,85.0,93,85.0
2026-03-26 13:30:00+00:00,85.0,94,85.0
2026-03-26 14:00:00+00:00,85.0,105,85.0
2026-03-26 14:30:00+00:00,92.0,115,92.0
2026-03-26 15:00:00+00:00,107.0,127,107.0
2026-03-26 15:30:00+00:00,133.0,140,133.0
2026-03-26 16:00:00+00:00,152.0,150,152.0
2026-03-26 16:30:00+00:00,163.0,162,163.0
2026-03-26 17:00:00+00:00,172.0,167,172.0
2026-03-26 17:30:00+00:00,182.0,177,182.0
2026-03-26 18:00:00+00:00,184.0,182,184.0
2026-03-26 18:30:00+00:00,185.0,190,185.0
2026-03-26 19:00:00+00:00,185.0,190,185.0
2026-03-26 19:30:00+00:00,190.0,187,190.0
2026-03-26 20:00:00+00:00,189.0,189,189.0
2026-03-26 20:30:00+00:00,176.0,190,176.0
2026-03-26 21:00:00+00:00,168.0,175,168.0
2026-03-26 21:30:00+00:00,150.0,170,150.0
2026-03-26 22:00:00+00:00,142.0,163,142.0
2026-03-26 22:30:00+00:00,141.0,145,141.0
2026-03-26 23:00:00+00:00,130.0,137,130.0
2026-03-26 23:30:00+00:00,129.0,140,129.0
2026-03-27 00:00:00+00:00,130.0,134,130.0
2026-03-27 00:30:00+00:00,131.0,126,131.0
2026-03-27 01:00:00+00:00,131.0,123,131.0
2026-03-27 01:30:00+00:00,128.0,128,128.0
2026-03-27 02:00:00+00:00,119.0,131,119.0
2026-03-27 02:30:00+00:00,118.0,128,118.0
2026-03-27 03:00:00+00:00,106.0,125,106.0
2026-03-27 03:30:00+00:00,114.0,122,114.0
2026-03-27 04:00:00+00:00,113.0,120,113.0
2026-03-27 04:30:00+00:00,113.0,115,113.0
2026-03-27 05:00:00+00:00,115.0,113,115.0
2026-03-27 05:30:00+00:00,126.0,113,126.0
2026-03-27 06:00:00+00:00,132.0,119,132.0
2026-03-27 06:30:00+00:00,124.0,143,124.0
2026-03-27 07:00:00+00:00,122.0,142,122.0
2026-03-27 07:30:00+00:00,113.0,141,113.0
2026-03-27 08:00:00+00:00,108.0,136,108.0
2026-03-27 08:30:00+00:00,101.0,104,101.0
2026-03-27 09:00:00+00:00,97.0,99,97.0
2026-03-27 09:30:00+00:00,89.0,95,89.0
2026-03-27 10:00:00+00:00,81.0,90,81.0
2026-03-27 10:30:00+00:00,80.0,84,80.0
2026-03-27 11:00:00+00:00,73.0,80,73.0
2026-03-27 11:30:00+00:00,68.0,73,68.0
2026-03-27 12:00:00+00:00,65.0,70,65.0
2026-03-27 12:30:00+00:00,62.0,67,62.0
2026-03-27 13:00:00+00:00,63.0,63,63.0
2026-03-27 13:30:00+00:00,65.0,63,65.0
2026-03-27 14:00:00+00:00,68.0,66,68.0
2026-03-27 14:30:00+00:00,67.0,69,67.0
2026-03-27 15:00:00+00:00,71.0,70,71.0
2026-03-27 15:30:00+00:00,80.0,73,80.0
2026-03-27 16:00:00+00:00,91.0,76,91.0
2026-03-27 16:30:00+00:00,113.0,86,113.0
2026-03-27 17:00:00+00:00,126.0,95,126.0
2026-03-27 17:30:00+00:00,133.0,108,133.0
2026-03-27 18:00:00+00:00,136.0,116,136.0
2026-03-27 18:30:00+00:00,130.0,120,130.0
2026-03-27 19:00:00+00:00,121.0,129,121.0
2026-03-27 19:30:00+00:00,113.0,115,113.0
2026-03-27 20:00:00+00:00,103.0,100,103.0
2026-03-27 20:30:00+00:00,92.0,94,92.0
2026-03-27 21:00:00+00:00,73.0,94,73.0
2026-03-27 21:30:00+00:00,65.0,88,65.0
2026-03-27 22:00:00+00:00,56.0,84,56.0
2026-03-27 22:30:00+00:00,72.0,67,72.0
2026-03-27 23:00:00+00:00,68.0,54,68.0
2026-03-27 23:30:00+00:00,67.0,60,67.0
2026-03-28 00:00:00+00:00,69.0,57,69.0
2026-03-28 00:30:00+00:00,70.0,62,70.0
2026-03-28 01:00:00+00:00,67.0,63,67.0
2026-03-28 01:30:00+00:00,60.0,66,60.0
2026-03-28 02:00:00+00:00,52.0,63,52.0
2026-03-28 02:30:00+00:00,47.0,61,47.0
2026-03-28 03:00:00+00:00,43.0,61,43.0
2026-03-28 03:30:00+00:00,48.0,47,48.0
2026-03-28 04:00:00+00:00,49.0,48,49.0
2026-03-28 04:30:00+00:00,51.0,45,51.0
2026-03-28 05:00:00+00:00,55.0,48,55.0
2026-03-28 05:30:00+00:00,62.0,47,62.0
2026-03-28 06:00:00+00:00,69.0,48,69.0
2026-03-28 06:30:00+00:00,67.0,45,67.0
2026-03-28 07:00:00+00:00,59.0,47,59.0
2026-03-28 07:30:00+00:00,47.0,42,47.0
2026-03-28 08:00:00+00:00,42.0,40,42.0
2026-03-28 08:30:00+00:00,39.0,40,39.0
2026-03-28 09:00:00+00:00,38.0,31,38.0
2026-03-28 09:30:00+00:00,32.0,35,32.0
2026-03-28 10:00:00+00:00,30.0,31,30.0
2026-03-28 10:30:00+00:00,31.0,28,31.0
2026-03-28 11:00:00+00:00,32.0,26,32.0
2026-03-28 11:30:00+00:00,34.0,23,34.0
2026-03-28 12:00:00+00:00,33.0,23,33.0
2026-03-28 12:30:00+00:00,33.0,24,33.0
2026-03-28 13:00:00+00:00,30.0,26,30.0
2026-03-28 13:30:00+00:00,30.0,26,30.0
2026-03-28 14:00:00+00:00,33.0,27,33.0
2026-03-28 14:30:00+00:00,38.0,28,38.0
2026-03-28 15:00:00+00:00,53.0,37,53.0
2026-03-28 15:30:00+00:00,65.0,37,65.0
2026-03-28 16:00:00+00:00,75.0,56,75.0
2026-03-28 16:30:00+00:00,80.0,64,80.0
2026-03-28 17:00:00+00:00,95.0,81,95.0
2026-03-28 17:30:00+00:00,99.0,89,99.0
2026-03-28 18:00:00+00:00,105.0,95,105.0
2026-03-28 18:30:00+00:00,105.0,96,105.0
2026-03-28 19:00:00+00:00,102.0,93,102.0
2026-03-28 19:30:00+00:00,92.0,108,92.0
2026-03-28 20:00:00+00:00,89.0,111,89.0
2026-03-28 20:30:00+00:00,90.0,113,90.0
2026-03-28 21:00:00+00:00,81.0,112,81.0
2026-03-28 21:30:00+00:00,67.0,82,67.0
2026-03-28 22:00:00+00:00,60.0,79,60.0
2026-03-28 22:30:00+00:00,51.0,58,51.0
2026-03-28 23:00:00+00:00,54.0,58,54.0
2026-03-28 23:30:00+00:00,60.0,48,60.0
2026-03-29 00:00:00+00:00,63.0,48,63.0
2026-03-29 00:30:00+00:00,75.0,54,75.0
2026-03-29 01:00:00+00:00,74.0,51,74.0
2026-03-29 01:30:00+00:00,68.0,59,68.0
2026-03-29 02:00:00+00:00,61.0,61,61.0
2026-03-29 02:30:00+00:00,62.0,60,62.0
2026-03-29 03:00:00+00:00,62.0,53,62.0
2026-03-29 03:30:00+00:00,72.0,55,72.0
2026-03-29 04:00:00+00:00,75.0,60,75.0
2026-03-29 04:30:00+00:00,95.0,69,95.0
2026-03-29 05:00:00+00:00,106.0,73,106.0
2026-03-29 05:30:00+00:00,113.0,96,113.0
2026-03-29 06:00:00+00:00,118.0,96,118.0
2026-03-29 06:30:00+00:00,116.0,105,116.0
2026-03-29 07:00:00+00:00,109.0,96,109.0
2026-03-29 07:30:00+00:00,91.0,84,91.0
2026-03-29 08:00:00+00:00,81.0,74,81.0
2026-03-29 08:30:00+00:00,71.0,68,71.0
2026-03-29 09:00:00+00:00,64.0,62,64.0
2026-03-29 09:30:00+00:00,65.0,56,65.0
2026-03-29 10:00:00+00:00,59.0,49,59.0
2026-03-29 10:30:00+00:00,55.0,44,55.0
2026-03-29 11:00:00+00:00,57.0,39,57.0
2026-03-29 11:30:00+00:00,58.0,37,58.0
2026-03-29 12:00:00+00:00,58.0,34,58.0
2026-03-29 12:30:00+00:00,57.0,31,57.0
2026-03-29 13:00:00+00:00,56.0,28,56.0
2026-03-29 13:30:00+00:00,53.0,49,53.0
2026-03-29 14:00:00+00:00,52.0,42,52.0
2026-03-29 14:30:00+00:00,52.0,36,52.0
2026-03-29 15:00:00+00:00,57.0,39,57.0
2026-03-29 15:30:00+00:00,61.0,39,61.0
2026-03-29 16:00:00+00:00,61.0,42,61.0
2026-03-29 16:30:00+00:00,59.0,48,59.0
2026-03-29 17:00:00+00:00,63.0,47,63.0
2026-03-29 17:30:00+00:00,55.0,46,55.0
2026-03-29 18:00:00+00:00,58.0,46,58.0
2026-03-29 18:30:00+00:00,55.0,49,55.0
2026-03-29 19:00:00+00:00,57.0,50,57.0
2026-03-29 19:30:00+00:00,56.0,55,56.0
2026-03-29 20:00:00+00:00,55.0,58,55.0
2026-03-29 20:30:00+00:00,57.0,57,57.0
2026-03-29 21:00:00+00:00,55.0,57,55.0
2026-03-29 21:30:00+00:00,47.0,56,47.0
2026-03-29 22:00:00+00:00,43.0,50,43.0
2026-03-29 22:30:00+00:00,44.0,42,44.0
2026-03-29 23:00:00+00:00,45.0,39,45.0
2026-03-29 23:30:00+00:00,40.0,42,40.0
2026-03-30 00:00:00+00:00,38.0,44,38.0
2026-03-30 00:30:00+00:00,39.0,45,39.0
2026-03-30 01:00:00+00:00,38.0,46,38.0
2026-03-30 01:30:00+00:00,37.0,33,37.0
2026-03-30 02:00:00+00:00,36.0,33,36.0
2026-03-30 02:30:00+00:00,37.0,36,37.0
2026-03-30 03:00:00+00:00,36.0,37,36.0
2026-03-30 03:30:00+00:00,45.0,36,45.0
2026-03-30 04:00:00+00:00,53.0,34,53.0
2026-03-30 04:30:00+00:00,53.0,42,53.0
2026-03-30 05:00:00+00:00,64.0,45,64.0
2026-03-30 05:30:00+00:00,71.0,52,71.0
2026-03-30 06:00:00+00:00,76.0,50,76.0
2026-03-30 06:30:00+00:00,68.0,50,68.0
2026-03-30 07:00:00+00:00,61.0,49,61.0
2026-03-30 07:30:00+00:00,56.0,49,56.0
2026-03-30 08:00:00+00:00,51.0,45,51.0
2026-03-30 08:30:00+00:00,47.0,43,47.0
2026-03-30 09:00:00+00:00,40.0,44,40.0
2026-03-30 09:30:00+00:00,36.0,42,36.0
2026-03-30 10:00:00+00:00,35.0,40,35.0
2026-03-30 10:30:00+00:00,39.0,45,39.0
2026-03-30 11:00:00+00:00,37.0,39,37.0
2026-03-30 11:30:00+00:00,35.0,45,35.0
2026-03-30 12:00:00+00:00,35.0,45,35.0
2026-03-30 12:30:00+00:00,35.0,45,35.0
2026-03-30 13:00:00+00:00,37.0,45,37.0
2026-03-30 13:30:00+00:00,38.0,47,38.0
2026-03-30 14:00:00+00:00,45.0,24,45.0
2026-03-30 14:30:00+00:00,52.0,31,52.0
2026-03-30 15:00:00+00:00,66.0,32,66.0
2026-03-30 15:30:00+00:00,76.0,49,76.0
2026-03-30 16:00:00+00:00,92.0,60,92.0
2026-03-30 16:30:00+00:00,103.0,68,103.0
2026-03-30 17:00:00+00:00,115.0,84,115.0
2026-03-30 17:30:00+00:00,121.0,107,121.0
2026-03-30 18:00:00+00:00,132.0,122,132.0
2026-03-30 18:30:00+00:00,135.0,122,135.0
2026-03-30 19:00:00+00:00,139.0,140,139.0
2026-03-30 19:30:00+00:00,139.0,137,139.0
2026-03-30 20:00:00+00:00,136.0,141,136.0
2026-03-30 20:30:00+00:00,126.0,138,126.0
2026-03-30 21:00:00+00:00,119.0,132,119.0
2026-03-30 21:30:00+00:00,100.0,131,100.0
2026-03-30 22:00:00+00:00,80.0,130,80.0
2026-03-30 22:30:00+00:00,81.0,101,81.0
2026-03-30 23:00:00+00:00,82.0,105,82.0
2026-03-30 23:30:00+00:00,78.0,109,78.0
2026-03-31 00:00:00+00:00,73.0,85,73.0
2026-03-31 00:30:00+00:00,71.0,86,71.0
2026-03-31 01:00:00+00:00,71.0,87,71.0
2026-03-31 01:30:00+00:00,62.0,69,62.0
2026-03-31 02:00:00+00:00,62.0,66,62.0
2026-03-31 02:30:00+00:00,59.0,52,59.0
2026-03-31 03:00:00+00:00,63.0,52,63.0
2026-03-31 03:30:00+00:00,91.0,65,91.0
2026-03-31 04:00:00+00:00,115.0,68,115.0
2026-03-31 04:30:00+00:00,144.0,91,144.0
2026-03-31 05:00:00+00:00,159.0,123,159.0
2026-03-31 05:30:00+00:00,164.0,164,164.0
2026-03-31 06:00:00+00:00,169.0,168,169.0
2026-03-31 06:30:00+00:00,158.0,174,158.0
2026-03-31 07:00:00+00:00,158.0,169,158.0
2026-03-31 07:30:00+00:00,162.0,171,162.0
2026-03-31 08:00:00+00:00,158.0,171,158.0
2026-03-31 08:30:00+00:00,152.0,155,152.0
2026-03-31 09:00:00+00:00,143.0,158,143.0
2026-03-31 09:30:00+00:00,138.0,146,138.0
2026-03-31 10:00:00+00:00,128.0,137,128.0
2026-03-31 10:30:00+00:00,121.0,129,121.0
2026-03-31 11:00:00+00:00,114.0,110,114.0
2026-03-31 11:30:00+00:00,117.0,114,117.0
2026-03-31 12:00:00+00:00,119.0,112,119.0
2026-03-31 12:30:00+00:00,115.0,113,115.0
2026-03-31 13:00:00+00:00,117.0,118,117.0
2026-03-31 13:30:00+00:00,122.0,122,122.0
2026-03-31 14:00:00+00:00,132.0,130,132.0
2026-03-31 14:30:00+00:00,141.0,135,141.0
2026-03-31 15:00:00+00:00,151.0,148,151.0
2026-03-31 15:30:00+00:00,158.0,165,158.0
2026-03-31 16:00:00+00:00,170.0,177,170.0
2026-03-31 16:30:00+00:00,183.0,172,183.0
2026-03-31 17:00:00+00:00,193.0,186,193.0
2026-03-31 17:30:00+00:00,201.0,196,201.0
2026-03-31 18:00:00+00:00,203.0,208,203.0
2026-03-31 18:30:00+00:00,197.0,215,197.0
2026-03-31 19:00:00+00:00,194.0,212,194.0
2026-03-31 19:30:00+00:00,195.0,205,195.0
2026-03-31 20:00:00+00:00,195.0,198,195.0
2026-03-31 20:30:00+00:00,194.0,196,194.0
2026-03-31 21:00:00+00:00,186.0,190,186.0
2026-03-31 21:30:00+00:00,173.0,183,173.0
2026-03-31 22:00:00+00:00,171.0,182,171.0
2026-03-31 22:30:00+00:00,170.0,165,170.0
2026-03-31 23:00:00+00:00,170.0,164,170.0
2026-03-31 23:30:00+00:00,166.0,167,166.0
2026-04-01 00:00:00+00:00,165.0,169,165.0
2026-04-01 00:30:00+00:00,166.0,170,166.0
2026-04-01 01:00:00+00:00,163.0,166,163.0
2026-04-01 01:30:00+00:00,164.0,161,164.0
2026-04-01 02:00:00+00:00,169.0,159,169.0
2026-04-01 02:30:00+00:00,170.0,151,170.0
2026-04-01 03:00:00+00:00,169.0,149,169.0
2026-04-01 03:30:00+00:00,177.0,147,177.0
2026-04-01 04:00:00+00:00,180.0,147,180.0
2026-04-01 04:30:00+00:00,182.0,154,182.0
2026-04-01 05:00:00+00:00,189.0,164,189.0
2026-04-01 05:30:00+00:00,186.0,186,186.0
2026-04-01 06:00:00+00:00,184.0,196,184.0
2026-04-01 06:30:00+00:00,177.0,196,177.0
2026-04-01 07:00:00+00:00,176.0,192,176.0
2026-04-01 07:30:00+00:00,168.0,188,168.0
2026-04-01 08:00:00+00:00,157.0,184,157.0
2026-04-01 08:30:00+00:00,149.0,177,149.0
2026-04-01 09:00:00+00:00,144.0,169,144.0
2026-04-01 09:30:00+00:00,140.0,157,140.0
2026-04-01 10:00:00+00:00,136.0,146,136.0
2026-04-01 10:30:00+00:00,133.0,133,133.0
2026-04-01 11:00:00+00:00,133.0,121,133.0
2026-04-01 11:30:00+00:00,131.0,110,131.0
2026-04-01 12:00:00+00:00,132.0,111,132.0
2026-04-01 12:30:00+00:00,134.0,107,134.0
2026-04-01 13:00:00+00:00,132.0,109,132.0
2026-04-01 13:30:00+00:00,131.0,107,131.0
2026-04-01 14:00:00+00:00,131.0,107,131.0
2026-04-01 14:30:00+00:00,135.0,111,135.0
2026-04-01 15:00:00+00:00,138.0,117,138.0
2026-04-01 15:30:00+00:00,148.0,131,148.0
2026-04-01 16:00:00+00:00,156.0,151,156.0
2026-04-01 16:30:00+00:00,170.0,152,170.0
2026-04-01 17:00:00+00:00,176.0,156,176.0
2026-04-01 17:30:00+00:00,174.0,154,174.0
2026-04-01 18:00:00+00:00,176.0,175,176.0
2026-04-01 18:30:00+00:00,171.0,174,171.0
2026-04-01 19:00:00+00:00,166.0,173,166.0
2026-04-01 19:30:00+00:00,167.0,169,167.0
2026-04-01 20:00:00+00:00,163.0,166,163.0
2026-04-01 20:30:00+00:00,161.0,150,161.0
2026-04-01 21:00:00+00:00,156.0,141,156.0
2026-04-01 21:30:00+00:00,142.0,153,142.0
2026-04-01 22:00:00+00:00,146.0,149,146.0
2026-04-01 22:30:00+00:00,148.0,149,148.0
2026-04-01 23:00:00+00:00,145.0,151,145.0
2026-04-01 23:30:00+00:00,144.0,153,144.0
2026-04-02 00:00:00+00:00,147.0,140,147.0
2026-04-02 00:30:00+00:00,141.0,157,141.0
2026-04-02 01:00:00+00:00,134.0,162,134.0
2026-04-02 01:30:00+00:00,123.0,146,123.0
2026-04-02 02:00:00+00:00,124.0,143,124.0
2026-04-02 02:30:00+00:00,130.0,131,130.0
2026-04-02 03:00:00+00:00,133.0,128,133.0
2026-04-02 03:30:00+00:00,138.0,134,138.0
2026-04-02 04:00:00+00:00,140.0,135,140.0
2026-04-02 04:30:00+00:00,154.0,146,154.0
2026-04-02 05:00:00+00:00,160.0,152,160.0
2026-04-02 05:30:00+00:00,163.0,167,163.0
2026-04-02 06:00:00+00:00,163.0,173,163.0
2026-04-02 06:30:00+00:00,144.0,167,144.0
2026-04-02 07:00:00+00:00,139.0,166,139.0
2026-04-02 07:30:00+00:00,131.0,144,131.0
2026-04-02 08:00:00+00:00,125.0,139,125.0
2026-04-02 08:30:00+00:00,118.0,134,118.0
2026-04-02 09:00:00+00:00,113.0,129,113.0
2026-04-02 09:30:00+00:00,106.0,122,106.0
2026-04-02 10:00:00+00:00,101.0,114,101.0
2026-04-02 10:30:00+00:00,102.0,109,102.0
2026-04-02 11:00:00+00:00,94.0,106,94.0
2026-04-02 11:30:00+00:00,92.0,102,92.0
2026-04-02 12:00:00+00:00,84.0,107,84.0
2026-04-02 12:30:00+00:00,84.0,95,84.0
2026-04-02 13:00:00+00:00,78.0,93,78.0
2026-04-02 13:30:00+00:00,73.0,87,73.0
2026-04-02 14:00:00+00:00,74.0,87,74.0
2026-04-02 14:30:00+00:00,81.0,81,81.0
2026-04-02 15:00:00+00:00,90.0,92,90.0
2026-04-02 15:30:00+00:00,111.0,106,111.0
2026-04-02 16:00:00+00:00,126.0,113,126.0
2026-04-02 16:30:00+00:00,139.0,132,139.0
2026-04-02 17:00:00+00:00,146.0,143,146.0
2026-04-02 17:30:00+00:00,158.0,149,158.0
2026-04-02 18:00:00+00:00,159.0,146,159.0
2026-04-02 18:30:00+00:00,152.0,142,152.0
2026-04-02 19:00:00+00:00,149.0,134,149.0
2026-04-02 19:30:00+00:00,153.0,138,153.0
2026-04-02 20:00:00+00:00,144.0,125,144.0
2026-04-02 20:30:00+00:00,146.0,143,146.0
2026-04-02 21:00:00+00:00,129.0,130,129.0
2026-04-02 21:30:00+00:00,112.0,140,112.0
2026-04-02 22:00:00+00:00,103.0,135,103.0
2026-04-02 22:30:00+00:00,94.0,110,94.0
2026-04-02 23:00:00+00:00,90.0,105,90.0
2026-04-02 23:30:00+00:00,88.0,97,88.0
2026-04-03 00:00:00+00:00,85.0,92,85.0
2026-04-03 00:30:00+00:00,83.0,91,83.0
2026-04-03 01:00:00+00:00,79.0,93,79.0
2026-04-03 01:30:00+00:00,82.0,86,82.0
2026-04-03 02:00:00+00:00,82.0,81,82.0
2026-04-03 02:30:00+00:00,71.0,83,71.0
2026-04-03 03:00:00+00:00,66.0,82,66.0
2026-04-03 03:30:00+00:00,64.0,73,64.0
2026-04-03 04:00:00+00:00,65.0,68,65.0
2026-04-03 04:30:00+00:00,72.0,63,72.0
2026-04-03 05:00:00+00:00,72.0,63,72.0
2026-04-03 05:30:00+00:00,73.0,60,73.0
2026-04-03 06:00:00+00:00,75.0,64,75.0
2026-04-03 06:30:00+00:00,61.0,60,61.0
2026-04-03 07:00:00+00:00,59.0,61,59.0
2026-04-03 07:30:00+00:00,60.0,61,60.0
2026-04-03 08:00:00+00:00,59.0,60,59.0
2026-04-03 08:30:00+00:00,60.0,63,60.0
2026-04-03 09:00:00+00:00,59.0,61,59.0
2026-04-03 09:30:00+00:00,56.0,60,56.0
2026-04-03 10:00:00+00:00,52.0,59,52.0
2026-04-03 10:30:00+00:00,49.0,58,49.0
2026-04-03 11:00:00+00:00,49.0,59,49.0
2026-04-03 11:30:00+00:00,48.0,58,48.0
2026-04-03 12:00:00+00:00,42.0,55,42.0
2026-04-03 12:30:00+00:00,42.0,56,42.0
2026-04-03 13:00:00+00:00,41.0,57,41.0
2026-04-03 13:30:00+00:00,32.0,57,32.0
2026-04-03 14:00:00+00:00,31.0,59,31.0
2026-04-03 14:30:00+00:00,33.0,60,33.0
2026-04-03 15:00:00+00:00,37.0,62,37.0
2026-04-03 15:30:00+00:00,45.0,65,45.0
2026-04-03 16:00:00+00:00,48.0,27,48.0
2026-04-03 16:30:00+00:00,48.0,30,48.0
2026-04-03 17:00:00+00:00,55.0,35,55.0
2026-04-03 17:30:00+00:00,49.0,37,49.0
2026-04-03 18:00:00+00:00,49.0,43,49.0
2026-04-03 18:30:00+00:00,49.0,40,49.0
2026-04-03 19:00:00+00:00,49.0,44,49.0
2026-04-03 19:30:00+00:00,48.0,42,48.0
2026-04-03 20:00:00+00:00,49.0,44,49.0
2026-04-03 20:30:00+00:00,62.0,51,62.0
2026-04-03 21:00:00+00:00,59.0,50,59.0
2026-04-03 21:30:00+00:00,48.0,58,48.0
2026-04-03 22:00:00+00:00,47.0,69,47.0
2026-04-03 22:30:00+00:00,51.0,54,51.0
2026-04-03 23:00:00+00:00,52.0,56,52.0
2026-04-03 23:30:00+00:00,58.0,53,58.0
2026-04-04 00:00:00+00:00,62.0,52,62.0
2026-04-04 00:30:00+00:00,55.0,54,55.0
2026-04-04 01:00:00+00:00,54.0,60,54.0
2026-04-04 01:30:00+00:00,50.0,53,50.0
2026-04-04 02:00:00+00:00,52.0,52,52.0
2026-04-04 02:30:00+00:00,56.0,54,56.0
2026-04-04 03:00:00+00:00,59.0,57,59.0
2026-04-04 03:30:00+00:00,67.0,58,67.0
2026-04-04 04:00:00+00:00,64.0,63,64.0
2026-04-04 04:30:00+00:00,66.0,66,66.0
2026-04-04 05:00:00+00:00,75.0,68,75.0
2026-04-04 05:30:00+00:00,76.0,64,76.0
2026-04-04 06:00:00+00:00,90.0,70,90.0
2026-04-04 06:30:00+00:00,101.0,78,101.0
2026-04-04 07:00:00+00:00,104.0,81,104.0
2026-04-04 07:30:00+00:00,105.0,103,105.0
2026-04-04 08:00:00+00:00,101.0,96,101.0
2026-04-04 08:30:00+00:00,99.0,106,99.0
2026-04-04 09:00:00+00:00,94.0,98,94.0
2026-04-04 09:30:00+00:00,93.0,98,93.0
2026-04-04 10:00:00+00:00,81.0,83,81.0
2026-04-04 10:30:00+00:00,66.0,86,66.0
2026-04-04 11:00:00+00:00,57.0,66,57.0
2026-04-04 11:30:00+00:00,52.0,56,52.0
2026-04-04 12:00:00+00:00,46.0,56,46.0
2026-04-04 12:30:00+00:00,42.0,40,42.0
2026-04-04 13:00:00+00:00,41.0,40,41.0
2026-04-04 13:30:00+00:00,37.0,40,37.0
2026-04-04 14:00:00+00:00,39.0,33,39.0
2026-04-04 14:30:00+00:00,41.0,24,41.0
2026-04-04 15:00:00+00:00,47.0,34,47.0
2026-04-04 15:30:00+00:00,59.0,31,59.0
2026-04-04 16:00:00+00:00,68.0,40,68.0
2026-04-04 16:30:00+00:00,72.0,46,72.0
2026-04-04 17:00:00+00:00,74.0,63,74.0
2026-04-04 17:30:00+00:00,77.0,58,77.0
2026-04-04 18:00:00+00:00,77.0,60,77.0
2026-04-04 18:30:00+00:00,74.0,65,74.0
2026-04-04 19:00:00+00:00,74.0,67,74.0
2026-04-04 19:30:00+00:00,68.0,66,68.0
2026-04-04 20:00:00+00:00,62.0,68,62.0
2026-04-04 20:30:00+00:00,59.0,69,59.0
2026-04-04 21:00:00+00:00,52.0,58,52.0
2026-04-04 21:30:00+00:00,54.0,55,54.0
2026-04-04 22:00:00+00:00,59.0,46,59.0
2026-04-04 22:30:00+00:00,59.0,48,59.0
2026-04-04 23:00:00+00:00,55.0,45,55.0
2026-04-04 23:30:00+00:00,50.0,45,50.0
2026-04-05 00:00:00+00:00,49.0,44,49.0
2026-04-05 00:30:00+00:00,47.0,43,47.0
2026-04-05 01:00:00+00:00,46.0,42,46.0
2026-04-05 01:30:00+00:00,45.0,41,45.0
2026-04-05 02:00:00+00:00,45.0,38,45.0
2026-04-05 02:30:00+00:00,53.0,46,53.0
2026-04-05 03:00:00+00:00,48.0,44,48.0
2026-04-05 03:30:00+00:00,42.0,39,42.0
2026-04-05 04:00:00+00:00,44.0,40,44.0
2026-04-05 04:30:00+00:00,45.0,38,45.0
2026-04-05 05:00:00+00:00,49.0,39,49.0
2026-04-05 05:30:00+00:00,49.0,40,49.0
2026-04-05 06:00:00+00:00,51.0,40,51.0
2026-04-05 06:30:00+00:00,50.0,46,50.0
2026-04-05 07:00:00+00:00,48.0,45,48.0
2026-04-05 07:30:00+00:00,49.0,45,49.0
2026-04-05 08:00:00+00:00,42.0,49,42.0
2026-04-05 08:30:00+00:00,41.0,50,41.0
2026-04-05 09:00:00+00:00,40.0,44,40.0
2026-04-05 09:30:00+00:00,43.0,39,43.0
2026-04-05 10:00:00+00:00,40.0,36,40.0
2026-04-05 10:30:00+00:00,33.0,34,33.0
2026-04-05 11:00:00+00:00,31.0,42,31.0
2026-04-05 11:30:00+00:00,37.0,30,37.0
2026-04-05 12:00:00+00:00,37.0,25,37.0
2026-04-05 12:30:00+00:00,32.0,28,32.0
2026-04-05 13:00:00+00:00,33.0,37,33.0
2026-04-05 13:30:00+00:00,35.0,25,35.0
2026-04-05 14:00:00+00:00,36.0,29,36.0
2026-04-05 14:30:00+00:00,38.0,28,38.0
2026-04-05 15:00:00+00:00,37.0,32,37.0
2026-04-05 15:30:00+00:00,40.0,34,40.0
2026-04-05 16:00:00+00:00,44.0,37,44.0
2026-04-05 16:30:00+00:00,48.0,41,48.0
2026-04-05 17:00:00+00:00,60.0,48,60.0
2026-04-05 17:30:00+00:00,64.0,46,64.0
2026-04-05 18:00:00+00:00,75.0,50,75.0
2026-04-05 18:30:00+00:00,82.0,56,82.0
2026-04-05 19:00:00+00:00,80.0,64,80.0
2026-04-05 19:30:00+00:00,76.0,70,76.0
2026-04-05 20:00:00+00:00,77.0,78,77.0
2026-04-05 20:30:00+00:00,79.0,72,79.0
2026-04-05 21:00:00+00:00,77.0,77,77.0
2026-04-05 21:30:00+00:00,71.0,77,71.0
2026-04-05 22:00:00+00:00,71.0,78,71.0
2026-04-05 22:30:00+00:00,70.0,74,70.0
2026-04-05 23:00:00+00:00,73.0,69,73.0
2026-04-05 23:30:00+00:00,78.0,69,78.0
2026-04-06 00:00:00+00:00,80.0,84,80.0
2026-04-06 00:30:00+00:00,83.0,81,83.0
2026-04-06 01:00:00+00:00,80.0,81,80.0
2026-04-06 01:30:00+00:00,72.0,81,72.0
2026-04-06 02:00:00+00:00,74.0,85,74.0
2026-04-06 02:30:00+00:00,84.0,99,84.0
2026-04-06 03:00:00+00:00,95.0,74,95.0
2026-04-06 03:30:00+00:00,96.0,88,96.0
2026-04-06 04:00:00+00:00,101.0,96,101.0
2026-04-06 04:30:00+00:00,103.0,97,103.0
2026-04-06 05:00:00+00:00,113.0,96,113.0
2026-04-06 05:30:00+00:00,121.0,102,121.0
2026-04-06 06:00:00+00:00,120.0,111,120.0
2026-04-06 06:30:00+00:00,122.0,114,122.0
2026-04-06 07:00:00+00:00,116.0,114,116.0
2026-04-06 07:30:00+00:00,98.0,123,98.0
2026-04-06 08:00:00+00:00,86.0,115,86.0
2026-04-06 08:30:00+00:00,75.0,95,75.0
2026-04-06 09:00:00+00:00,63.0,76,63.0
2026-04-06 09:30:00+00:00,60.0,66,60.0
2026-04-06 10:00:00+00:00,55.0,63,55.0
2026-04-06 10:30:00+00:00,53.0,50,53.0
2026-04-06 11:00:00+00:00,51.0,49,51.0
2026-04-06 11:30:00+00:00,50.0,46,50.0
2026-04-06 12:00:00+00:00,50.0,46,50.0
2026-04-06 12:30:00+00:00,52.0,45,52.0
2026-04-06 13:00:00+00:00,51.0,46,51.0
2026-04-06 13:30:00+00:00,49.0,39,49.0
2026-04-06 14:00:00+00:00,45.0,53,45.0
2026-04-06 14:30:00+00:00,52.0,42,52.0
2026-04-06 15:00:00+00:00,57.0,37,57.0
2026-04-06 15:30:00+00:00,60.0,44,60.0
2026-04-06 16:00:00+00:00,69.0,44,69.0
2026-04-06 16:30:00+00:00,71.0,60,71.0
2026-04-06 17:00:00+00:00,81.0,65,81.0
2026-04-06 17:30:00+00:00,95.0,70,95.0
2026-04-06 18:00:00+00:00,102.0,74,102.0
2026-04-06 18:30:00+00:00,97.0,82,97.0
2026-04-06 19:00:00+00:00,88.0,84,88.0
2026-04-06 19:30:00+00:00,82.0,72,82.0
2026-04-06 20:00:00+00:00,71.0,74,71.0
2026-04-06 20:30:00+00:00,62.0,76,62.0
2026-04-06 21:00:00+00:00,64.0,75,64.0
2026-04-06 21:30:00+00:00,60.0,60,60.0
2026-04-06 22:00:00+00:00,57.0,62,57.0
2026-04-06 22:30:00+00:00,59.0,62,59.0
2026-04-06 23:00:00+00:00,56.0,56,56.0
2026-04-06 23:30:00+00:00,56.0,56,56.0
2026-04-07 00:00:00+00:00,56.0,60,56.0
2026-04-07 00:30:00+00:00,56.0,52,56.0
2026-04-07 01:00:00+00:00,57.0,57,57.0
2026-04-07 01:30:00+00:00,57.0,55,57.0
2026-04-07 02:00:00+00:00,55.0,59,55.0
2026-04-07 02:30:00+00:00,56.0,56,56.0
2026-04-07 03:00:00+00:00,57.0,57,57.0
2026-04-07 03:30:00+00:00,61.0,58,61.0
2026-04-07 04:00:00+00:00,63.0,52,63.0
2026-04-07 04:30:00+00:00,78.0,58,78.0
2026-04-07 05:00:00+00:00,81.0,59,81.0
2026-04-07 05:30:00+00:00,76.0,61,76.0
2026-04-07 06:00:00+00:00,76.0,64,76.0
2026-04-07 06:30:00+00:00,70.0,65,70.0
2026-04-07 07:00:00+00:00,59.0,62,59.0
2026-04-07 07:30:00+00:00,53.0,62,53.0
2026-04-07 08:00:00+00:00,47.0,51,47.0
2026-04-07 08:30:00+00:00,42.0,49,42.0
2026-04-07 09:00:00+00:00,37.0,45,37.0
2026-04-07 09:30:00+00:00,35.0,35,35.0
2026-04-07 10:00:00+00:00,33.0,41,33.0
2026-04-07 10:30:00+00:00,31.0,28,31.0
2026-04-07 11:00:00+00:00,29.0,26,29.0
2026-04-07 11:30:00+00:00,25.0,25,25.0
2026-04-07 12:00:00+00:00,23.0,23,23.0
2026-04-07 12:30:00+00:00,21.0,19,21.0
2026-04-07 13:00:00+00:00,20.0,20,20.0
2026-04-07 13:30:00+00:00,27.0,18,27.0
2026-04-07 14:00:00+00:00,28.0,18,28.0
2026-04-07 14:30:00+00:00,31.0,19,31.0
2026-04-07 15:00:00+00:00,43.0,23,43.0
2026-04-07 15:30:00+00:00,50.0,28,50.0
2026-04-07 16:00:00+00:00,63.0,40,63.0
2026-04-07 16:30:00+00:00,77.0,53,77.0
2026-04-07 17:00:00+00:00,84.0,55,84.0
2026-04-07 17:30:00+00:00,88.0,69,88.0
2026-04-07 18:00:00+00:00,92.0,78,92.0
2026-04-07 18:30:00+00:00,85.0,80,85.0
2026-04-07 19:00:00+00:00,84.0,80,84.0
2026-04-07 19:30:00+00:00,87.0,81,87.0
2026-04-07 20:00:00+00:00,72.0,83,72.0
2026-04-07 20:30:00+00:00,69.0,88,69.0
2026-04-07 21:00:00+00:00,68.0,90,68.0
2026-04-07 21:30:00+00:00,74.0,71,74.0
2026-04-07 22:00:00+00:00,73.0,74,73.0
2026-04-07 22:30:00+00:00,71.0,74,71.0
2026-04-07 23:00:00+00:00,71.0,79,71.0
2026-04-07 23:30:00+00:00,74.0,77,74.0
2026-04-08 00:00:00+00:00,75.0,76,75.0
2026-04-08 00:30:00+00:00,73.0,78,73.0
2026-04-08 01:00:00+00:00,71.0,79,71.0
2026-04-08 01:30:00+00:00,79.0,76,79.0
2026-04-08 02:00:00+00:00,87.0,74,87.0
2026-04-08 02:30:00+00:00,95.0,78,95.0
2026-04-08 03:00:00+00:00,103.0,87,103.0
2026-04-08 03:30:00+00:00,132.0,99,132.0
2026-04-08 04:00:00+00:00,136.0,104,136.0
2026-04-08 04:30:00+00:00,142.0,140,142.0
2026-04-08 05:00:00+00:00,153.0,157,153.0
2026-04-08 05:30:00+00:00,162.0,158,162.0
2026-04-08 06:00:00+00:00,161.0,180,161.0
2026-04-08 06:30:00+00:00,154.0,184,154.0
2026-04-08 07:00:00+00:00,147.0,167,147.0
2026-04-08 07:30:00+00:00,142.0,158,142.0
2026-04-08 08:00:00+00:00,130.0,140,130.0
2026-04-08 08:30:00+00:00,113.0,128,113.0
2026-04-08 09:00:00+00:00,101.0,131,101.0
2026-04-08 09:30:00+00:00,92.0,124,92.0
2026-04-08 10:00:00+00:00,84.0,120,84.0
2026-04-08 10:30:00+00:00,83.0,90,83.0
2026-04-08 11:00:00+00:00,74.0,82,74.0
2026-04-08 11:30:00+00:00,67.0,81,67.0
2026-04-08 12:00:00+00:00,69.0,77,69.0
2026-04-08 12:30:00+00:00,73.0,71,73.0
2026-04-08 13:00:00+00:00,73.0,70,73.0
2026-04-08 13:30:00+00:00,77.0,75,77.0
2026-04-08 14:00:00+00:00,85.0,76,85.0
2026-04-08 14:30:00+00:00,101.0,86,101.0
2026-04-08 15:00:00+00:00,116.0,90,116.0
2026-04-08 15:30:00+00:00,127.0,100,127.0
2026-04-08 16:00:00+00:00,141.0,113,141.0
2026-04-08 16:30:00+00:00,150.0,141,150.0
2026-04-08 17:00:00+00:00,157.0,165,157.0
2026-04-08 17:30:00+00:00,160.0,165,160.0
2026-04-08 18:00:00+00:00,165.0,164,165.0
2026-04-08 18:30:00+00:00,167.0,173,167.0
2026-04-08 19:00:00+00:00,163.0,174,163.0
2026-04-08 19:30:00+00:00,163.0,171,163.0
2026-04-08 20:00:00+00:00,159.0,166,159.0
2026-04-08 20:30:00+00:00,148.0,168,148.0
2026-04-08 21:00:00+00:00,128.0,153,128.0
2026-04-08 21:30:00+00:00,117.0,144,117.0
2026-04-08 22:00:00+00:00,110.0,124,110.0
2026-04-08 22:30:00+00:00,113.0,118,113.0
2026-04-08 23:00:00+00:00,113.0,120,113.0
2026-04-08 23:30:00+00:00,113.0,117,113.0
2026-04-09 00:00:00+00:00,112.0,119,112.0
2026-04-09 00:30:00+00:00,113.0,116,113.0
2026-04-09 01:00:00+00:00,109.0,118,109.0
2026-04-09 01:30:00+00:00,112.0,117,112.0
2026-04-09 02:00:00+00:00,112.0,117,112.0
2026-04-09 02:30:00+00:00,113.0,115,113.0
2026-04-09 03:00:00+00:00,115.0,112,115.0
2026-04-09 03:30:00+00:00,123.0,113,123.0
2026-04-09 04:00:00+00:00,131.0,111,131.0
2026-04-09 04:30:00+00:00,132.0,126,132.0
2026-04-09 05:00:00+00:00,135.0,139,135.0
2026-04-09 05:30:00+00:00,131.0,157,131.0
2026-04-09 06:00:00+00:00,136.0,128,136.0
2026-04-09 06:30:00+00:00,139.0,135,139.0
2026-04-09 07:00:00+00:00,131.0,134,131.0
2026-04-09 07:30:00+00:00,109.0,135,109.0
2026-04-09 08:00:00+00:00,98.0,130,98.0
2026-04-09 08:30:00+00:00,94.0,105,94.0
2026-04-09 09:00:00+00:00,92.0,94,92.0
2026-04-09 09:30:00+00:00,85.0,88,85.0
2026-04-09 10:00:00+00:00,77.0,84,77.0
2026-04-09 10:30:00+00:00,70.0,75,70.0
2026-04-09 11:00:00+00:00,66.0,68,66.0
2026-04-09 11:30:00+00:00,63.0,64,63.0
2026-04-09 12:00:00+00:00,57.0,59,57.0
2026-04-09 12:30:00+00:00,61.0,58,61.0
2026-04-09 13:00:00+00:00,60.0,47,60.0
2026-04-09 13:30:00+00:00,59.0,47,59.0
2026-04-09 14:00:00+00:00,56.0,56,56.0
2026-04-09 14:30:00+00:00,56.0,53,56.0
2026-04-09 15:00:00+00:00,55.0,46,55.0
2026-04-09 15:30:00+00:00,54.0,44,54.0
2026-04-09 16:00:00+00:00,61.0,44,61.0
2026-04-09 16:30:00+00:00,63.0,45,63.0
2026-04-09 17:00:00+00:00,68.0,51,68.0
2026-04-09 17:30:00+00:00,65.0,55,65.0
2026-04-09 18:00:00+00:00,70.0,57,70.0
2026-04-09 18:30:00+00:00,69.0,58,69.0
2026-04-09 19:00:00+00:00,62.0,61,62.0
2026-04-09 19:30:00+00:00,52.0,56,52.0
2026-04-09 20:00:00+00:00,47.0,52,47.0
2026-04-09 20:30:00+00:00,42.0,42,42.0
2026-04-09 21:00:00+00:00,43.0,43,43.0
2026-04-09 21:30:00+00:00,45.0,41,45.0
2026-04-09 22:00:00+00:00,44.0,38,44.0
2026-04-09 22:30:00+00:00,44.0,40,44.0
2026-04-09 23:00:00+00:00,43.0,38,43.0
2026-04-09 23:30:00+00:00,43.0,39,43.0
2026-04-10 00:00:00+00:00,43.0,44,43.0
2026-04-10 00:30:00+00:00,36.0,48,36.0
2026-04-10 01:00:00+00:00,34.0,51,34.0
2026-04-10 01:30:00+00:00,33.0,37,33.0
2026-04-10 02:00:00+00:00,35.0,33,35.0
2026-04-10 02:30:00+00:00,34.0,32,34.0
2026-04-10 03:00:00+00:00,36.0,35,36.0
2026-04-10 03:30:00+00:00,47.0,34,47.0
2026-04-10 04:00:00+00:00,58.0,36,58.0
2026-04-10 04:30:00+00:00,80.0,45,80.0
2026-04-10 05:00:00+00:00,97.0,54,97.0
2026-04-10 05:30:00+00:00,116.0,81,116.0
2026-04-10 06:00:00+00:00,122.0,107,122.0
2026-04-10 06:30:00+00:00,125.0,137,125.0
2026-04-10 07:00:00+00:00,123.0,150,123.0
2026-04-10 07:30:00+00:00,121.0,130,121.0
2026-04-10 08:00:00+00:00,114.0,125,114.0
2026-04-10 08:30:00+00:00,118.0,127,118.0
2026-04-10 09:00:00+00:00,114.0,119,114.0
2026-04-10 09:30:00+00:00,110.0,118,110.0
2026-04-10 10:00:00+00:00,109.0,120,109.0
2026-04-10 10:30:00+00:00,104.0,124,104.0
2026-04-10 11:00:00+00:00,98.0,108,98.0
2026-04-10 11:30:00+00:00,90.0,100,90.0
2026-04-10 12:00:00+00:00,89.0,95,89.0
2026-04-10 12:30:00+00:00,90.0,97,90.0
2026-04-10 13:00:00+00:00,91.0,96,91.0
2026-04-10 13:30:00+00:00,95.0,94,95.0
2026-04-10 14:00:00+00:00,97.0,80,97.0
2026-04-10 14:30:00+00:00,94.0,76,94.0
2026-04-10 15:00:00+00:00,97.0,102,97.0
2026-04-10 15:30:00+00:00,115.0,105,115.0
2026-04-10 16:00:00+00:00,122.0,99,122.0
2026-04-10 16:30:00+00:00,126.0,93,126.0
2026-04-10 17:00:00+00:00,124.0,81,124.0
2026-04-10 17:30:00+00:00,122.0,123,122.0
2026-04-10 18:00:00+00:00,121.0,119,121.0
2026-04-10 18:30:00+00:00,118.0,119,118.0
2026-04-10 19:00:00+00:00,115.0,118,115.0
2026-04-10 19:30:00+00:00,105.0,109,105.0
2026-04-10 20:00:00+00:00,91.0,113,91.0
2026-04-10 20:30:00+00:00,90.0,103,90.0
2026-04-10 21:00:00+00:00,80.0,91,80.0
2026-04-10 21:30:00+00:00,80.0,86,80.0
2026-04-10 22:00:00+00:00,71.0,83,71.0
2026-04-10 22:30:00+00:00,69.0,75,69.0
2026-04-10 23:00:00+00:00,71.0,70,71.0
2026-04-10 23:30:00+00:00,70.0,69,70.0
2026-04-11 00:00:00+00:00,71.0,69,71.0
2026-04-11 00:30:00+00:00,63.0,71,63.0
2026-04-11 01:00:00+00:00,51.0,67,51.0
2026-04-11 01:30:00+00:00,46.0,61,46.0
2026-04-11 02:00:00+00:00,44.0,52,44.0
2026-04-11 02:30:00+00:00,45.0,45,45.0
2026-04-11 03:00:00+00:00,46.0,46,46.0
2026-04-11 03:30:00+00:00,45.0,45,45.0
2026-04-11 04:00:00+00:00,45.0,50,45.0
2026-04-11 04:30:00+00:00,47.0,51,47.0
2026-04-11 05:00:00+00:00,48.0,51,48.0
2026-04-11 05:30:00+00:00,54.0,43,54.0
2026-04-11 06:00:00+00:00,55.0,42,55.0
2026-04-11 06:30:00+00:00,55.0,45,55.0
2026-04-11 07:00:00+00:00,53.0,46,53.0
2026-04-11 07:30:00+00:00,49.0,44,49.0
2026-04-11 08:00:00+00:00,46.0,41,46.0
2026-04-11 08:30:00+00:00,44.0,43,44.0
2026-04-11 09:00:00+00:00,40.0,37,40.0
2026-04-11 09:30:00+00:00,39.0,29,39.0
2026-04-11 10:00:00+00:00,38.0,26,38.0
2026-04-11 10:30:00+00:00,39.0,29,39.0
2026-04-11 11:00:00+00:00,38.0,27,38.0
2026-04-11 11:30:00+00:00,37.0,30,37.0
2026-04-11 12:00:00+00:00,40.0,27,40.0
2026-04-11 12:30:00+00:00,41.0,27,41.0
2026-04-11 13:00:00+00:00,43.0,25,43.0
2026-04-11 13:30:00+00:00,42.0,26,42.0
2026-04-11 14:00:00+00:00,41.0,30,41.0
2026-04-11 14:30:00+00:00,42.0,32,42.0
2026-04-11 15:00:00+00:00,45.0,35,45.0
2026-04-11 15:30:00+00:00,45.0,38,45.0
2026-04-11 16:00:00+00:00,47.0,40,47.0
2026-04-11 16:30:00+00:00,54.0,45,54.0
2026-04-11 17:00:00+00:00,62.0,50,62.0
2026-04-11 17:30:00+00:00,71.0,52,71.0
2026-04-11 18:00:00+00:00,75.0,54,75.0
2026-04-11 18:30:00+00:00,79.0,68,79.0
2026-04-11 19:00:00+00:00,75.0,67,75.0
2026-04-11 19:30:00+00:00,70.0,70,70.0
2026-04-11 20:00:00+00:00,65.0,67,65.0
2026-04-11 20:30:00+00:00,67.0,64,67.0
2026-04-11 21:00:00+00:00,66.0,70,66.0
2026-04-11 21:30:00+00:00,67.0,65,67.0
2026-04-11 22:00:00+00:00,70.0,68,70.0
2026-04-11 22:30:00+00:00,70.0,63,70.0
2026-04-11 23:00:00+00:00,63.0,61,63.0
2026-04-11 23:30:00+00:00,60.0,60,60.0
2026-04-12 00:00:00+00:00,59.0,60,59.0
2026-04-12 00:30:00+00:00,61.0,58,61.0
2026-04-12 01:00:00+00:00,58.0,56,58.0
2026-04-12 01:30:00+00:00,52.0,54,52.0
2026-04-12 02:00:00+00:00,53.0,53,53.0
2026-04-12 02:30:00+00:00,53.0,52,53.0
2026-04-12 03:00:00+00:00,53.0,52,53.0
2026-04-12 03:30:00+00:00,57.0,51,57.0
2026-04-12 04:00:00+00:00,58.0,51,58.0
2026-04-12 04:30:00+00:00,52.0,50,52.0
2026-04-12 05:00:00+00:00,51.0,53,51.0
2026-04-12 05:30:00+00:00,56.0,47,56.0
2026-04-12 06:00:00+00:00,54.0,46,54.0
2026-04-12 06:30:00+00:00,47.0,50,47.0
2026-04-12 07:00:00+00:00,42.0,48,42.0
2026-04-12 07:30:00+00:00,47.0,43,47.0
2026-04-12 08:00:00+00:00,45.0,36,45.0
2026-04-12 08:30:00+00:00,56.0,41,56.0
2026-04-12 09:00:00+00:00,56.0,38,56.0
2026-04-12 09:30:00+00:00,53.0,50,53.0
2026-04-12 10:00:00+00:00,49.0,45,49.0
2026-04-12 10:30:00+00:00,41.0,42,41.0
2026-04-12 11:00:00+00:00,42.0,55,42.0
2026-04-12 11:30:00+00:00,40.0,40,40.0
2026-04-12 12:00:00+00:00,40.0,40,40.0
2026-04-12 12:30:00+00:00,41.0,38,41.0
2026-04-12 13:00:00+00:00,45.0,37,45.0
2026-04-12 13:30:00+00:00,47.0,42,47.0
2026-04-12 14:00:00+00:00,56.0,45,56.0
2026-04-12 14:30:00+00:00,64.0,47,64.0
2026-04-12 15:00:00+00:00,68.0,50,68.0
2026-04-12 15:30:00+00:00,83.0,60,83.0
2026-04-12 16:00:00+00:00,99.0,65,99.0
2026-04-12 16:30:00+00:00,118.0,85,118.0
2026-04-12 17:00:00+00:00,131.0,103,131.0
2026-04-12 17:30:00+00:00,138.0,120,138.0
2026-04-12 18:00:00+00:00,146.0,133,146.0
2026-04-12 18:30:00+00:00,146.0,139,146.0
2026-04-12 19:00:00+00:00,147.0,164,147.0
2026-04-12 19:30:00+00:00,138.0,144,138.0
2026-04-12 20:00:00+00:00,134.0,152,134.0
2026-04-12 20:30:00+00:00,139.0,139,139.0
2026-04-12 21:00:00+00:00,143.0,135,143.0
2026-04-12 21:30:00+00:00,145.0,146,145.0
2026-04-12 22:00:00+00:00,145.0,148,145.0
2026-04-12 22:30:00+00:00,144.0,146,144.0
2026-04-12 23:00:00+00:00,145.0,140,145.0
2026-04-12 23:30:00+00:00,140.0,152,140.0
2026-04-13 00:00:00+00:00,147.0,164,147.0
2026-04-13 00:30:00+00:00,143.0,147,143.0
2026-04-13 01:00:00+00:00,141.0,161,141.0
2026-04-13 01:30:00+00:00,143.0,152,143.0
2026-04-13 02:00:00+00:00,144.0,155,144.0
2026-04-13 02:30:00+00:00,149.0,141,149.0
2026-04-13 03:00:00+00:00,152.0,141,152.0
2026-04-13 03:30:00+00:00,161.0,145,161.0
2026-04-13 04:00:00+00:00,169.0,157,169.0
2026-04-13 04:30:00+00:00,180.0,176,180.0
2026-04-13 05:00:00+00:00,188.0,193,188.0
2026-04-13 05:30:00+00:00,201.0,195,201.0
2026-04-13 06:00:00+00:00,196.0,201,196.0
2026-04-13 06:30:00+00:00,180.0,206,180.0
2026-04-13 07:00:00+00:00,171.0,189,171.0
2026-04-13 07:30:00+00:00,162.0,173,162.0
2026-04-13 08:00:00+00:00,155.0,157,155.0
2026-04-13 08:30:00+00:00,145.0,153,145.0
2026-04-13 09:00:00+00:00,140.0,140,140.0
2026-04-13 09:30:00+00:00,134.0,140,134.0
2026-04-13 10:00:00+00:00,133.0,136,133.0
2026-04-13 10:30:00+00:00,130.0,138,130.0
2026-04-13 11:00:00+00:00,128.0,139,128.0
2026-04-13 11:30:00+00:00,123.0,132,123.0
2026-04-13 12:00:00+00:00,120.0,124,120.0
2026-04-13 12:30:00+00:00,116.0,120,116.0
2026-04-13 13:00:00+00:00,120.0,121,120.0
2026-04-13 13:30:00+00:00,118.0,123,118.0
2026-04-13 14:00:00+00:00,129.0,128,129.0
2026-04-13 14:30:00+00:00,136.0,130,136.0
2026-04-13 15:00:00+00:00,145.0,134,145.0
2026-04-13 15:30:00+00:00,158.0,149,158.0
2026-04-13 16:00:00+00:00,164.0,156,164.0
2026-04-13 16:30:00+00:00,174.0,171,174.0
2026-04-13 17:00:00+00:00,182.0,182,182.0
2026-04-13 17:30:00+00:00,186.0,185,186.0
2026-04-13 18:00:00+00:00,190.0,190,190.0
2026-04-13 18:30:00+00:00,190.0,198,190.0
2026-04-13 19:00:00+00:00,189.0,199,189.0
2026-04-13 19:30:00+00:00,187.0,189,187.0
2026-04-13 20:00:00+00:00,187.0,189,187.0
2026-04-13 20:30:00+00:00,189.0,190,189.0
2026-04-13 21:00:00+00:00,185.0,185,185.0
2026-04-13 21:30:00+00:00,177.0,175,177.0
2026-04-13 22:00:00+00:00,173.0,182,173.0
2026-04-13 22:30:00+00:00,177.0,179,177.0
2026-04-13 23:00:00+00:00,178.0,176,178.0
2026-04-13 23:30:00+00:00,177.0,177,177.0
2026-04-14 00:00:00+00:00,178.0,182,178.0
2026-04-14 00:30:00+00:00,179.0,188,179.0
2026-04-14 01:00:00+00:00,181.0,187,181.0
2026-04-14 01:30:00+00:00,182.0,180,182.0
2026-04-14 02:00:00+00:00,182.0,179,182.0
2026-04-14 02:30:00+00:00,186.0,189,186.0
2026-04-14 03:00:00+00:00,186.0,188,186.0
2026-04-14 03:30:00+00:00,188.0,194,188.0
2026-04-14 04:00:00+00:00,189.0,201,189.0
2026-04-14 04:30:00+00:00,197.0,206,197.0
2026-04-14 05:00:00+00:00,200.0,200,200.0
2026-04-14 05:30:00+00:00,191.0,208,191.0
2026-04-14 06:00:00+00:00,187.0,220,187.0
2026-04-14 06:30:00+00:00,173.0,202,173.0
2026-04-14 07:00:00+00:00,166.0,198,166.0
2026-04-14 07:30:00+00:00,157.0,176,157.0
2026-04-14 08:00:00+00:00,142.0,163,142.0
2026-04-14 08:30:00+00:00,126.0,156,126.0
2026-04-14 09:00:00+00:00,112.0,143,112.0
2026-04-14 09:30:00+00:00,96.0,120,96.0
2026-04-14 10:00:00+00:00,91.0,116,91.0
2026-04-14 10:30:00+00:00,86.0,103,86.0
2026-04-14 11:00:00+00:00,79.0,85,79.0
2026-04-14 11:30:00+00:00,77.0,83,77.0
2026-04-14 12:00:00+00:00,80.0,77,80.0
2026-04-14 12:30:00+00:00,84.0,68,84.0
2026-04-14 13:00:00+00:00,90.0,70,90.0
2026-04-14 13:30:00+00:00,91.0,74,91.0
2026-04-14 14:00:00+00:00,99.0,84,99.0
2026-04-14 14:30:00+00:00,107.0,89,107.0
2026-04-14 15:00:00+00:00,118.0,93,118.0
2026-04-14 15:30:00+00:00,126.0,103,126.0
2026-04-14 16:00:00+00:00,131.0,113,131.0
2026-04-14 16:30:00+00:00,136.0,137,136.0
2026-04-14 17:00:00+00:00,136.0,128,136.0
2026-04-14 17:30:00+00:00,140.0,120,140.0
2026-04-14 18:00:00+00:00,141.0,136,141.0
2026-04-14 18:30:00+00:00,144.0,132,144.0
2026-04-14 19:00:00+00:00,140.0,127,140.0
2026-04-14 19:30:00+00:00,142.0,134,142.0
2026-04-14 20:00:00+00:00,129.0,134,129.0
2026-04-14 20:30:00+00:00,117.0,135,117.0
2026-04-14 21:00:00+00:00,101.0,124,101.0
2026-04-14 21:30:00+00:00,78.0,112,78.0
2026-04-14 22:00:00+00:00,70.0,98,70.0
2026-04-14 22:30:00+00:00,75.0,78,75.0
2026-04-14 23:00:00+00:00,73.0,70,73.0
2026-04-14 23:30:00+00:00,73.0,69,73.0
2026-04-15 00:00:00+00:00,72.0,65,72.0
2026-04-15 00:30:00+00:00,68.0,69,68.0
2026-04-15 01:00:00+00:00,72.0,69,72.0
2026-04-15 01:30:00+00:00,75.0,65,75.0
2026-04-15 02:00:00+00:00,75.0,72,75.0
2026-04-15 02:30:00+00:00,76.0,71,76.0
2026-04-15 03:00:00+00:00,77.0,73,77.0
2026-04-15 03:30:00+00:00,76.0,73,76.0
2026-04-15 04:00:00+00:00,79.0,74,79.0
2026-04-15 04:30:00+00:00,91.0,75,91.0
2026-04-15 05:00:00+00:00,101.0,76,101.0
2026-04-15 05:30:00+00:00,111.0,83,111.0
2026-04-15 06:00:00+00:00,112.0,85,112.0
2026-04-15 06:30:00+00:00,90.0,95,90.0
2026-04-15 07:00:00+00:00,75.0,99,75.0
2026-04-15 07:30:00+00:00,75.0,75,75.0
2026-04-15 08:00:00+00:00,70.0,65,70.0
2026-04-15 08:30:00+00:00,66.0,67,66.0
2026-04-15 09:00:00+00:00,62.0,65,62.0
2026-04-15 09:30:00+00:00,60.0,82,60.0
2026-04-15 10:00:00+00:00,61.0,55,61.0
2026-04-15 10:30:00+00:00,60.0,55,60.0
2026-04-15 11:00:00+00:00,58.0,46,58.0
2026-04-15 11:30:00+00:00,57.0,45,57.0
2026-04-15 12:00:00+00:00,58.0,46,58.0
2026-04-15 12:30:00+00:00,65.0,54,65.0
2026-04-15 13:00:00+00:00,62.0,56,62.0
2026-04-15 13:30:00+00:00,59.0,63,59.0
2026-04-15 14:00:00+00:00,62.0,64,62.0
2026-04-15 14:30:00+00:00,63.0,67,63.0
2026-04-15 15:00:00+00:00,66.0,65,66.0
2026-04-15 15:30:00+00:00,68.0,66,68.0
2026-04-15 16:00:00+00:00,79.0,70,79.0
2026-04-15 16:30:00+00:00,84.0,68,84.0
2026-04-15 17:00:00+00:00,82.0,80,82.0
2026-04-15 17:30:00+00:00,88.0,83,88.0
2026-04-15 18:00:00+00:00,90.0,87,90.0
2026-04-15 18:30:00+00:00,95.0,85,95.0
2026-04-15 19:00:00+00:00,95.0,92,95.0
2026-04-15 19:30:00+00:00,87.0,96,87.0
2026-04-15 20:00:00+00:00,83.0,97,83.0
2026-04-15 20:30:00+00:00,77.0,93,77.0
2026-04-15 21:00:00+00:00,74.0,92,74.0
2026-04-15 21:30:00+00:00,75.0,80,75.0
2026-04-15 22:00:00+00:00,73.0,75,73.0
2026-04-15 22:30:00+00:00,76.0,76,76.0
2026-04-15 23:00:00+00:00,76.0,71,76.0
2026-04-15 23:30:00+00:00,74.0,72,74.0
2026-04-16 00:00:00+00:00,76.0,75,76.0
2026-04-16 00:30:00+00:00,70.0,73,70.0
2026-04-16 01:00:00+00:00,67.0,72,67.0
2026-04-16 01:30:00+00:00,67.0,68,67.0
2026-04-16 02:00:00+00:00,67.0,68,67.0
2026-04-16 02:30:00+00:00,71.0,67,71.0
2026-04-16 03:00:00+00:00,68.0,68,68.0
2026-04-16 03:30:00+00:00,80.0,71,80.0
2026-04-16 04:00:00+00:00,87.0,70,87.0
2026-04-16 04:30:00+00:00,96.0,72,96.0
2026-04-16 05:00:00+00:00,109.0,83,109.0
2026-04-16 05:30:00+00:00,105.0,97,105.0
2026-04-16 06:00:00+00:00,103.0,103,103.0
2026-04-16 06:30:00+00:00,86.0,99,86.0
2026-04-16 07:00:00+00:00,78.0,94,78.0
2026-04-16 07:30:00+00:00,73.0,81,73.0
2026-04-16 08:00:00+00:00,66.0,67,66.0
2026-04-16 08:30:00+00:00,67.0,65,67.0
2026-04-16 09:00:00+00:00,63.0,60,63.0
2026-04-16 09:30:00+00:00,64.0,58,64.0
2026-04-16 10:00:00+00:00,65.0,61,65.0
2026-04-16 10:30:00+00:00,63.0,59,63.0
2026-04-16 11:00:00+00:00,64.0,66,64.0
2026-04-16 11:30:00+00:00,64.0,62,64.0
2026-04-16 12:00:00+00:00,65.0,62,65.0
2026-04-16 12:30:00+00:00,66.0,64,66.0
2026-04-16 13:00:00+00:00,70.0,69,70.0
2026-04-16 13:30:00+00:00,73.0,64,73.0
2026-04-16 14:00:00+00:00,82.0,66,82.0
2026-04-16 14:30:00+00:00,92.0,75,92.0
2026-04-16 15:00:00+00:00,108.0,88,108.0
2026-04-16 15:30:00+00:00,123.0,118,123.0
2026-04-16 16:00:00+00:00,133.0,132,133.0
2026-04-16 16:30:00+00:00,133.0,141,133.0
2026-04-16 17:00:00+00:00,144.0,156,144.0
2026-04-16 17:30:00+00:00,148.0,145,148.0
2026-04-16 18:00:00+00:00,157.0,156,157.0
2026-04-16 18:30:00+00:00,164.0,152,164.0
2026-04-16 19:00:00+00:00,165.0,161,165.0
2026-04-16 19:30:00+00:00,166.0,160,166.0
2026-04-16 20:00:00+00:00,160.0,159,160.0
2026-04-16 20:30:00+00:00,156.0,162,156.0
2026-04-16 21:00:00+00:00,148.0,144,148.0
2026-04-16 21:30:00+00:00,129.0,147,129.0
2026-04-16 22:00:00+00:00,122.0,142,122.0
2026-04-16 22:30:00+00:00,115.0,127,115.0
2026-04-16 23:00:00+00:00,102.0,123,102.0
2026-04-16 23:30:00+00:00,92.0,115,92.0
2026-04-17 00:00:00+00:00,93.0,97,93.0
2026-04-17 00:30:00+00:00,96.0,93,96.0
2026-04-17 01:00:00+00:00,93.0,90,93.0
2026-04-17 01:30:00+00:00,96.0,94,96.0
2026-04-17 02:00:00+00:00,94.0,100,94.0
2026-04-17 02:30:00+00:00,98.0,93,98.0
2026-04-17 03:00:00+00:00,94.0,91,94.0
2026-04-17 03:30:00+00:00,101.0,90,101.0
2026-04-17 04:00:00+00:00,103.0,91,103.0
2026-04-17 04:30:00+00:00,106.0,97,106.0
2026-04-17 05:00:00+00:00,110.0,66,110.0
2026-04-17 05:30:00+00:00,98.0,105,98.0
2026-04-17 06:00:00+00:00,101.0,112,101.0
2026-04-17 06:30:00+00:00,97.0,93,97.0
2026-04-17 07:00:00+00:00,89.0,97,89.0
2026-04-17 07:30:00+00:00,77.0,92,77.0
2026-04-17 08:00:00+00:00,67.0,83,67.0
2026-04-17 08:30:00+00:00,68.0,71,68.0
2026-04-17 09:00:00+00:00,65.0,64,65.0
2026-04-17 09:30:00+00:00,59.0,62,59.0
2026-04-17 10:00:00+00:00,58.0,62,58.0
2026-04-17 10:30:00+00:00,55.0,58,55.0
2026-04-17 11:00:00+00:00,54.0,56,54.0
2026-04-17 11:30:00+00:00,56.0,48,56.0
2026-04-17 12:00:00+00:00,58.0,44,58.0
2026-04-17 12:30:00+00:00,58.0,45,58.0
2026-04-17 13:00:00+00:00,55.0,50,55.0
2026-04-17 13:30:00+00:00,52.0,48,52.0
2026-04-17 14:00:00+00:00,51.0,46,51.0
2026-04-17 14:30:00+00:00,59.0,48,59.0
2026-04-17 15:00:00+00:00,65.0,39,65.0
2026-04-17 15:30:00+00:00,75.0,55,75.0
2026-04-17 16:00:00+00:00,81.0,68,81.0
2026-04-17 16:30:00+00:00,89.0,75,89.0
2026-04-17 17:00:00+00:00,97.0,88,97.0
2026-04-17 17:30:00+00:00,105.0,86,105.0
2026-04-17 18:00:00+00:00,109.0,94,109.0
2026-04-17 18:30:00+00:00,111.0,102,111.0
2026-04-17 19:00:00+00:00,114.0,99,114.0
2026-04-17 19:30:00+00:00,107.0,103,107.0
2026-04-17 20:00:00+00:00,101.0,101,101.0
2026-04-17 20:30:00+00:00,104.0,101,104.0
2026-04-17 21:00:00+00:00,100.0,98,100.0
2026-04-17 21:30:00+00:00,98.0,101,98.0
2026-04-17 22:00:00+00:00,97.0,99,97.0
2026-04-17 22:30:00+00:00,92.0,92,92.0
2026-04-17 23:00:00+00:00,92.0,91,92.0
2026-04-17 23:30:00+00:00,85.0,83,85.0
2026-04-18 00:00:00+00:00,84.0,89,84.0
2026-04-18 00:30:00+00:00,84.0,85,84.0
2026-04-18 01:00:00+00:00,79.0,86,79.0
2026-04-18 01:30:00+00:00,78.0,87,78.0
2026-04-18 02:00:00+00:00,82.0,84,82.0
2026-04-18 02:30:00+00:00,88.0,82,88.0
2026-04-18 03:00:00+00:00,89.0,94,89.0
2026-04-18 03:30:00+00:00,89.0,90,89.0
2026-04-18 04:00:00+00:00,89.0,97,89.0
2026-04-18 04:30:00+00:00,92.0,94,92.0
2026-04-18 05:00:00+00:00,93.0,88,93.0
2026-04-18 05:30:00+00:00,91.0,93,91.0
2026-04-18 06:00:00+00:00,91.0,95,91.0
2026-04-18 06:30:00+00:00,80.0,94,80.0
2026-04-18 07:00:00+00:00,69.0,91,69.0
2026-04-18 07:30:00+00:00,77.0,79,77.0
2026-04-18 08:00:00+00:00,71.0,64,71.0
2026-04-18 08:30:00+00:00,63.0,65,63.0
2026-04-18 09:00:00+00:00,58.0,57,58.0
2026-04-18 09:30:00+00:00,53.0,57,53.0
2026-04-18 10:00:00+00:00,50.0,101,50.0
2026-04-18 10:30:00+00:00,50.0,48,50.0
2026-04-18 11:00:00+00:00,51.0,41,51.0
2026-04-18 11:30:00+00:00,49.0,45,49.0
2026-04-18 12:00:00+00:00,50.0,54,50.0
2026-04-18 12:30:00+00:00,46.0,47,46.0
2026-04-18 13:00:00+00:00,47.0,41,47.0
2026-04-18 13:30:00+00:00,50.0,46,50.0
2026-04-18 14:00:00+00:00,55.0,48,55.0
2026-04-18 14:30:00+00:00,61.0,59,61.0
2026-04-18 15:00:00+00:00,70.0,59,70.0
2026-04-18 15:30:00+00:00,80.0,67,80.0
2026-04-18 16:00:00+00:00,97.0,68,97.0
2026-04-18 16:30:00+00:00,111.0,91,111.0
2026-04-18 17:00:00+00:00,120.0,103,120.0
2026-04-18 17:30:00+00:00,125.0,114,125.0
2026-04-18 18:00:00+00:00,136.0,135,136.0
2026-04-18 18:30:00+00:00,133.0,147,133.0
2026-04-18 19:00:00+00:00,134.0,139,134.0
2026-04-18 19:30:00+00:00,132.0,136,132.0
2026-04-18 20:00:00+00:00,128.0,136,128.0
2026-04-18 20:30:00+00:00,126.0,136,126.0
2026-04-18 21:00:00+00:00,114.0,132,114.0
2026-04-18 21:30:00+00:00,101.0,115,101.0
2026-04-18 22:00:00+00:00,97.0,108,97.0
2026-04-18 22:30:00+00:00,96.0,108,96.0
2026-04-18 23:00:00+00:00,93.0,98,93.0
2026-04-18 23:30:00+00:00,91.0,106,91.0
2026-04-19 00:00:00+00:00,90.0,85,90.0
2026-04-19 00:30:00+00:00,86.0,93,86.0
2026-04-19 01:00:00+00:00,78.0,86,78.0
2026-04-19 01:30:00+00:00,79.0,93,79.0
2026-04-19 02:00:00+00:00,77.0,78,77.0
2026-04-19 02:30:00+00:00,80.0,86,80.0
2026-04-19 03:00:00+00:00,82.0,80,82.0
2026-04-19 03:30:00+00:00,85.0,85,85.0
2026-04-19 04:00:00+00:00,79.0,84,79.0
2026-04-19 04:30:00+00:00,85.0,92,85.0
2026-04-19 05:00:00+00:00,88.0,83,88.0
2026-04-19 05:30:00+00:00,93.0,94,93.0
2026-04-19 06:00:00+00:00,90.0,93,90.0
2026-04-19 06:30:00+00:00,82.0,94,82.0
2026-04-19 07:00:00+00:00,78.0,90,78.0
2026-04-19 07:30:00+00:00,73.0,77,73.0
2026-04-19 08:00:00+00:00,68.0,71,68.0
2026-04-19 08:30:00+00:00,64.0,67,64.0
2026-04-19 09:00:00+00:00,64.0,63,64.0
2026-04-19 09:30:00+00:00,64.0,61,64.0
2026-04-19 10:00:00+00:00,61.0,59,61.0
2026-04-19 10:30:00+00:00,63.0,59,63.0
2026-04-19 11:00:00+00:00,62.0,59,62.0
2026-04-19 11:30:00+00:00,67.0,59,67.0
2026-04-19 12:00:00+00:00,66.0,59,66.0
2026-04-19 12:30:00+00:00,69.0,61,69.0
2026-04-19 13:00:00+00:00,77.0,60,77.0
2026-04-19 13:30:00+00:00,79.0,71,79.0
2026-04-19 14:00:00+00:00,87.0,81,87.0
2026-04-19 14:30:00+00:00,94.0,92,94.0
2026-04-19 15:00:00+00:00,109.0,100,109.0
2026-04-19 15:30:00+00:00,125.0,107,125.0
2026-04-19 16:00:00+00:00,139.0,115,139.0
2026-04-19 16:30:00+00:00,146.0,134,146.0
2026-04-19 17:00:00+00:00,155.0,140,155.0
2026-04-19 17:30:00+00:00,161.0,153,161.0
2026-04-19 18:00:00+00:00,167.0,160,167.0
2026-04-19 18:30:00+00:00,170.0,177,170.0
2026-04-19 19:00:00+00:00,172.0,175,172.0
2026-04-19 19:30:00+00:00,173.0,170,173.0
2026-04-19 20:00:00+00:00,175.0,173,175.0
2026-04-19 20:30:00+00:00,171.0,177,171.0
2026-04-19 21:00:00+00:00,162.0,170,162.0
2026-04-19 21:30:00+00:00,161.0,167,161.0
2026-04-19 22:00:00+00:00,152.0,158,152.0
2026-04-19 22:30:00+00:00,147.0,155,147.0
2026-04-19 23:00:00+00:00,150.0,151,150.0
2026-04-19 23:30:00+00:00,147.0,164,147.0
2026-04-20 00:00:00+00:00,147.0,156,147.0
2026-04-20 00:30:00+00:00,145.0,149,145.0
2026-04-20 01:00:00+00:00,142.0,152,142.0
2026-04-20 01:30:00+00:00,142.0,150,142.0
2026-04-20 02:00:00+00:00,139.0,140,139.0
2026-04-20 02:30:00+00:00,132.0,142,132.0
2026-04-20 03:00:00+00:00,128.0,134,128.0
2026-04-20 03:30:00+00:00,139.0,142,139.0
2026-04-20 04:00:00+00:00,142.0,133,142.0
2026-04-20 04:30:00+00:00,164.0,153,164.0
2026-04-20 05:00:00+00:00,170.0,152,170.0
2026-04-20 05:30:00+00:00,171.0,178,171.0
2026-04-20 06:00:00+00:00,170.0,183,170.0
2026-04-20 06:30:00+00:00,164.0,178,164.0
2026-04-20 07:00:00+00:00,155.0,172,155.0
2026-04-20 07:30:00+00:00,144.0,167,144.0
2026-04-20 08:00:00+00:00,130.0,150,130.0
2026-04-20 08:30:00+00:00,119.0,143,119.0
2026-04-20 09:00:00+00:00,109.0,128,109.0
2026-04-20 09:30:00+00:00,105.0,121,105.0
2026-04-20 10:00:00+00:00,106.0,122,106.0
2026-04-20 10:30:00+00:00,104.0,105,104.0
2026-04-20 11:00:00+00:00,105.0,114,105.0
2026-04-20 11:30:00+00:00,110.0,105,110.0
2026-04-20 12:00:00+00:00,110.0,105,110.0
2026-04-20 12:30:00+00:00,111.0,112,111.0
2026-04-20 13:00:00+00:00,117.0,113,117.0
2026-04-20 13:30:00+00:00,119.0,115,119.0
2026-04-20 14:00:00+00:00,123.0,122,123.0
2026-04-20 14:30:00+00:00,122.0,122,122.0
2026-04-20 15:00:00+00:00,123.0,133,123.0
2026-04-20 15:30:00+00:00,127.0,135,127.0
2026-04-20 16:00:00+00:00,135.0,126,135.0
2026-04-20 16:30:00+00:00,136.0,131,136.0
2026-04-20 17:00:00+00:00,142.0,156,142.0
2026-04-20 17:30:00+00:00,147.0,148,147.0
2026-04-20 18:00:00+00:00,151.0,158,151.0
2026-04-20 18:30:00+00:00,154.0,163,154.0
2026-04-20 19:00:00+00:00,150.0,163,150.0
2026-04-20 19:30:00+00:00,148.0,163,148.0
2026-04-20 20:00:00+00:00,142.0,144,142.0
2026-04-20 20:30:00+00:00,136.0,145,136.0
2026-04-20 21:00:00+00:00,114.0,137,114.0
2026-04-20 21:30:00+00:00,98.0,122,98.0
2026-04-20 22:00:00+00:00,87.0,114,87.0
2026-04-20 22:30:00+00:00,86.0,94,86.0
2026-04-20 23:00:00+00:00,84.0,104,84.0
2026-04-20 23:30:00+00:00,82.0,85,82.0
2026-04-21 00:00:00+00:00,88.0,84,88.0
2026-04-21 00:30:00+00:00,79.0,77,79.0
2026-04-21 01:00:00+00:00,76.0,83,76.0
2026-04-21 01:30:00+00:00,78.0,77,78.0
2026-04-21 02:00:00+00:00,79.0,74,79.0
2026-04-21 02:30:00+00:00,79.0,71,79.0
2026-04-21 03:00:00+00:00,75.0,75,75.0
2026-04-21 03:30:00+00:00,80.0,81,80.0
2026-04-21 04:00:00+00:00,80.0,74,80.0
2026-04-21 04:30:00+00:00,94.0,85,94.0
2026-04-21 05:00:00+00:00,105.0,83,105.0
2026-04-21 05:30:00+00:00,104.0,108,104.0
2026-04-21 06:00:00+00:00,104.0,112,104.0
2026-04-21 06:30:00+00:00,105.0,98,105.0
2026-04-21 07:00:00+00:00,94.0,91,94.0
2026-04-21 07:30:00+00:00,84.0,92,84.0
2026-04-21 08:00:00+00:00,73.0,73,73.0
2026-04-21 08:30:00+00:00,66.0,71,66.0
2026-04-21 09:00:00+00:00,61.0,60,61.0
2026-04-21 09:30:00+00:00,55.0,62,55.0
2026-04-21 10:00:00+00:00,50.0,58,50.0
2026-04-21 10:30:00+00:00,44.0,50,44.0
2026-04-21 11:00:00+00:00,42.0,49,42.0
2026-04-21 11:30:00+00:00,42.0,47,42.0
2026-04-21 12:00:00+00:00,43.0,47,43.0
2026-04-21 12:30:00+00:00,45.0,48,45.0
2026-04-21 13:00:00+00:00,45.0,47,45.0
2026-04-21 13:30:00+00:00,47.0,41,47.0
2026-04-21 14:00:00+00:00,48.0,38,48.0
2026-04-21 14:30:00+00:00,41.0,35,41.0
2026-04-21 15:00:00+00:00,44.0,41,44.0
2026-04-21 15:30:00+00:00,50.0,41,50.0
2026-04-21 16:00:00+00:00,57.0,48,57.0
2026-04-21 16:30:00+00:00,66.0,53,66.0
2026-04-21 17:00:00+00:00,74.0,63,74.0
2026-04-21 17:30:00+00:00,79.0,70,79.0
2026-04-21 18:00:00+00:00,87.0,88,87.0
2026-04-21 18:30:00+00:00,94.0,84,94.0
2026-04-21 19:00:00+00:00,98.0,87,98.0
2026-04-21 19:30:00+00:00,90.0,93,90.0
2026-04-21 20:00:00+00:00,85.0,94,85.0
2026-04-21 20:30:00+00:00,78.0,79,78.0
2026-04-21 21:00:00+00:00,77.0,71,77.0
2026-04-21 21:30:00+00:00,68.0,68,68.0
2026-04-21 22:00:00+00:00,63.0,68,63.0
2026-04-21 22:30:00+00:00,64.0,66,64.0
2026-04-21 23:00:00+00:00,66.0,65,66.0
2026-04-21 23:30:00+00:00,67.0,62,67.0
2026-04-22 00:00:00+00:00,68.0,64,68.0
2026-04-22 00:30:00+00:00,68.0,65,68.0
2026-04-22 01:00:00+00:00,69.0,63,69.0
2026-04-22 01:30:00+00:00,73.0,66,73.0
2026-04-22 02:00:00+00:00,70.0,65,70.0
2026-04-22 02:30:00+00:00,73.0,72,73.0
2026-04-22 03:00:00+00:00,76.0,72,76.0
2026-04-22 03:30:00+00:00,80.0,72,80.0
2026-04-22 04:00:00+00:00,84.0,71,84.0
2026-04-22 04:30:00+00:00,88.0,82,88.0
2026-04-22 05:00:00+00:00,91.0,81,91.0
2026-04-22 05:30:00+00:00,70.0,92,70.0
2026-04-22 06:00:00+00:00,65.0,99,65.0
2026-04-22 06:30:00+00:00,68.0,62,68.0
2026-04-22 07:00:00+00:00,58.0,51,58.0
2026-04-22 07:30:00+00:00,52.0,54,52.0
2026-04-22 08:00:00+00:00,48.0,48,48.0
2026-04-22 08:30:00+00:00,46.0,43,46.0
2026-04-22 09:00:00+00:00,43.0,42,43.0
2026-04-22 09:30:00+00:00,42.0,37,42.0
2026-04-22 10:00:00+00:00,40.0,37,40.0
2026-04-22 10:30:00+00:00,40.0,36,40.0
2026-04-22 11:00:00+00:00,40.0,34,40.0
2026-04-22 11:30:00+00:00,37.0,34,37.0
2026-04-22 12:00:00+00:00,36.0,35,36.0
2026-04-22 12:30:00+00:00,37.0,34,37.0
2026-04-22 13:00:00+00:00,34.0,31,34.0
2026-04-22 13:30:00+00:00,27.0,28,27.0
2026-04-22 14:00:00+00:00,30.0,30,30.0
2026-04-22 14:30:00+00:00,29.0,21,29.0
2026-04-22 15:00:00+00:00,34.0,57,34.0
2026-04-22 15:30:00+00:00,43.0,25,43.0
2026-04-22 16:00:00+00:00,58.0,26,58.0
2026-04-22 16:30:00+00:00,61.0,35,61.0
2026-04-22 17:00:00+00:00,68.0,53,68.0
2026-04-22 17:30:00+00:00,82.0,64,82.0
2026-04-22 18:00:00+00:00,85.0,56,85.0
2026-04-22 18:30:00+00:00,91.0,72,91.0
2026-04-22 19:00:00+00:00,87.0,73,87.0
2026-04-22 19:30:00+00:00,81.0,81,81.0
2026-04-22 20:00:00+00:00,77.0,84,77.0
2026-04-22 20:30:00+00:00,84.0,74,84.0
2026-04-22 21:00:00+00:00,81.0,67,81.0
2026-04-22 21:30:00+00:00,72.0,74,72.0
2026-04-22 22:00:00+00:00,68.0,75,68.0
2026-04-22 22:30:00+00:00,73.0,73,73.0
2026-04-22 23:00:00+00:00,75.0,76,75.0
2026-04-22 23:30:00+00:00,75.0,77,75.0
2026-04-23 00:00:00+00:00,79.0,76,79.0
2026-04-23 00:30:00+00:00,79.0,73,79.0
2026-04-23 01:00:00+00:00,80.0,75,80.0
2026-04-23 01:30:00+00:00,84.0,83,84.0
2026-04-23 02:00:00+00:00,86.0,84,86.0
2026-04-23 02:30:00+00:00,87.0,86,87.0
2026-04-23 03:00:00+00:00,91.0,89,91.0
2026-04-23 03:30:00+00:00,93.0,92,93.0
2026-04-23 04:00:00+00:00,98.0,92,98.0
2026-04-23 04:30:00+00:00,103.0,110,103.0
2026-04-23 05:00:00+00:00,108.0,104,108.0
2026-04-23 05:30:00+00:00,118.0,114,118.0
2026-04-23 06:00:00+00:00,121.0,106,121.0
2026-04-23 06:30:00+00:00,118.0,109,118.0
2026-04-23 07:00:00+00:00,113.0,103,113.0
2026-04-23 07:30:00+00:00,106.0,103,106.0
2026-04-23 08:00:00+00:00,95.0,99,95.0
2026-04-23 08:30:00+00:00,82.0,88,82.0
2026-04-23 09:00:00+00:00,68.0,83,68.0
2026-04-23 09:30:00+00:00,57.0,68,57.0
2026-04-23 10:00:00+00:00,54.0,61,54.0
2026-04-23 10:30:00+00:00,51.0,55,51.0
2026-04-23 11:00:00+00:00,50.0,51,50.0
2026-04-23 11:30:00+00:00,50.0,46,50.0
2026-04-23 12:00:00+00:00,50.0,46,50.0
2026-04-23 12:30:00+00:00,52.0,46,52.0
2026-04-23 13:00:00+00:00,53.0,47,53.0
2026-04-23 13:30:00+00:00,56.0,51,56.0
2026-04-23 14:00:00+00:00,59.0,53,59.0
2026-04-23 14:30:00+00:00,65.0,55,65.0
2026-04-23 15:00:00+00:00,79.0,56,79.0
2026-04-23 15:30:00+00:00,92.0,81,92.0
2026-04-23 16:00:00+00:00,109.0,78,109.0
2026-04-23 16:30:00+00:00,123.0,101,123.0
2026-04-23 17:00:00+00:00,134.0,112,134.0
2026-04-23 17:30:00+00:00,139.0,129,139.0
2026-04-23 18:00:00+00:00,149.0,143,149.0
2026-04-23 18:30:00+00:00,152.0,152,152.0
2026-04-23 19:00:00+00:00,153.0,154,153.0
2026-04-23 19:30:00+00:00,153.0,155,153.0
2026-04-23 20:00:00+00:00,154.0,154,154.0
2026-04-23 20:30:00+00:00,146.0,157,146.0
2026-04-23 21:00:00+00:00,147.0,171,147.0
2026-04-23 21:30:00+00:00,150.0,143,150.0
2026-04-23 22:00:00+00:00,145.0,142,145.0
2026-04-23 22:30:00+00:00,145.0,150,145.0
2026-04-23 23:00:00+00:00,149.0,150,149.0
2026-04-23 23:30:00+00:00,147.0,145,147.0
2026-04-24 00:00:00+00:00,151.0,159,151.0
2026-04-24 00:30:00+00:00,152.0,151,152.0
2026-04-24 01:00:00+00:00,151.0,157,151.0
2026-04-24 01:30:00+00:00,146.0,162,146.0
2026-04-24 02:00:00+00:00,144.0,154,144.0
2026-04-24 02:30:00+00:00,142.0,135,142.0
2026-04-24 03:00:00+00:00,149.0,155,149.0
2026-04-24 03:30:00+00:00,153.0,147,153.0
2026-04-24 04:00:00+00:00,155.0,151,155.0
2026-04-24 04:30:00+00:00,156.0,164,156.0
2026-04-24 05:00:00+00:00,161.0,168,161.0
2026-04-24 05:30:00+00:00,168.0,171,168.0
2026-04-24 06:00:00+00:00,163.0,163,163.0
2026-04-24 06:30:00+00:00,156.0,165,156.0
2026-04-24 07:00:00+00:00,143.0,158,143.0
2026-04-24 07:30:00+00:00,134.0,144,134.0
2026-04-24 08:00:00+00:00,115.0,133,115.0
2026-04-24 08:30:00+00:00,94.0,118,94.0
2026-04-24 09:00:00+00:00,82.0,101,82.0
2026-04-24 09:30:00+00:00,68.0,82,68.0
2026-04-24 10:00:00+00:00,63.0,72,63.0
2026-04-24 10:30:00+00:00,64.0,66,64.0
2026-04-24 11:00:00+00:00,60.0,56,60.0
2026-04-24 11:30:00+00:00,60.0,55,60.0
2026-04-24 12:00:00+00:00,61.0,57,61.0
2026-04-24 12:30:00+00:00,62.0,56,62.0
2026-04-24 13:00:00+00:00,62.0,60,62.0
2026-04-24 13:30:00+00:00,64.0,62,64.0
2026-04-24 14:00:00+00:00,69.0,64,69.0
2026-04-24 14:30:00+00:00,77.0,65,77.0
2026-04-24 15:00:00+00:00,95.0,74,95.0
2026-04-24 15:30:00+00:00,117.0,89,117.0
2026-04-24 16:00:00+00:00,139.0,100,139.0
2026-04-24 16:30:00+00:00,145.0,121,145.0
2026-04-24 17:00:00+00:00,158.0,151,158.0
2026-04-24 17:30:00+00:00,170.0,162,170.0
2026-04-24 18:00:00+00:00,182.0,177,182.0
2026-04-24 18:30:00+00:00,192.0,192,192.0
2026-04-24 19:00:00+00:00,199.0,198,199.0
2026-04-24 19:30:00+00:00,199.0,202,199.0
2026-04-24 20:00:00+00:00,195.0,211,195.0
2026-04-24 20:30:00+00:00,195.0,214,195.0
2026-04-24 21:00:00+00:00,195.0,210,195.0
2026-04-24 21:30:00+00:00,183.0,200,183.0
2026-04-24 22:00:00+00:00,179.0,200,179.0
2026-04-24 22:30:00+00:00,175.0,188,175.0
2026-04-24 23:00:00+00:00,170.0,189,170.0
2026-04-24 23:30:00+00:00,163.0,189,163.0
2026-04-25 00:00:00+00:00,162.0,175,162.0
2026-04-25 00:30:00+00:00,159.0,171,159.0
2026-04-25 01:00:00+00:00,156.0,169,156.0
2026-04-25 01:30:00+00:00,153.0,163,153.0
2026-04-25 02:00:00+00:00,149.0,158,149.0
2026-04-25 02:30:00+00:00,147.0,152,147.0
2026-04-25 03:00:00+00:00,147.0,148,147.0
2026-04-25 03:30:00+00:00,140.0,148,140.0
2026-04-25 04:00:00+00:00,138.0,155,138.0
2026-04-25 04:30:00+00:00,142.0,157,142.0
2026-04-25 05:00:00+00:00,141.0,147,141.0
2026-04-25 05:30:00+00:00,136.0,149,136.0
2026-04-25 06:00:00+00:00,130.0,146,130.0
2026-04-25 06:30:00+00:00,125.0,134,125.0
2026-04-25 07:00:00+00:00,111.0,120,111.0
2026-04-25 07:30:00+00:00,97.0,110,97.0
2026-04-25 08:00:00+00:00,87.0,97,87.0
2026-04-25 08:30:00+00:00,77.0,77,77.0
2026-04-25 09:00:00+00:00,68.0,76,68.0
2026-04-25 09:30:00+00:00,67.0,73,67.0
2026-04-25 10:00:00+00:00,61.0,63,61.0
2026-04-25 10:30:00+00:00,58.0,60,58.0
2026-04-25 11:00:00+00:00,56.0,56,56.0
2026-04-25 11:30:00+00:00,54.0,54,54.0
2026-04-25 12:00:00+00:00,54.0,53,54.0
2026-04-25 12:30:00+00:00,56.0,47,56.0
2026-04-25 13:00:00+00:00,53.0,52,53.0
2026-04-25 13:30:00+00:00,56.0,61,56.0
2026-04-25 14:00:00+00:00,60.0,57,60.0
2026-04-25 14:30:00+00:00,67.0,55,67.0
2026-04-25 15:00:00+00:00,79.0,60,79.0
2026-04-25 15:30:00+00:00,97.0,80,97.0
2026-04-25 16:00:00+00:00,114.0,96,114.0
2026-04-25 16:30:00+00:00,128.0,101,128.0
2026-04-25 17:00:00+00:00,143.0,126,143.0
2026-04-25 17:30:00+00:00,150.0,138,150.0
2026-04-25 18:00:00+00:00,156.0,148,156.0
2026-04-25 18:30:00+00:00,162.0,156,162.0
2026-04-25 19:00:00+00:00,164.0,168,164.0
2026-04-25 19:30:00+00:00,163.0,169,163.0
2026-04-25 20:00:00+00:00,162.0,166,162.0
2026-04-25 20:30:00+00:00,164.0,165,164.0
2026-04-25 21:00:00+00:00,159.0,165,159.0
2026-04-25 21:30:00+00:00,144.0,158,144.0
2026-04-25 22:00:00+00:00,131.0,157,131.0
2026-04-25 22:30:00+00:00,124.0,148,124.0
2026-04-25 23:00:00+00:00,119.0,135,119.0
2026-04-25 23:30:00+00:00,113.0,136,113.0
2026-04-26 00:00:00+00:00,107.0,122,107.0
2026-04-26 00:30:00+00:00,103.0,111,103.0
2026-04-26 01:00:00+00:00,99.0,104,99.0
2026-04-26 01:30:00+00:00,97.0,102,97.0
2026-04-26 02:00:00+00:00,96.0,100,96.0
2026-04-26 02:30:00+00:00,91.0,99,91.0
2026-04-26 03:00:00+00:00,89.0,93,89.0
2026-04-26 03:30:00+00:00,81.0,87,81.0
2026-04-26 04:00:00+00:00,82.0,108,82.0
2026-04-26 04:30:00+00:00,90.0,81,90.0
2026-04-26 05:00:00+00:00,90.0,85,90.0
2026-04-26 05:30:00+00:00,97.0,94,97.0
2026-04-26 06:00:00+00:00,97.0,92,97.0
2026-04-26 06:30:00+00:00,93.0,96,93.0
2026-04-26 07:00:00+00:00,88.0,92,88.0
2026-04-26 07:30:00+00:00,85.0,86,85.0
2026-04-26 08:00:00+00:00,73.0,76,73.0
2026-04-26 08:30:00+00:00,67.0,69,67.0
2026-04-26 09:00:00+00:00,65.0,67,65.0
2026-04-26 09:30:00+00:00,63.0,63,63.0
2026-04-26 10:00:00+00:00,62.0,60,62.0
2026-04-26 10:30:00+00:00,64.0,59,64.0
2026-04-26 11:00:00+00:00,63.0,58,63.0
2026-04-26 11:30:00+00:00,61.0,57,61.0
2026-04-26 12:00:00+00:00,62.0,60,62.0
2026-04-26 12:30:00+00:00,62.0,60,62.0
2026-04-26 13:00:00+00:00,64.0,62,64.0
2026-04-26 13:30:00+00:00,72.0,62,72.0
2026-04-26 14:00:00+00:00,78.0,63,78.0
2026-04-26 14:30:00+00:00,93.0,70,93.0
2026-04-26 15:00:00+00:00,109.0,82,109.0
2026-04-26 15:30:00+00:00,133.0,108,133.0
2026-04-26 16:00:00+00:00,152.0,117,152.0
2026-04-26 16:30:00+00:00,160.0,142,160.0
2026-04-26 17:00:00+00:00,166.0,162,166.0
2026-04-26 17:30:00+00:00,171.0,171,171.0
2026-04-26 18:00:00+00:00,172.0,179,172.0
2026-04-26 18:30:00+00:00,172.0,175,172.0
2026-04-26 19:00:00+00:00,172.0,179,172.0
2026-04-26 19:30:00+00:00,175.0,176,175.0
2026-04-26 20:00:00+00:00,173.0,179,173.0
2026-04-26 20:30:00+00:00,167.0,179,167.0
2026-04-26 21:00:00+00:00,164.0,172,164.0
2026-04-26 21:30:00+00:00,160.0,166,160.0
2026-04-26 22:00:00+00:00,159.0,159,159.0
2026-04-26 22:30:00+00:00,158.0,158,158.0
2026-04-26 23:00:00+00:00,160.0,159,160.0
2026-04-26 23:30:00+00:00,161.0,158,161.0
2026-04-27 00:00:00+00:00,162.0,164,162.0
2026-04-27 00:30:00+00:00,162.0,167,162.0
2026-04-27 01:00:00+00:00,163.0,169,163.0
2026-04-27 01:30:00+00:00,162.0,165,162.0
2026-04-27 02:00:00+00:00,162.0,168,162.0
2026-04-27 02:30:00+00:00,164.0,164,164.0
2026-04-27 03:00:00+00:00,164.0,168,164.0
2026-04-27 03:30:00+00:00,168.0,180,168.0
2026-04-27 04:00:00+00:00,171.0,172,171.0
2026-04-27 04:30:00+00:00,174.0,182,174.0
2026-04-27 05:00:00+00:00,174.0,180,174.0
2026-04-27 05:30:00+00:00,178.0,188,178.0
2026-04-27 06:00:00+00:00,173.0,180,173.0
2026-04-27 06:30:00+00:00,166.0,182,166.0
2026-04-27 07:00:00+00:00,152.0,168,152.0
2026-04-27 07:30:00+00:00,136.0,166,136.0
2026-04-27 08:00:00+00:00,121.0,144,121.0
2026-04-27 08:30:00+00:00,107.0,129,107.0
2026-04-27 09:00:00+00:00,98.0,110,98.0
2026-04-27 09:30:00+00:00,92.0,96,92.0
2026-04-27 10:00:00+00:00,89.0,86,89.0
2026-04-27 10:30:00+00:00,85.0,89,85.0
2026-04-27 11:00:00+00:00,82.0,85,82.0
2026-04-27 11:30:00+00:00,89.0,82,89.0
2026-04-27 12:00:00+00:00,88.0,73,88.0
2026-04-27 12:30:00+00:00,89.0,91,89.0
2026-04-27 13:00:00+00:00,92.0,88,92.0
2026-04-27 13:30:00+00:00,100.0,100,100.0
2026-04-27 14:00:00+00:00,110.0,96,110.0
2026-04-27 14:30:00+00:00,118.0,112,118.0
2026-04-27 15:00:00+00:00,132.0,123,132.0
2026-04-27 15:30:00+00:00,153.0,124,153.0
2026-04-27 16:00:00+00:00,162.0,134,162.0
2026-04-27 16:30:00+00:00,169.0,154,169.0
2026-04-27 17:00:00+00:00,171.0,168,171.0
2026-04-27 17:30:00+00:00,166.0,177,166.0
2026-04-27 18:00:00+00:00,166.0,177,166.0
2026-04-27 18:30:00+00:00,180.0,181,180.0
2026-04-27 19:00:00+00:00,184.0,182,184.0
2026-04-27 19:30:00+00:00,190.0,192,190.0
2026-04-27 20:00:00+00:00,184.0,193,184.0
2026-04-27 20:30:00+00:00,176.0,194,176.0
2026-04-27 21:00:00+00:00,161.0,186,161.0
2026-04-27 21:30:00+00:00,141.0,177,141.0
2026-04-27 22:00:00+00:00,128.0,161,128.0
2026-04-27 22:30:00+00:00,119.0,144,119.0
2026-04-27 23:00:00+00:00,112.0,139,112.0
2026-04-27 23:30:00+00:00,110.0,129,110.0
2026-04-28 00:00:00+00:00,107.0,112,107.0
2026-04-28 00:30:00+00:00,108.0,109,108.0
2026-04-28 01:00:00+00:00,104.0,107,104.0
2026-04-28 01:30:00+00:00,102.0,106,102.0
2026-04-28 02:00:00+00:00,96.0,95,96.0
2026-04-28 02:30:00+00:00,87.0,91,87.0
2026-04-28 03:00:00+00:00,85.0,86,85.0
2026-04-28 03:30:00+00:00,83.0,89,83.0
2026-04-28 04:00:00+00:00,83.0,87,83.0
2026-04-28 04:30:00+00:00,91.0,79,91.0
2026-04-28 05:00:00+00:00,98.0,86,98.0
2026-04-28 05:30:00+00:00,100.0,97,100.0
2026-04-28 06:00:00+00:00,102.0,95,102.0
2026-04-28 06:30:00+00:00,105.0,106,105.0
2026-04-28 07:00:00+00:00,106.0,104,106.0
2026-04-28 07:30:00+00:00,109.0,102,109.0
2026-04-28 08:00:00+00:00,106.0,101,106.0
2026-04-28 08:30:00+00:00,103.0,100,103.0
2026-04-28 09:00:00+00:00,102.0,103,102.0
2026-04-28 09:30:00+00:00,93.0,95,93.0
2026-04-28 10:00:00+00:00,86.0,95,86.0
2026-04-28 10:30:00+00:00,79.0,85,79.0
2026-04-28 11:00:00+00:00,73.0,79,73.0
2026-04-28 11:30:00+00:00,72.0,71,72.0
2026-04-28 12:00:00+00:00,66.0,69,66.0
2026-04-28 12:30:00+00:00,64.0,70,64.0
2026-04-28 13:00:00+00:00,61.0,62,61.0
2026-04-28 13:30:00+00:00,58.0,61,58.0
2026-04-28 14:00:00+00:00,56.0,63,56.0
2026-04-28 14:30:00+00:00,57.0,60,57.0
2026-04-28 15:00:00+00:00,58.0,57,58.0
2026-04-28 15:30:00+00:00,66.0,56,66.0
2026-04-28 16:00:00+00:00,75.0,57,75.0
2026-04-28 16:30:00+00:00,76.0,67,76.0
2026-04-28 17:00:00+00:00,80.0,76,80.0
2026-04-28 17:30:00+00:00,84.0,81,84.0
2026-04-28 18:00:00+00:00,89.0,80,89.0
2026-04-28 18:30:00+00:00,86.0,82,86.0
2026-04-28 19:00:00+00:00,89.0,80,89.0
2026-04-28 19:30:00+00:00,87.0,81,87.0
2026-04-28 20:00:00+00:00,88.0,88,88.0
2026-04-28 20:30:00+00:00,89.0,85,89.0
2026-04-28 21:00:00+00:00,79.0,83,79.0
2026-04-28 21:30:00+00:00,75.0,86,75.0
2026-04-28 22:00:00+00:00,75.0,77,75.0
2026-04-28 22:30:00+00:00,75.0,80,75.0
2026-04-28 23:00:00+00:00,75.0,79,75.0
2026-04-28 23:30:00+00:00,75.0,78,75.0
2026-04-29 00:00:00+00:00,78.0,71,78.0
2026-04-29 00:30:00+00:00,80.0,73,80.0
2026-04-29 01:00:00+00:00,77.0,67,77.0
2026-04-29 01:30:00+00:00,72.0,75,72.0
2026-04-29 02:00:00+00:00,71.0,74,71.0
2026-04-29 02:30:00+00:00,69.0,73,69.0
2026-04-29 03:00:00+00:00,67.0,67,67.0
2026-04-29 03:30:00+00:00,61.0,57,61.0
2026-04-29 04:00:00+00:00,65.0,58,65.0
2026-04-29 04:30:00+00:00,68.0,61,68.0
2026-04-29 05:00:00+00:00,75.0,60,75.0
2026-04-29 05:30:00+00:00,75.0,72,75.0
2026-04-29 06:00:00+00:00,73.0,68,73.0
2026-04-29 06:30:00+00:00,69.0,69,69.0
2026-04-29 07:00:00+00:00,62.0,60,62.0
2026-04-29 07:30:00+00:00,58.0,58,58.0
2026-04-29 08:00:00+00:00,44.0,50,44.0
2026-04-29 08:30:00+00:00,40.0,46,40.0
2026-04-29 09:00:00+00:00,31.0,39,31.0
2026-04-29 09:30:00+00:00,31.0,32,31.0
2026-04-29 10:00:00+00:00,34.0,24,34.0
2026-04-29 10:30:00+00:00,40.0,20,40.0
2026-04-29 11:00:00+00:00,36.0,24,36.0
2026-04-29 11:30:00+00:00,36.0,32,36.0
2026-04-29 12:00:00+00:00,37.0,32,37.0
2026-04-29 12:30:00+00:00,37.0,32,37.0
2026-04-29 13:00:00+00:00,39.0,33,39.0
2026-04-29 13:30:00+00:00,36.0,34,36.0
2026-04-29 14:00:00+00:00,39.0,38,39.0
2026-04-29 14:30:00+00:00,39.0,36,39.0
2026-04-29 15:00:00+00:00,42.0,37,42.0
2026-04-29 15:30:00+00:00,45.0,40,45.0
2026-04-29 16:00:00+00:00,49.0,39,49.0
2026-04-29 16:30:00+00:00,50.0,43,50.0
2026-04-29 17:00:00+00:00,53.0,41,53.0
2026-04-29 17:30:00+00:00,49.0,41,49.0
2026-04-29 18:00:00+00:00,53.0,77,53.0
2026-04-29 18:30:00+00:00,48.0,40,48.0
2026-04-29 19:00:00+00:00,50.0,42,50.0
2026-04-29 19:30:00+00:00,55.0,42,55.0
2026-04-29 20:00:00+00:00,52.0,42,52.0
2026-04-29 20:30:00+00:00,47.0,46,47.0
2026-04-29 21:00:00+00:00,47.0,42,47.0
2026-04-29 21:30:00+00:00,43.0,38,43.0
2026-04-29 22:00:00+00:00,42.0,41,42.0
2026-04-29 22:30:00+00:00,43.0,40,43.0
2026-04-29 23:00:00+00:00,43.0,41,43.0
2026-04-29 23:30:00+00:00,43.0,41,43.0
2026-04-30 00:00:00+00:00,41.0,41,41.0
2026-04-30 00:30:00+00:00,41.0,39,41.0
2026-04-30 01:00:00+00:00,44.0,37,44.0
2026-04-30 01:30:00+00:00,42.0,36,42.0
2026-04-30 02:00:00+00:00,47.0,38,47.0
2026-04-30 02:30:00+00:00,46.0,37,46.0
2026-04-30 03:00:00+00:00,44.0,38,44.0
2026-04-30 03:30:00+00:00,43.0,38,43.0
2026-04-30 04:00:00+00:00,46.0,38,46.0
2026-04-30 04:30:00+00:00,54.0,40,54.0
2026-04-30 05:00:00+00:00,61.0,39,61.0
2026-04-30 05:30:00+00:00,59.0,41,59.0
2026-04-30 06:00:00+00:00,56.0,43,56.0
2026-04-30 06:30:00+00:00,49.0,51,49.0
2026-04-30 07:00:00+00:00,47.0,43,47.0
2026-04-30 07:30:00+00:00,46.0,40,46.0
2026-04-30 08:00:00+00:00,42.0,38,42.0
2026-04-30 08:30:00+00:00,41.0,35,41.0
2026-04-30 09:00:00+00:00,39.0,35,39.0
2026-04-30 09:30:00+00:00,34.0,33,34.0
2026-04-30 10:00:00+00:00,31.0,35,31.0
2026-04-30 10:30:00+00:00,32.0,29,32.0
2026-04-30 11:00:00+00:00,30.0,26,30.0
2026-04-30 11:30:00+00:00,28.0,29,28.0
2026-04-30 12:00:00+00:00,27.0,30,27.0
2026-04-30 12:30:00+00:00,27.0,26,27.0
2026-04-30 13:00:00+00:00,28.0,25,28.0
2026-04-30 13:30:00+00:00,27.0,25,27.0
2026-04-30 14:00:00+00:00,30.0,25,30.0
2026-04-30 14:30:00+00:00,30.0,20,30.0
2026-04-30 15:00:00+00:00,36.0,23,36.0
2026-04-30 15:30:00+00:00,42.0,27,42.0
2026-04-30 16:00:00+00:00,46.0,30,46.0
2026-04-30 16:30:00+00:00,54.0,40,54.0
2026-04-30 17:00:00+00:00,65.0,47,65.0
2026-04-30 17:30:00+00:00,73.0,53,73.0
2026-04-30 18:00:00+00:00,78.0,53,78.0
2026-04-30 18:30:00+00:00,70.0,56,70.0
2026-04-30 19:00:00+00:00,67.0,62,67.0
2026-04-30 19:30:00+00:00,65.0,62,65.0
2026-04-30 20:00:00+00:00,53.0,59,53.0
2026-04-30 20:30:00+00:00,51.0,62,51.0
2026-04-30 21:00:00+00:00,48.0,53,48.0
2026-04-30 21:30:00+00:00,49.0,46,49.0
2026-04-30 22:00:00+00:00,45.0,47,45.0
2026-04-30 22:30:00+00:00,49.0,49,49.0
2026-04-30 23:00:00+00:00,48.0,52,48.0
2026-04-30 23:30:00+00:00,50.0,56,50.0
2026-05-01 00:00:00+00:00,52.0,50,52.0
2026-05-01 00:30:00+00:00,49.0,51,49.0
2026-05-01 01:00:00+00:00,50.0,50,50.0
2026-05-01 01:30:00+00:00,50.0,49,50.0
2026-05-01 02:00:00+00:00,54.0,49,54.0
2026-05-01 02:30:00+00:00,57.0,49,57.0
2026-05-01 03:00:00+00:00,54.0,49,54.0
2026-05-01 03:30:00+00:00,57.0,49,57.0
2026-05-01 04:00:00+00:00,62.0,76,62.0
2026-05-01 04:30:00+00:00,76.0,59,76.0
2026-05-01 05:00:00+00:00,86.0,63,86.0
2026-05-01 05:30:00+00:00,98.0,77,98.0
2026-05-01 06:00:00+00:00,101.0,82,101.0
2026-05-01 06:30:00+00:00,95.0,86,95.0
2026-05-01 07:00:00+00:00,91.0,83,91.0
2026-05-01 07:30:00+00:00,91.0,88,91.0
2026-05-01 08:00:00+00:00,84.0,83,84.0
2026-05-01 08:30:00+00:00,81.0,73,81.0
2026-05-01 09:00:00+00:00,81.0,74,81.0
2026-05-01 09:30:00+00:00,80.0,74,80.0
2026-05-01 10:00:00+00:00,77.0,78,77.0
2026-05-01 10:30:00+00:00,75.0,74,75.0
2026-05-01 11:00:00+00:00,69.0,75,69.0
2026-05-01 11:30:00+00:00,71.0,73,71.0
2026-05-01 12:00:00+00:00,72.0,72,72.0
2026-05-01 12:30:00+00:00,72.0,72,72.0
2026-05-01 13:00:00+00:00,70.0,70,70.0
2026-05-01 13:30:00+00:00,73.0,70,73.0
2026-05-01 14:00:00+00:00,76.0,73,76.0
2026-05-01 14:30:00+00:00,86.0,75,86.0
2026-05-01 15:00:00+00:00,100.0,83,100.0
2026-05-01 15:30:00+00:00,119.0,97,119.0
2026-05-01 16:00:00+00:00,127.0,110,127.0
2026-05-01 16:30:00+00:00,134.0,118,134.0
2026-05-01 17:00:00+00:00,142.0,131,142.0
2026-05-01 17:30:00+00:00,154.0,141,154.0
2026-05-01 18:00:00+00:00,157.0,148,157.0
2026-05-01 18:30:00+00:00,150.0,154,150.0
2026-05-01 19:00:00+00:00,148.0,161,148.0
2026-05-01 19:30:00+00:00,157.0,157,157.0
2026-05-01 20:00:00+00:00,156.0,155,156.0
2026-05-01 20:30:00+00:00,145.0,151,145.0
2026-05-01 21:00:00+00:00,140.0,147,140.0
2026-05-01 21:30:00+00:00,118.0,138,118.0
2026-05-01 22:00:00+00:00,108.0,134,108.0
2026-05-01 22:30:00+00:00,110.0,116,110.0
2026-05-01 23:00:00+00:00,110.0,109,110.0
2026-05-01 23:30:00+00:00,107.0,106,107.0
2026-05-02 00:00:00+00:00,110.0,106,110.0
2026-05-02 00:30:00+00:00,108.0,109,108.0
2026-05-02 01:00:00+00:00,109.0,109,109.0
2026-05-02 01:30:00+00:00,106.0,100,106.0
2026-05-02 02:00:00+00:00,104.0,106,104.0
2026-05-02 02:30:00+00:00,101.0,108,101.0
2026-05-02 03:00:00+00:00,105.0,103,105.0
2026-05-02 03:30:00+00:00,103.0,109,103.0
2026-05-02 04:00:00+00:00,104.0,111,104.0
2026-05-02 04:30:00+00:00,120.0,107,120.0
2026-05-02 05:00:00+00:00,120.0,103,120.0
2026-05-02 05:30:00+00:00,119.0,121,119.0
2026-05-02 06:00:00+00:00,117.0,132,117.0
2026-05-02 06:30:00+00:00,115.0,131,115.0
2026-05-02 07:00:00+00:00,109.0,118,109.0
2026-05-02 07:30:00+00:00,110.0,102,110.0
2026-05-02 08:00:00+00:00,98.0,103,98.0
2026-05-02 08:30:00+00:00,86.0,95,86.0
2026-05-02 09:00:00+00:00,80.0,86,80.0
2026-05-02 09:30:00+00:00,77.0,78,77.0
2026-05-02 10:00:00+00:00,74.0,77,74.0
2026-05-02 10:30:00+00:00,77.0,75,77.0
2026-05-02 11:00:00+00:00,73.0,73,73.0
2026-05-02 11:30:00+00:00,73.0,79,73.0
2026-05-02 12:00:00+00:00,75.0,72,75.0
2026-05-02 12:30:00+00:00,79.0,73,79.0
2026-05-02 13:00:00+00:00,86.0,76,86.0
2026-05-02 13:30:00+00:00,95.0,78,95.0
2026-05-02 14:00:00+00:00,109.0,82,109.0
2026-05-02 14:30:00+00:00,125.0,94,125.0
2026-05-02 15:00:00+00:00,143.0,102,143.0
2026-05-02 15:30:00+00:00,159.0,139,159.0
2026-05-02 16:00:00+00:00,168.0,145,168.0
2026-05-02 16:30:00+00:00,178.0,159,178.0
2026-05-02 17:00:00+00:00,182.0,165,182.0
2026-05-02 17:30:00+00:00,184.0,177,184.0
2026-05-02 18:00:00+00:00,187.0,174,187.0
2026-05-02 18:30:00+00:00,178.0,179,178.0
2026-05-02 19:00:00+00:00,182.0,185,182.0
2026-05-02 19:30:00+00:00,182.0,190,182.0
2026-05-02 20:00:00+00:00,178.0,187,178.0
2026-05-02 20:30:00+00:00,170.0,180,170.0
2026-05-02 21:00:00+00:00,166.0,165,166.0
2026-05-02 21:30:00+00:00,156.0,168,156.0
2026-05-02 22:00:00+00:00,147.0,161,147.0
2026-05-02 22:30:00+00:00,147.0,156,147.0
2026-05-02 23:00:00+00:00,140.0,148,140.0
2026-05-02 23:30:00+00:00,135.0,141,135.0
2026-05-03 00:00:00+00:00,128.0,143,128.0
2026-05-03 00:30:00+00:00,123.0,131,123.0
2026-05-03 01:00:00+00:00,115.0,128,115.0
2026-05-03 01:30:00+00:00,114.0,122,114.0
2026-05-03 02:00:00+00:00,113.0,120,113.0
2026-05-03 02:30:00+00:00,124.0,116,124.0
2026-05-03 03:00:00+00:00,122.0,110,122.0
2026-05-03 03:30:00+00:00,120.0,119,120.0
2026-05-03 04:00:00+00:00,117.0,127,117.0
2026-05-03 04:30:00+00:00,117.0,123,117.0
2026-05-03 05:00:00+00:00,117.0,123,117.0
2026-05-03 05:30:00+00:00,123.0,121,123.0
2026-05-03 06:00:00+00:00,125.0,124,125.0
2026-05-03 06:30:00+00:00,124.0,124,124.0
2026-05-03 07:00:00+00:00,120.0,122,120.0
2026-05-03 07:30:00+00:00,124.0,128,124.0
2026-05-03 08:00:00+00:00,121.0,120,121.0
2026-05-03 08:30:00+00:00,122.0,119,122.0
2026-05-03 09:00:00+00:00,122.0,111,122.0
2026-05-03 09:30:00+00:00,118.0,116,118.0
2026-05-03 10:00:00+00:00,119.0,126,119.0
2026-05-03 10:30:00+00:00,119.0,111,119.0
2026-05-03 11:00:00+00:00,119.0,115,119.0
2026-05-03 11:30:00+00:00,120.0,112,120.0
2026-05-03 12:00:00+00:00,124.0,115,124.0
2026-05-03 12:30:00+00:00,127.0,119,127.0
2026-05-03 13:00:00+00:00,129.0,119,129.0
2026-05-03 13:30:00+00:00,132.0,130,132.0
2026-05-03 14:00:00+00:00,138.0,138,138.0
2026-05-03 14:30:00+00:00,146.0,143,146.0
2026-05-03 15:00:00+00:00,158.0,144,158.0
2026-05-03 15:30:00+00:00,163.0,158,163.0
2026-05-03 16:00:00+00:00,178.0,165,178.0
2026-05-03 16:30:00+00:00,185.0,179,185.0
2026-05-03 17:00:00+00:00,191.0,184,191.0
2026-05-03 17:30:00+00:00,198.0,197,198.0
2026-05-03 18:00:00+00:00,203.0,208,203.0
2026-05-03 18:30:00+00:00,206.0,203,206.0
2026-05-03 19:00:00+00:00,207.0,212,207.0
2026-05-03 19:30:00+00:00,205.0,213,205.0
2026-05-03 20:00:00+00:00,201.0,214,201.0
2026-05-03 20:30:00+00:00,200.0,208,200.0
2026-05-03 21:00:00+00:00,192.0,201,192.0
2026-05-03 21:30:00+00:00,181.0,202,181.0
2026-05-03 22:00:00+00:00,176.0,191,176.0
2026-05-03 22:30:00+00:00,175.0,186,175.0
2026-05-03 23:00:00+00:00,174.0,178,174.0
2026-05-03 23:30:00+00:00,174.0,175,174.0
2026-05-04 00:00:00+00:00,173.0,169,173.0
2026-05-04 00:30:00+00:00,174.0,176,174.0
2026-05-04 01:00:00+00:00,170.0,164,170.0
2026-05-04 01:30:00+00:00,170.0,166,170.0
2026-05-04 02:00:00+00:00,168.0,170,168.0
2026-05-04 02:30:00+00:00,174.0,174,174.0
2026-05-04 03:00:00+00:00,169.0,173,169.0
2026-05-04 03:30:00+00:00,173.0,182,173.0
2026-05-04 04:00:00+00:00,169.0,168,169.0
2026-05-04 04:30:00+00:00,172.0,180,172.0
2026-05-04 05:00:00+00:00,175.0,177,175.0
2026-05-04 05:30:00+00:00,171.0,178,171.0
2026-05-04 06:00:00+00:00,167.0,174,167.0
2026-05-04 06:30:00+00:00,151.0,175,151.0
2026-05-04 07:00:00+00:00,146.0,162,146.0
2026-05-04 07:30:00+00:00,143.0,158,143.0
2026-05-04 08:00:00+00:00,136.0,148,136.0
2026-05-04 08:30:00+00:00,131.0,149,131.0
2026-05-04 09:00:00+00:00,130.0,138,130.0
2026-05-04 09:30:00+00:00,128.0,133,128.0
2026-05-04 10:00:00+00:00,124.0,129,124.0
2026-05-04 10:30:00+00:00,121.0,131,121.0
2026-05-04 11:00:00+00:00,124.0,132,124.0
2026-05-04 11:30:00+00:00,126.0,124,126.0
2026-05-04 12:00:00+00:00,131.0,129,131.0
2026-05-04 12:30:00+00:00,132.0,124,132.0
2026-05-04 13:00:00+00:00,134.0,137,134.0
2026-05-04 13:30:00+00:00,134.0,141,134.0
2026-05-04 14:00:00+00:00,138.0,143,138.0
2026-05-04 14:30:00+00:00,143.0,143,143.0
2026-05-04 15:00:00+00:00,158.0,141,158.0
2026-05-04 15:30:00+00:00,171.0,155,171.0
2026-05-04 16:00:00+00:00,180.0,178,180.0
2026-05-04 16:30:00+00:00,189.0,189,189.0
2026-05-04 17:00:00+00:00,194.0,195,194.0
2026-05-04 17:30:00+00:00,195.0,205,195.0
2026-05-04 18:00:00+00:00,203.0,209,203.0
2026-05-04 18:30:00+00:00,207.0,209,207.0
2026-05-04 19:00:00+00:00,208.0,211,208.0
2026-05-04 19:30:00+00:00,208.0,220,208.0
2026-05-04 20:00:00+00:00,208.0,219,208.0
2026-05-04 20:30:00+00:00,209.0,217,209.0
2026-05-04 21:00:00+00:00,203.0,210,203.0
2026-05-04 21:30:00+00:00,191.0,206,191.0
2026-05-04 22:00:00+00:00,189.0,197,189.0
2026-05-04 22:30:00+00:00,191.0,194,191.0
2026-05-04 23:00:00+00:00,192.0,188,192.0
2026-05-04 23:30:00+00:00,195.0,181,195.0
2026-05-05 00:00:00+00:00,195.0,175,195.0
2026-05-05 00:30:00+00:00,197.0,194,197.0
2026-05-05 01:00:00+00:00,193.0,184,193.0
2026-05-05 01:30:00+00:00,193.0,195,193.0
2026-05-05 02:00:00+00:00,187.0,197,187.0
2026-05-05 02:30:00+00:00,187.0,189,187.0
2026-05-05 03:00:00+00:00,185.0,190,185.0
2026-05-05 03:30:00+00:00,190.0,181,190.0
2026-05-05 04:00:00+00:00,193.0,185,193.0
2026-05-05 04:30:00+00:00,196.0,198,196.0
2026-05-05 05:00:00+00:00,199.0,210,199.0
2026-05-05 05:30:00+00:00,191.0,215,191.0
2026-05-05 06:00:00+00:00,186.0,200,186.0
2026-05-05 06:30:00+00:00,182.0,194,182.0
2026-05-05 07:00:00+00:00,176.0,183,176.0
2026-05-05 07:30:00+00:00,166.0,175,166.0
2026-05-05 08:00:00+00:00,152.0,168,152.0
2026-05-05 08:30:00+00:00,143.0,163,143.0
2026-05-05 09:00:00+00:00,134.0,147,134.0
2026-05-05 09:30:00+00:00,127.0,136,127.0
2026-05-05 10:00:00+00:00,122.0,137,122.0
2026-05-05 10:30:00+00:00,123.0,124,123.0
2026-05-05 11:00:00+00:00,126.0,128,126.0
2026-05-05 11:30:00+00:00,131.0,125,131.0
2026-05-05 12:00:00+00:00,132.0,129,132.0
2026-05-05 12:30:00+00:00,132.0,130,132.0
2026-05-05 13:00:00+00:00,130.0,132,130.0
2026-05-05 13:30:00+00:00,133.0,131,133.0
2026-05-05 14:00:00+00:00,140.0,125,140.0
2026-05-05 14:30:00+00:00,142.0,130,142.0
2026-05-05 15:00:00+00:00,153.0,140,153.0
2026-05-05 15:30:00+00:00,156.0,148,156.0
2026-05-05 16:00:00+00:00,159.0,156,159.0
2026-05-05 16:30:00+00:00,164.0,164,164.0
2026-05-05 17:00:00+00:00,171.0,163,171.0
2026-05-05 17:30:00+00:00,172.0,170,172.0
2026-05-05 18:00:00+00:00,173.0,175,173.0
2026-05-05 18:30:00+00:00,170.0,170,170.0
2026-05-05 19:00:00+00:00,168.0,172,168.0
2026-05-05 19:30:00+00:00,170.0,172,170.0
2026-05-05 20:00:00+00:00,171.0,171,171.0
2026-05-05 20:30:00+00:00,170.0,171,170.0
2026-05-05 21:00:00+00:00,164.0,162,164.0
2026-05-05 21:30:00+00:00,150.0,165,150.0
2026-05-05 22:00:00+00:00,145.0,157,145.0
2026-05-05 22:30:00+00:00,145.0,151,145.0
2026-05-05 23:00:00+00:00,147.0,153,147.0
2026-05-05 23:30:00+00:00,154.0,148,154.0
2026-05-06 00:00:00+00:00,155.0,144,155.0
2026-05-06 00:30:00+00:00,154.0,157,154.0
2026-05-06 01:00:00+00:00,153.0,154,153.0
2026-05-06 01:30:00+00:00,153.0,152,153.0
2026-05-06 02:00:00+00:00,148.0,148,148.0
2026-05-06 02:30:00+00:00,143.0,146,143.0
2026-05-06 03:00:00+00:00,140.0,150,140.0
2026-05-06 03:30:00+00:00,151.0,144,151.0
2026-05-06 04:00:00+00:00,151.0,142,151.0
2026-05-06 04:30:00+00:00,150.0,160,150.0
2026-05-06 05:00:00+00:00,159.0,162,159.0
2026-05-06 05:30:00+00:00,156.0,168,156.0
2026-05-06 06:00:00+00:00,154.0,163,154.0
2026-05-06 06:30:00+00:00,147.0,161,147.0
2026-05-06 07:00:00+00:00,141.0,155,141.0
2026-05-06 07:30:00+00:00,132.0,143,132.0
2026-05-06 08:00:00+00:00,120.0,131,120.0
2026-05-06 08:30:00+00:00,111.0,128,111.0
2026-05-06 09:00:00+00:00,106.0,120,106.0
2026-05-06 09:30:00+00:00,106.0,103,106.0
2026-05-06 10:00:00+00:00,105.0,105,105.0
2026-05-06 10:30:00+00:00,102.0,109,102.0
2026-05-06 11:00:00+00:00,101.0,105,101.0
2026-05-06 11:30:00+00:00,103.0,108,103.0
2026-05-06 12:00:00+00:00,106.0,105,106.0
2026-05-06 12:30:00+00:00,114.0,109,114.0
2026-05-06 13:00:00+00:00,119.0,109,119.0
2026-05-06 13:30:00+00:00,131.0,115,131.0
2026-05-06 14:00:00+00:00,137.0,125,137.0
2026-05-06 14:30:00+00:00,152.0,140,152.0
2026-05-06 15:00:00+00:00,162.0,144,162.0
2026-05-06 15:30:00+00:00,172.0,161,172.0
2026-05-06 16:00:00+00:00,179.0,173,179.0
2026-05-06 16:30:00+00:00,178.0,177,178.0
2026-05-06 17:00:00+00:00,184.0,189,184.0
2026-05-06 17:30:00+00:00,186.0,185,186.0
2026-05-06 18:00:00+00:00,189.0,192,189.0
2026-05-06 18:30:00+00:00,197.0,194,197.0
2026-05-06 19:00:00+00:00,196.0,198,196.0
2026-05-06 19:30:00+00:00,196.0,196,196.0
2026-05-06 20:00:00+00:00,193.0,200,193.0
2026-05-06 20:30:00+00:00,188.0,206,188.0
2026-05-06 21:00:00+00:00,180.0,191,180.0
2026-05-06 21:30:00+00:00,177.0,181,177.0
2026-05-06 22:00:00+00:00,173.0,156,173.0
2026-05-06 22:30:00+00:00,173.0,162,173.0
2026-05-06 23:00:00+00:00,171.0,152,171.0
2026-05-06 23:30:00+00:00,171.0,139,171.0
2026-05-07 00:00:00+00:00,173.0,163,173.0
2026-05-07 00:30:00+00:00,168.0,167,168.0
2026-05-07 01:00:00+00:00,168.0,161,168.0
2026-05-07 01:30:00+00:00,171.0,164,171.0
2026-05-07 02:00:00+00:00,170.0,168,170.0
2026-05-07 02:30:00+00:00,172.0,169,172.0
2026-05-07 03:00:00+00:00,173.0,172,173.0
2026-05-07 03:30:00+00:00,174.0,174,174.0
2026-05-07 04:00:00+00:00,176.0,171,176.0
2026-05-07 04:30:00+00:00,178.0,172,178.0
2026-05-07 05:00:00+00:00,186.0,178,186.0
2026-05-07 05:30:00+00:00,180.0,184,180.0
2026-05-07 06:00:00+00:00,177.0,196,177.0
2026-05-07 06:30:00+00:00,173.0,172,173.0
2026-05-07 07:00:00+00:00,166.0,170,166.0
2026-05-07 07:30:00+00:00,161.0,166,161.0
2026-05-07 08:00:00+00:00,151.0,154,151.0
2026-05-07 08:30:00+00:00,144.0,141,144.0
2026-05-07 09:00:00+00:00,142.0,130,142.0
2026-05-07 09:30:00+00:00,141.0,134,141.0
2026-05-07 10:00:00+00:00,137.0,135,137.0
2026-05-07 10:30:00+00:00,136.0,133,136.0
2026-05-07 11:00:00+00:00,136.0,132,136.0
2026-05-07 11:30:00+00:00,134.0,128,134.0
2026-05-07 12:00:00+00:00,134.0,126,134.0
2026-05-07 12:30:00+00:00,129.0,123,129.0
2026-05-07 13:00:00+00:00,133.0,130,133.0
2026-05-07 13:30:00+00:00,135.0,126,135.0
2026-05-07 14:00:00+00:00,141.0,135,141.0
2026-05-07 14:30:00+00:00,144.0,132,144.0
2026-05-07 15:00:00+00:00,147.0,150,147.0
2026-05-07 15:30:00+00:00,156.0,167,156.0
2026-05-07 16:00:00+00:00,162.0,163,162.0
2026-05-07 16:30:00+00:00,167.0,164,167.0
2026-05-07 17:00:00+00:00,172.0,169,172.0
2026-05-07 17:30:00+00:00,183.0,171,183.0
2026-05-07 18:00:00+00:00,187.0,184,187.0
2026-05-07 18:30:00+00:00,190.0,184,190.0
2026-05-07 19:00:00+00:00,190.0,191,190.0
2026-05-07 19:30:00+00:00,189.0,188,189.0
2026-05-07 20:00:00+00:00,189.0,187,189.0
2026-05-07 20:30:00+00:00,192.0,184,192.0
2026-05-07 21:00:00+00:00,187.0,188,187.0
2026-05-07 21:30:00+00:00,186.0,177,186.0
2026-05-07 22:00:00+00:00,185.0,159,185.0
2026-05-07 22:30:00+00:00,183.0,180,183.0
2026-05-07 23:00:00+00:00,184.0,176,184.0
2026-05-07 23:30:00+00:00,185.0,177,185.0
2026-05-08 00:00:00+00:00,189.0,187,189.0
2026-05-08 00:30:00+00:00,191.0,182,191.0
2026-05-08 01:00:00+00:00,191.0,184,191.0
2026-05-08 01:30:00+00:00,192.0,194,192.0
2026-05-08 02:00:00+00:00,191.0,198,191.0
2026-05-08 02:30:00+00:00,193.0,197,193.0
2026-05-08 03:00:00+00:00,197.0,191,197.0
2026-05-08 03:30:00+00:00,192.0,195,192.0
2026-05-08 04:00:00+00:00,195.0,201,195.0
2026-05-08 04:30:00+00:00,197.0,197,197.0
2026-05-08 05:00:00+00:00,200.0,197,200.0
2026-05-08 05:30:00+00:00,194.0,201,194.0
2026-05-08 06:00:00+00:00,188.0,198,188.0
2026-05-08 06:30:00+00:00,185.0,192,185.0
2026-05-08 07:00:00+00:00,176.0,185,176.0
2026-05-08 07:30:00+00:00,166.0,170,166.0
2026-05-08 08:00:00+00:00,159.0,168,159.0
2026-05-08 08:30:00+00:00,153.0,153,153.0
2026-05-08 09:00:00+00:00,150.0,154,150.0
2026-05-08 09:30:00+00:00,145.0,147,145.0
2026-05-08 10:00:00+00:00,140.0,137,140.0
2026-05-08 10:30:00+00:00,137.0,144,137.0
2026-05-08 11:00:00+00:00,134.0,138,134.0
2026-05-08 11:30:00+00:00,128.0,134,128.0
2026-05-08 12:00:00+00:00,127.0,135,127.0
2026-05-08 12:30:00+00:00,127.0,135,127.0
2026-05-08 13:00:00+00:00,128.0,141,128.0
2026-05-08 13:30:00+00:00,129.0,127,129.0
2026-05-08 14:00:00+00:00,133.0,131,133.0
2026-05-08 14:30:00+00:00,141.0,133,141.0
2026-05-08 15:00:00+00:00,150.0,142,150.0
2026-05-08 15:30:00+00:00,160.0,156,160.0
2026-05-08 16:00:00+00:00,169.0,165,169.0
2026-05-08 16:30:00+00:00,174.0,171,174.0
2026-05-08 17:00:00+00:00,180.0,182,180.0
2026-05-08 17:30:00+00:00,187.0,183,187.0
2026-05-08 18:00:00+00:00,191.0,188,191.0
2026-05-08 18:30:00+00:00,195.0,196,195.0
2026-05-08 19:00:00+00:00,198.0,198,198.0
2026-05-08 19:30:00+00:00,198.0,203,198.0
2026-05-08 20:00:00+00:00,196.0,206,196.0
2026-05-08 20:30:00+00:00,192.0,208,192.0
2026-05-08 21:00:00+00:00,182.0,201,182.0
2026-05-08 21:30:00+00:00,166.0,181,166.0
2026-05-08 22:00:00+00:00,161.0,180,161.0
2026-05-08 22:30:00+00:00,161.0,174,161.0
2026-05-08 23:00:00+00:00,160.0,177,160.0
2026-05-08 23:30:00+00:00,163.0,177,163.0
2026-05-09 00:00:00+00:00,163.0,163,163.0
2026-05-09 00:30:00+00:00,162.0,164,162.0
2026-05-09 01:00:00+00:00,161.0,158,161.0
2026-05-09 01:30:00+00:00,158.0,159,158.0
2026-05-09 02:00:00+00:00,160.0,159,160.0
2026-05-09 02:30:00+00:00,163.0,158,163.0
2026-05-09 03:00:00+00:00,163.0,159,163.0
2026-05-09 03:30:00+00:00,160.0,170,160.0
2026-05-09 04:00:00+00:00,151.0,164,151.0
2026-05-09 04:30:00+00:00,145.0,165,145.0
2026-05-09 05:00:00+00:00,139.0,163,139.0
2026-05-09 05:30:00+00:00,126.0,146,126.0
2026-05-09 06:00:00+00:00,113.0,142,113.0
2026-05-09 06:30:00+00:00,106.0,126,106.0
2026-05-09 07:00:00+00:00,94.0,115,94.0
2026-05-09 07:30:00+00:00,85.0,91,85.0
2026-05-09 08:00:00+00:00,77.0,81,77.0
2026-05-09 08:30:00+00:00,73.0,76,73.0
2026-05-09 09:00:00+00:00,71.0,70,71.0
2026-05-09 09:30:00+00:00,68.0,67,68.0
2026-05-09 10:00:00+00:00,65.0,63,65.0
2026-05-09 10:30:00+00:00,66.0,63,66.0
2026-05-09 11:00:00+00:00,66.0,60,66.0
2026-05-09 11:30:00+00:00,67.0,60,67.0
2026-05-09 12:00:00+00:00,66.0,61,66.0
2026-05-09 12:30:00+00:00,64.0,57,64.0
2026-05-09 13:00:00+00:00,68.0,61,68.0
2026-05-09 13:30:00+00:00,68.0,63,68.0
2026-05-09 14:00:00+00:00,74.0,62,74.0
2026-05-09 14:30:00+00:00,81.0,62,81.0
2026-05-09 15:00:00+00:00,92.0,67,92.0
2026-05-09 15:30:00+00:00,107.0,78,107.0
2026-05-09 16:00:00+00:00,123.0,85,123.0
2026-05-09 16:30:00+00:00,138.0,109,138.0
2026-05-09 17:00:00+00:00,143.0,120,143.0
2026-05-09 17:30:00+00:00,150.0,141,150.0
2026-05-09 18:00:00+00:00,158.0,234,158.0
2026-05-09 18:30:00+00:00,163.0,150,163.0
2026-05-09 19:00:00+00:00,163.0,158,163.0
2026-05-09 19:30:00+00:00,165.0,165,165.0
2026-05-09 20:00:00+00:00,166.0,163,166.0
2026-05-09 20:30:00+00:00,170.0,165,170.0
2026-05-09 21:00:00+00:00,165.0,142,165.0
2026-05-09 21:30:00+00:00,144.0,170,144.0
2026-05-09 22:00:00+00:00,129.0,165,129.0
2026-05-09 22:30:00+00:00,122.0,158,122.0
2026-05-09 23:00:00+00:00,115.0,151,115.0
2026-05-09 23:30:00+00:00,110.0,143,110.0
2026-05-10 00:00:00+00:00,108.0,117,108.0
2026-05-10 00:30:00+00:00,107.0,111,107.0
2026-05-10 01:00:00+00:00,105.0,105,105.0
2026-05-10 01:30:00+00:00,96.0,104,96.0
2026-05-10 02:00:00+00:00,93.0,104,93.0
2026-05-10 02:30:00+00:00,85.0,97,85.0
2026-05-10 03:00:00+00:00,80.0,97,80.0
2026-05-10 03:30:00+00:00,74.0,86,74.0
2026-05-10 04:00:00+00:00,73.0,84,73.0
2026-05-10 04:30:00+00:00,80.0,74,80.0
2026-05-10 05:00:00+00:00,79.0,77,79.0
2026-05-10 05:30:00+00:00,85.0,79,85.0
2026-05-10 06:00:00+00:00,82.0,78,82.0
2026-05-10 06:30:00+00:00,79.0,82,79.0
2026-05-10 07:00:00+00:00,73.0,79,73.0
2026-05-10 07:30:00+00:00,69.0,74,69.0
2026-05-10 08:00:00+00:00,67.0,68,67.0
2026-05-10 08:30:00+00:00,62.0,63,62.0
2026-05-10 09:00:00+00:00,62.0,62,62.0
2026-05-10 09:30:00+00:00,61.0,56,61.0
2026-05-10 10:00:00+00:00,60.0,57,60.0
2026-05-10 10:30:00+00:00,60.0,56,60.0
2026-05-10 11:00:00+00:00,57.0,55,57.0
2026-05-10 11:30:00+00:00,56.0,56,56.0
2026-05-10 12:00:00+00:00,55.0,54,55.0
2026-05-10 12:30:00+00:00,55.0,53,55.0
2026-05-10 13:00:00+00:00,55.0,53,55.0
2026-05-10 13:30:00+00:00,54.0,52,54.0
2026-05-10 14:00:00+00:00,53.0,53,53.0
2026-05-10 14:30:00+00:00,55.0,52,55.0
2026-05-10 15:00:00+00:00,63.0,50,63.0
2026-05-10 15:30:00+00:00,78.0,50,78.0
2026-05-10 16:00:00+00:00,92.0,58,92.0
2026-05-10 16:30:00+00:00,102.0,73,102.0
2026-05-10 17:00:00+00:00,111.0,92,111.0
2026-05-10 17:30:00+00:00,122.0,96,122.0
2026-05-10 18:00:00+00:00,131.0,105,131.0
2026-05-10 18:30:00+00:00,136.0,124,136.0
2026-05-10 19:00:00+00:00,141.0,132,141.0
2026-05-10 19:30:00+00:00,140.0,133,140.0
2026-05-10 20:00:00+00:00,139.0,139,139.0
2026-05-10 20:30:00+00:00,140.0,142,140.0
2026-05-10 21:00:00+00:00,132.0,142,132.0
2026-05-10 21:30:00+00:00,119.0,131,119.0
2026-05-10 22:00:00+00:00,114.0,130,114.0
2026-05-10 22:30:00+00:00,112.0,123,112.0
2026-05-10 23:00:00+00:00,113.0,121,113.0
2026-05-10 23:30:00+00:00,112.0,119,112.0
2026-05-11 00:00:00+00:00,112.0,113,112.0
2026-05-11 00:30:00+00:00,106.0,112,106.0
2026-05-11 01:00:00+00:00,104.0,115,104.0
2026-05-11 01:30:00+00:00,106.0,102,106.0
2026-05-11 02:00:00+00:00,108.0,111,108.0
2026-05-11 02:30:00+00:00,108.0,108,108.0
2026-05-11 03:00:00+00:00,98.0,107,98.0
2026-05-11 03:30:00+00:00,100.0,100,100.0
2026-05-11 04:00:00+00:00,102.0,99,102.0
2026-05-11 04:30:00+00:00,115.0,98,115.0
2026-05-11 05:00:00+00:00,129.0,101,129.0
2026-05-11 05:30:00+00:00,128.0,115,128.0
2026-05-11 06:00:00+00:00,128.0,125,128.0
2026-05-11 06:30:00+00:00,112.0,117,112.0
2026-05-11 07:00:00+00:00,110.0,118,110.0
2026-05-11 07:30:00+00:00,97.0,104,97.0
2026-05-11 08:00:00+00:00,90.0,107,90.0
2026-05-11 08:30:00+00:00,92.0,98,92.0
2026-05-11 09:00:00+00:00,93.0,84,93.0
2026-05-11 09:30:00+00:00,91.0,84,91.0
2026-05-11 10:00:00+00:00,92.0,86,92.0
2026-05-11 10:30:00+00:00,95.0,89,95.0
2026-05-11 11:00:00+00:00,93.0,88,93.0
2026-05-11 11:30:00+00:00,91.0,89,91.0
2026-05-11 12:00:00+00:00,86.0,88,86.0
2026-05-11 12:30:00+00:00,83.0,88,83.0
2026-05-11 13:00:00+00:00,85.0,86,85.0
2026-05-11 13:30:00+00:00,84.0,81,84.0
2026-05-11 14:00:00+00:00,87.0,85,87.0
2026-05-11 14:30:00+00:00,94.0,84,94.0
2026-05-11 15:00:00+00:00,98.0,86,98.0
2026-05-11 15:30:00+00:00,104.0,94,104.0
2026-05-11 16:00:00+00:00,113.0,97,113.0
2026-05-11 16:30:00+00:00,114.0,111,114.0
2026-05-11 17:00:00+00:00,118.0,111,118.0
2026-05-11 17:30:00+00:00,123.0,116,123.0
2026-05-11 18:00:00+00:00,126.0,125,126.0
2026-05-11 18:30:00+00:00,132.0,130,132.0
2026-05-11 19:00:00+00:00,134.0,136,134.0
2026-05-11 19:30:00+00:00,140.0,136,140.0
2026-05-11 20:00:00+00:00,140.0,142,140.0
2026-05-11 20:30:00+00:00,138.0,139,138.0
2026-05-11 21:00:00+00:00,118.0,143,118.0
2026-05-11 21:30:00+00:00,102.0,134,102.0
2026-05-11 22:00:00+00:00,98.0,125,98.0
2026-05-11 22:30:00+00:00,97.0,103,97.0
2026-05-11 23:00:00+00:00,96.0,104,96.0
2026-05-11 23:30:00+00:00,95.0,103,95.0
2026-05-12 00:00:00+00:00,95.0,95,95.0
2026-05-12 00:30:00+00:00,86.0,96,86.0
2026-05-12 01:00:00+00:00,85.0,96,85.0
2026-05-12 01:30:00+00:00,83.0,90,83.0
2026-05-12 02:00:00+00:00,74.0,83,74.0
2026-05-12 02:30:00+00:00,76.0,81,76.0
2026-05-12 03:00:00+00:00,76.0,73,76.0
2026-05-12 03:30:00+00:00,84.0,70,84.0
2026-05-12 04:00:00+00:00,83.0,70,83.0
2026-05-12 04:30:00+00:00,88.0,75,88.0
2026-05-12 05:00:00+00:00,95.0,74,95.0
2026-05-12 05:30:00+00:00,88.0,75,88.0
2026-05-12 06:00:00+00:00,82.0,75,82.0
2026-05-12 06:30:00+00:00,74.0,79,74.0
2026-05-12 07:00:00+00:00,62.0,74,62.0
2026-05-12 07:30:00+00:00,55.0,68,55.0
2026-05-12 08:00:00+00:00,47.0,57,47.0
2026-05-12 08:30:00+00:00,44.0,49,44.0
2026-05-12 09:00:00+00:00,39.0,40,39.0
2026-05-12 09:30:00+00:00,40.0,37,40.0
2026-05-12 10:00:00+00:00,37.0,36,37.0
2026-05-12 10:30:00+00:00,35.0,30,35.0
2026-05-12 11:00:00+00:00,36.0,30,36.0
2026-05-12 11:30:00+00:00,35.0,29,35.0
2026-05-12 12:00:00+00:00,35.0,29,35.0
2026-05-12 12:30:00+00:00,34.0,28,34.0
2026-05-12 13:00:00+00:00,32.0,30,32.0
2026-05-12 13:30:00+00:00,36.0,29,36.0
2026-05-12 14:00:00+00:00,40.0,29,40.0
2026-05-12 14:30:00+00:00,55.0,33,55.0
2026-05-12 15:00:00+00:00,62.0,37,62.0
2026-05-12 15:30:00+00:00,74.0,53,74.0
2026-05-12 16:00:00+00:00,86.0,59,86.0
2026-05-12 16:30:00+00:00,101.0,66,101.0
2026-05-12 17:00:00+00:00,113.0,79,113.0
2026-05-12 17:30:00+00:00,123.0,99,123.0
2026-05-12 18:00:00+00:00,135.0,114,135.0
2026-05-12 18:30:00+00:00,134.0,130,134.0
2026-05-12 19:00:00+00:00,139.0,142,139.0
2026-05-12 19:30:00+00:00,138.0,143,138.0
2026-05-12 20:00:00+00:00,129.0,150,129.0
2026-05-12 20:30:00+00:00,121.0,135,121.0
2026-05-12 21:00:00+00:00,112.0,128,112.0
2026-05-12 21:30:00+00:00,97.0,118,97.0
2026-05-12 22:00:00+00:00,82.0,108,82.0
2026-05-12 22:30:00+00:00,76.0,94,76.0
2026-05-12 23:00:00+00:00,73.0,92,73.0
2026-05-12 23:30:00+00:00,76.0,90,76.0
2026-05-13 00:00:00+00:00,77.0,71,77.0
2026-05-13 00:30:00+00:00,79.0,76,79.0
2026-05-13 01:00:00+00:00,83.0,76,83.0
2026-05-13 01:30:00+00:00,81.0,76,81.0
2026-05-13 02:00:00+00:00,75.0,79,75.0
2026-05-13 02:30:00+00:00,80.0,79,80.0
2026-05-13 03:00:00+00:00,80.0,72,80.0
2026-05-13 03:30:00+00:00,86.0,74,86.0
2026-05-13 04:00:00+00:00,83.0,75,83.0
2026-05-13 04:30:00+00:00,85.0,80,85.0
2026-05-13 05:00:00+00:00,102.0,75,102.0
2026-05-13 05:30:00+00:00,102.0,78,102.0
2026-05-13 06:00:00+00:00,100.0,84,100.0
2026-05-13 06:30:00+00:00,87.0,87,87.0
2026-05-13 07:00:00+00:00,83.0,84,83.0
2026-05-13 07:30:00+00:00,82.0,79,82.0
2026-05-13 08:00:00+00:00,78.0,73,78.0
2026-05-13 08:30:00+00:00,78.0,72,78.0
2026-05-13 09:00:00+00:00,83.0,69,83.0
2026-05-13 09:30:00+00:00,81.0,68,81.0
2026-05-13 10:00:00+00:00,81.0,69,81.0
2026-05-13 10:30:00+00:00,80.0,73,80.0
2026-05-13 11:00:00+00:00,78.0,71,78.0
2026-05-13 11:30:00+00:00,79.0,66,79.0
2026-05-13 12:00:00+00:00,82.0,73,82.0
2026-05-13 12:30:00+00:00,79.0,74,79.0
2026-05-13 13:00:00+00:00,84.0,80,84.0
2026-05-13 13:30:00+00:00,90.0,73,90.0
2026-05-13 14:00:00+00:00,97.0,74,97.0
2026-05-13 14:30:00+00:00,106.0,84,106.0
2026-05-13 15:00:00+00:00,116.0,93,116.0
2026-05-13 15:30:00+00:00,132.0,103,132.0
2026-05-13 16:00:00+00:00,145.0,119,145.0
2026-05-13 16:30:00+00:00,149.0,129,149.0
2026-05-13 17:00:00+00:00,162.0,142,162.0
2026-05-13 17:30:00+00:00,163.0,158,163.0
2026-05-13 18:00:00+00:00,165.0,161,165.0
2026-05-13 18:30:00+00:00,163.0,172,163.0
2026-05-13 19:00:00+00:00,164.0,177,164.0
2026-05-13 19:30:00+00:00,166.0,167,166.0
2026-05-13 20:00:00+00:00,163.0,174,163.0
2026-05-13 20:30:00+00:00,167.0,173,167.0
2026-05-13 21:00:00+00:00,161.0,155,161.0
2026-05-13 21:30:00+00:00,132.0,162,132.0
2026-05-13 22:00:00+00:00,115.0,156,115.0
2026-05-13 22:30:00+00:00,104.0,128,104.0
2026-05-13 23:00:00+00:00,92.0,123,92.0
2026-05-13 23:30:00+00:00,92.0,122,92.0
2026-05-14 00:00:00+00:00,94.0,93,94.0
2026-05-14 00:30:00+00:00,87.0,90,87.0
2026-05-14 01:00:00+00:00,89.0,94,89.0
2026-05-14 01:30:00+00:00,88.0,90,88.0
2026-05-14 02:00:00+00:00,92.0,85,92.0
2026-05-14 02:30:00+00:00,91.0,86,91.0
2026-05-14 03:00:00+00:00,89.0,90,89.0
2026-05-14 03:30:00+00:00,86.0,87,86.0
2026-05-14 04:00:00+00:00,94.0,89,94.0
2026-05-14 04:30:00+00:00,91.0,89,91.0
2026-05-14 05:00:00+00:00,107.0,88,107.0
2026-05-14 05:30:00+00:00,114.0,89,114.0
2026-05-14 06:00:00+00:00,111.0,97,111.0
2026-05-14 06:30:00+00:00,104.0,97,104.0
2026-05-14 07:00:00+00:00,102.0,98,102.0
2026-05-14 07:30:00+00:00,100.0,92,100.0
2026-05-14 08:00:00+00:00,91.0,90,91.0
2026-05-14 08:30:00+00:00,80.0,93,80.0
2026-05-14 09:00:00+00:00,77.0,90,77.0
2026-05-14 09:30:00+00:00,69.0,77,69.0
2026-05-14 10:00:00+00:00,65.0,72,65.0
2026-05-14 10:30:00+00:00,67.0,64,67.0
2026-05-14 11:00:00+00:00,64.0,61,64.0
2026-05-14 11:30:00+00:00,61.0,61,61.0
2026-05-14 12:00:00+00:00,58.0,55,58.0
2026-05-14 12:30:00+00:00,57.0,55,57.0
2026-05-14 13:00:00+00:00,61.0,54,61.0
2026-05-14 13:30:00+00:00,70.0,54,70.0
2026-05-14 14:00:00+00:00,69.0,58,69.0
2026-05-14 14:30:00+00:00,69.0,74,69.0
2026-05-14 15:00:00+00:00,83.0,70,83.0
2026-05-14 15:30:00+00:00,100.0,72,100.0
2026-05-14 16:00:00+00:00,113.0,82,113.0
2026-05-14 16:30:00+00:00,130.0,106,130.0
2026-05-14 17:00:00+00:00,138.0,114,138.0
2026-05-14 17:30:00+00:00,147.0,131,147.0
2026-05-14 18:00:00+00:00,154.0,138,154.0
2026-05-14 18:30:00+00:00,159.0,152,159.0
2026-05-14 19:00:00+00:00,164.0,153,164.0
2026-05-14 19:30:00+00:00,165.0,165,165.0
2026-05-14 20:00:00+00:00,163.0,160,163.0
2026-05-14 20:30:00+00:00,169.0,164,169.0
2026-05-14 21:00:00+00:00,162.0,158,162.0
2026-05-14 21:30:00+00:00,151.0,160,151.0
2026-05-14 22:00:00+00:00,139.0,156,139.0
2026-05-14 22:30:00+00:00,129.0,151,129.0
2026-05-14 23:00:00+00:00,118.0,143,118.0
2026-05-14 23:30:00+00:00,110.0,135,110.0
2026-05-15 00:00:00+00:00,98.0,119,98.0
2026-05-15 00:30:00+00:00,91.0,111,91.0
2026-05-15 01:00:00+00:00,90.0,102,90.0
2026-05-15 01:30:00+00:00,91.0,93,91.0
2026-05-15 02:00:00+00:00,89.0,91,89.0
2026-05-15 02:30:00+00:00,88.0,84,88.0
2026-05-15 03:00:00+00:00,91.0,87,91.0
2026-05-15 03:30:00+00:00,93.0,90,93.0
2026-05-15 04:00:00+00:00,88.0,92,88.0
2026-05-15 04:30:00+00:00,95.0,90,95.0
2026-05-15 05:00:00+00:00,101.0,87,101.0
2026-05-15 05:30:00+00:00,93.0,87,93.0
2026-05-15 06:00:00+00:00,94.0,95,94.0
2026-05-15 06:30:00+00:00,84.0,86,84.0
2026-05-15 07:00:00+00:00,77.0,87,77.0
2026-05-15 07:30:00+00:00,71.0,77,71.0
2026-05-15 08:00:00+00:00,64.0,69,64.0
2026-05-15 08:30:00+00:00,62.0,65,62.0
2026-05-15 09:00:00+00:00,60.0,58,60.0
2026-05-15 09:30:00+00:00,61.0,52,61.0
2026-05-15 10:00:00+00:00,58.0,51,58.0
2026-05-15 10:30:00+00:00,57.0,55,57.0
2026-05-15 11:00:00+00:00,58.0,55,58.0
2026-05-15 11:30:00+00:00,61.0,50,61.0
2026-05-15 12:00:00+00:00,61.0,50,61.0
2026-05-15 12:30:00+00:00,59.0,58,59.0
2026-05-15 13:00:00+00:00,59.0,58,59.0
2026-05-15 13:30:00+00:00,62.0,57,62.0
2026-05-15 14:00:00+00:00,66.0,58,66.0
2026-05-15 14:30:00+00:00,70.0,63,70.0
2026-05-15 15:00:00+00:00,83.0,67,83.0
2026-05-15 15:30:00+00:00,98.0,72,98.0
2026-05-15 16:00:00+00:00,115.0,89,115.0
2026-05-15 16:30:00+00:00,129.0,95,129.0
2026-05-15 17:00:00+00:00,139.0,126,139.0
2026-05-15 17:30:00+00:00,144.0,137,144.0
2026-05-15 18:00:00+00:00,153.0,146,153.0
2026-05-15 18:30:00+00:00,163.0,164,163.0
2026-05-15 19:00:00+00:00,169.0,174,169.0
2026-05-15 19:30:00+00:00,163.0,177,163.0
2026-05-15 20:00:00+00:00,161.0,170,161.0
2026-05-15 20:30:00+00:00,169.0,167,169.0
2026-05-15 21:00:00+00:00,169.0,163,169.0
2026-05-15 21:30:00+00:00,157.0,164,157.0
2026-05-15 22:00:00+00:00,149.0,156,149.0
2026-05-15 22:30:00+00:00,157.0,152,157.0
2026-05-15 23:00:00+00:00,154.0,145,154.0
2026-05-15 23:30:00+00:00,153.0,141,153.0
2026-05-16 00:00:00+00:00,153.0,153,153.0
2026-05-16 00:30:00+00:00,150.0,151,150.0
2026-05-16 01:00:00+00:00,150.0,160,150.0
2026-05-16 01:30:00+00:00,146.0,154,146.0
2026-05-16 02:00:00+00:00,140.0,156,140.0
2026-05-16 02:30:00+00:00,138.0,151,138.0
2026-05-16 03:00:00+00:00,142.0,144,142.0
2026-05-16 03:30:00+00:00,142.0,132,142.0
2026-05-16 04:00:00+00:00,137.0,134,137.0
2026-05-16 04:30:00+00:00,142.0,155,142.0
2026-05-16 05:00:00+00:00,144.0,144,144.0
2026-05-16 05:30:00+00:00,146.0,146,146.0
2026-05-16 06:00:00+00:00,149.0,145,149.0
2026-05-16 06:30:00+00:00,148.0,156,148.0
2026-05-16 07:00:00+00:00,141.0,155,141.0
2026-05-16 07:30:00+00:00,136.0,152,136.0
2026-05-16 08:00:00+00:00,129.0,148,129.0
2026-05-16 08:30:00+00:00,130.0,140,130.0
2026-05-16 09:00:00+00:00,133.0,132,133.0
2026-05-16 09:30:00+00:00,134.0,135,134.0
2026-05-16 10:00:00+00:00,134.0,137,134.0
2026-05-16 10:30:00+00:00,135.0,134,135.0
2026-05-16 11:00:00+00:00,135.0,137,135.0
2026-05-16 11:30:00+00:00,137.0,134,137.0
2026-05-16 12:00:00+00:00,138.0,135,138.0
2026-05-16 12:30:00+00:00,139.0,139,139.0
2026-05-16 13:00:00+00:00,144.0,140,144.0
2026-05-16 13:30:00+00:00,149.0,140,149.0
2026-05-16 14:00:00+00:00,153.0,146,153.0
2026-05-16 14:30:00+00:00,157.0,151,157.0
2026-05-16 15:00:00+00:00,164.0,162,164.0
2026-05-16 15:30:00+00:00,165.0,164,165.0
2026-05-16 16:00:00+00:00,168.0,169,168.0
2026-05-16 16:30:00+00:00,169.0,169,169.0
2026-05-16 17:00:00+00:00,169.0,173,169.0
2026-05-16 17:30:00+00:00,167.0,170,167.0
2026-05-16 18:00:00+00:00,165.0,174,165.0
2026-05-16 18:30:00+00:00,161.0,173,161.0
2026-05-16 19:00:00+00:00,158.0,169,158.0
2026-05-16 19:30:00+00:00,158.0,166,158.0
2026-05-16 20:00:00+00:00,155.0,161,155.0
2026-05-16 20:30:00+00:00,151.0,161,151.0
2026-05-16 21:00:00+00:00,137.0,153,137.0
2026-05-16 21:30:00+00:00,121.0,147,121.0
2026-05-16 22:00:00+00:00,112.0,122,112.0
2026-05-16 22:30:00+00:00,110.0,117,110.0
2026-05-16 23:00:00+00:00,108.0,109,108.0
2026-05-16 23:30:00+00:00,101.0,102,101.0
2026-05-17 00:00:00+00:00,95.0,104,95.0
2026-05-17 00:30:00+00:00,90.0,102,90.0
2026-05-17 01:00:00+00:00,89.0,97,89.0
2026-05-17 01:30:00+00:00,91.0,94,91.0
2026-05-17 02:00:00+00:00,93.0,91,93.0
2026-05-17 02:30:00+00:00,98.0,95,98.0
2026-05-17 03:00:00+00:00,100.0,97,100.0
2026-05-17 03:30:00+00:00,108.0,100,108.0
2026-05-17 04:00:00+00:00,101.0,96,101.0
2026-05-17 04:30:00+00:00,91.0,99,91.0
2026-05-17 05:00:00+00:00,89.0,102,89.0
2026-05-17 05:30:00+00:00,86.0,86,86.0
2026-05-17 06:00:00+00:00,81.0,85,81.0
2026-05-17 06:30:00+00:00,84.0,77,84.0
2026-05-17 07:00:00+00:00,83.0,80,83.0
2026-05-17 07:30:00+00:00,80.0,82,80.0
2026-05-17 08:00:00+00:00,75.0,87,75.0
2026-05-17 08:30:00+00:00,78.0,74,78.0
2026-05-17 09:00:00+00:00,77.0,69,77.0
2026-05-17 09:30:00+00:00,72.0,75,72.0
2026-05-17 10:00:00+00:00,71.0,70,71.0
2026-05-17 10:30:00+00:00,69.0,72,69.0
2026-05-17 11:00:00+00:00,69.0,69,69.0
2026-05-17 11:30:00+00:00,70.0,64,70.0
2026-05-17 12:00:00+00:00,71.0,66,71.0
2026-05-17 12:30:00+00:00,70.0,67,70.0
2026-05-17 13:00:00+00:00,71.0,68,71.0
2026-05-17 13:30:00+00:00,76.0,69,76.0
2026-05-17 14:00:00+00:00,80.0,68,80.0
2026-05-17 14:30:00+00:00,88.0,74,88.0
2026-05-17 15:00:00+00:00,100.0,87,100.0
2026-05-17 15:30:00+00:00,124.0,100,124.0
2026-05-17 16:00:00+00:00,140.0,115,140.0
2026-05-17 16:30:00+00:00,153.0,136,153.0
2026-05-17 17:00:00+00:00,166.0,155,166.0
2026-05-17 17:30:00+00:00,167.0,161,167.0
2026-05-17 18:00:00+00:00,171.0,178,171.0
2026-05-17 18:30:00+00:00,180.0,191,180.0
2026-05-17 19:00:00+00:00,186.0,183,186.0
2026-05-17 19:30:00+00:00,195.0,200,195.0
2026-05-17 20:00:00+00:00,197.0,202,197.0
2026-05-17 20:30:00+00:00,195.0,206,195.0
2026-05-17 21:00:00+00:00,195.0,209,195.0
2026-05-17 21:30:00+00:00,195.0,202,195.0
2026-05-17 22:00:00+00:00,199.0,195,199.0
2026-05-17 22:30:00+00:00,200.0,198,200.0
2026-05-17 23:00:00+00:00,198.0,196,198.0
2026-05-17 23:30:00+00:00,196.0,193,196.0
2026-05-18 00:00:00+00:00,202.0,202,202.0
2026-05-18 00:30:00+00:00,201.0,205,201.0
2026-05-18 01:00:00+00:00,197.0,206,197.0
2026-05-18 01:30:00+00:00,200.0,208,200.0
2026-05-18 02:00:00+00:00,201.0,204,201.0
2026-05-18 02:30:00+00:00,200.0,196,200.0
2026-05-18 03:00:00+00:00,204.0,191,204.0
2026-05-18 03:30:00+00:00,217.0,198,217.0
2026-05-18 04:00:00+00:00,221.0,211,221.0
2026-05-18 04:30:00+00:00,226.0,230,226.0
2026-05-18 05:00:00+00:00,223.0,236,223.0
2026-05-18 05:30:00+00:00,218.0,237,218.0
2026-05-18 06:00:00+00:00,213.0,229,213.0
2026-05-18 06:30:00+00:00,211.0,226,211.0
2026-05-18 07:00:00+00:00,204.0,219,204.0
2026-05-18 07:30:00+00:00,200.0,217,200.0
2026-05-18 08:00:00+00:00,194.0,205,194.0
2026-05-18 08:30:00+00:00,190.0,199,190.0
2026-05-18 09:00:00+00:00,188.0,192,188.0
2026-05-18 09:30:00+00:00,184.0,185,184.0
2026-05-18 10:00:00+00:00,177.0,185,177.0
2026-05-18 10:30:00+00:00,172.0,183,172.0
2026-05-18 11:00:00+00:00,166.0,175,166.0
2026-05-18 11:30:00+00:00,162.0,170,162.0
2026-05-18 12:00:00+00:00,157.0,166,157.0
2026-05-18 12:30:00+00:00,155.0,162,155.0
2026-05-18 13:00:00+00:00,154.0,161,154.0
2026-05-18 13:30:00+00:00,148.0,156,148.0
2026-05-18 14:00:00+00:00,148.0,156,148.0
2026-05-18 14:30:00+00:00,154.0,153,154.0
2026-05-18 15:00:00+00:00,161.0,150,161.0
2026-05-18 15:30:00+00:00,165.0,147,165.0
2026-05-18 16:00:00+00:00,170.0,158,170.0
2026-05-18 16:30:00+00:00,167.0,168,167.0
2026-05-18 17:00:00+00:00,167.0,175,167.0
2026-05-18 17:30:00+00:00,169.0,172,169.0
2026-05-18 18:00:00+00:00,167.0,176,167.0
2026-05-18 18:30:00+00:00,172.0,174,172.0
2026-05-18 19:00:00+00:00,173.0,171,173.0
2026-05-18 19:30:00+00:00,176.0,181,176.0
2026-05-18 20:00:00+00:00,169.0,173,169.0
2026-05-18 20:30:00+00:00,148.0,177,148.0
2026-05-18 21:00:00+00:00,123.0,161,123.0
2026-05-18 21:30:00+00:00,96.0,129,96.0
2026-05-18 22:00:00+00:00,81.0,117,81.0
2026-05-18 22:30:00+00:00,73.0,93,73.0
2026-05-18 23:00:00+00:00,65.0,88,65.0
2026-05-18 23:30:00+00:00,60.0,79,60.0
2026-05-19 00:00:00+00:00,61.0,63,61.0
2026-05-19 00:30:00+00:00,56.0,54,56.0
2026-05-19 01:00:00+00:00,53.0,58,53.0
2026-05-19 01:30:00+00:00,54.0,53,54.0
2026-05-19 02:00:00+00:00,52.0,51,52.0
2026-05-19 02:30:00+00:00,50.0,49,50.0
2026-05-19 03:00:00+00:00,51.0,47,51.0
2026-05-19 03:30:00+00:00,52.0,46,52.0
2026-05-19 04:00:00+00:00,56.0,46,56.0
2026-05-19 04:30:00+00:00,66.0,49,66.0
2026-05-19 05:00:00+00:00,75.0,52,75.0
2026-05-19 05:30:00+00:00,71.0,59,71.0
2026-05-19 06:00:00+00:00,73.0,64,73.0
2026-05-19 06:30:00+00:00,73.0,63,73.0
2026-05-19 07:00:00+00:00,69.0,63,69.0
2026-05-19 07:30:00+00:00,67.0,67,67.0
2026-05-19 08:00:00+00:00,66.0,65,66.0
2026-05-19 08:30:00+00:00,63.0,65,63.0
2026-05-19 09:00:00+00:00,60.0,66,60.0
2026-05-19 09:30:00+00:00,58.0,58,58.0
2026-05-19 10:00:00+00:00,61.0,60,61.0
2026-05-19 10:30:00+00:00,59.0,56,59.0
2026-05-19 11:00:00+00:00,53.0,57,53.0
2026-05-19 11:30:00+00:00,53.0,57,53.0
2026-05-19 12:00:00+00:00,53.0,49,53.0
2026-05-19 12:30:00+00:00,49.0,48,49.0
2026-05-19 13:00:00+00:00,49.0,45,49.0
2026-05-19 13:30:00+00:00,44.0,40,44.0
2026-05-19 14:00:00+00:00,47.0,41,47.0
2026-05-19 14:30:00+00:00,52.0,43,52.0
2026-05-19 15:00:00+00:00,55.0,44,55.0
2026-05-19 15:30:00+00:00,66.0,50,66.0
2026-05-19 16:00:00+00:00,75.0,54,75.0
2026-05-19 16:30:00+00:00,76.0,61,76.0
2026-05-19 17:00:00+00:00,82.0,69,82.0
2026-05-19 17:30:00+00:00,85.0,75,85.0
2026-05-19 18:00:00+00:00,87.0,79,87.0
2026-05-19 18:30:00+00:00,89.0,80,89.0
2026-05-19 19:00:00+00:00,91.0,81,91.0
2026-05-19 19:30:00+00:00,88.0,85,88.0
2026-05-19 20:00:00+00:00,80.0,89,80.0
2026-05-19 20:30:00+00:00,75.0,88,75.0
2026-05-19 21:00:00+00:00,68.0,79,68.0
2026-05-19 21:30:00+00:00,65.0,74,65.0
2026-05-19 22:00:00+00:00,59.0,70,59.0
2026-05-19 22:30:00+00:00,59.0,65,59.0
2026-05-19 23:00:00+00:00,58.0,66,58.0
2026-05-19 23:30:00+00:00,57.0,68,57.0
2026-05-20 00:00:00+00:00,56.0,58,56.0
2026-05-20 00:30:00+00:00,57.0,58,57.0
2026-05-20 01:00:00+00:00,57.0,60,57.0
2026-05-20 01:30:00+00:00,55.0,58,55.0
2026-05-20 02:00:00+00:00,54.0,57,54.0
2026-05-20 02:30:00+00:00,52.0,54,52.0
2026-05-20 03:00:00+00:00,51.0,53,51.0
2026-05-20 03:30:00+00:00,54.0,54,54.0
2026-05-20 04:00:00+00:00,59.0,52,59.0
2026-05-20 04:30:00+00:00,56.0,52,56.0
2026-05-20 05:00:00+00:00,67.0,56,67.0
2026-05-20 05:30:00+00:00,77.0,56,77.0
2026-05-20 06:00:00+00:00,79.0,54,79.0
2026-05-20 06:30:00+00:00,75.0,64,75.0
2026-05-20 07:00:00+00:00,70.0,62,70.0
2026-05-20 07:30:00+00:00,65.0,57,65.0
2026-05-20 08:00:00+00:00,60.0,57,60.0
2026-05-20 08:30:00+00:00,64.0,52,64.0
2026-05-20 09:00:00+00:00,55.0,53,55.0
2026-05-20 09:30:00+00:00,55.0,51,55.0
2026-05-20 10:00:00+00:00,56.0,49,56.0
2026-05-20 10:30:00+00:00,56.0,52,56.0
2026-05-20 11:00:00+00:00,56.0,52,56.0
2026-05-20 11:30:00+00:00,59.0,53,59.0
2026-05-20 12:00:00+00:00,60.0,53,60.0
2026-05-20 12:30:00+00:00,60.0,54,60.0
2026-05-20 13:00:00+00:00,64.0,53,64.0
2026-05-20 13:30:00+00:00,65.0,53,65.0
2026-05-20 14:00:00+00:00,68.0,53,68.0
2026-05-20 14:30:00+00:00,74.0,54,74.0
2026-05-20 15:00:00+00:00,82.0,58,82.0
2026-05-20 15:30:00+00:00,91.0,60,91.0
2026-05-20 16:00:00+00:00,103.0,62,103.0
2026-05-20 16:30:00+00:00,107.0,64,107.0
2026-05-20 17:00:00+00:00,114.0,70,114.0
2026-05-20 17:30:00+00:00,121.0,75,121.0
2026-05-20 18:00:00+00:00,127.0,82,127.0
2026-05-20 18:30:00+00:00,132.0,89,132.0
2026-05-20 19:00:00+00:00,136.0,107,136.0
2026-05-20 19:30:00+00:00,142.0,113,142.0
2026-05-20 20:00:00+00:00,139.0,116,139.0
2026-05-20 20:30:00+00:00,140.0,123,140.0
2026-05-20 21:00:00+00:00,129.0,123,129.0
2026-05-20 21:30:00+00:00,112.0,114,112.0
2026-05-20 22:00:00+00:00,110.0,111,110.0
2026-05-20 22:30:00+00:00,114.0,104,114.0
2026-05-20 23:00:00+00:00,111.0,98,111.0
2026-05-20 23:30:00+00:00,106.0,100,106.0
2026-05-21 00:00:00+00:00,104.0,100,104.0
2026-05-21 00:30:00+00:00,102.0,98,102.0
2026-05-21 01:00:00+00:00,104.0,99,104.0
2026-05-21 01:30:00+00:00,98.0,100,98.0
2026-05-21 02:00:00+00:00,93.0,100,93.0
2026-05-21 02:30:00+00:00,93.0,103,93.0
2026-05-21 03:00:00+00:00,94.0,105,94.0
2026-05-21 03:30:00+00:00,107.0,105,107.0
2026-05-21 04:00:00+00:00,115.0,111,115.0
2026-05-21 04:30:00+00:00,120.0,111,120.0
2026-05-21 05:00:00+00:00,121.0,118,121.0
2026-05-21 05:30:00+00:00,118.0,116,118.0
2026-05-21 06:00:00+00:00,124.0,115,124.0
2026-05-21 06:30:00+00:00,126.0,114,126.0
2026-05-21 07:00:00+00:00,120.0,120,120.0
2026-05-21 07:30:00+00:00,114.0,111,114.0
2026-05-21 08:00:00+00:00,104.0,123,104.0
2026-05-21 08:30:00+00:00,90.0,115,90.0
2026-05-21 09:00:00+00:00,78.0,89,78.0
2026-05-21 09:30:00+00:00,67.0,84,67.0
2026-05-21 10:00:00+00:00,62.0,66,62.0
2026-05-21 10:30:00+00:00,60.0,63,60.0
2026-05-21 11:00:00+00:00,58.0,59,58.0
2026-05-21 11:30:00+00:00,57.0,59,57.0
2026-05-21 12:00:00+00:00,56.0,56,56.0
2026-05-21 12:30:00+00:00,60.0,57,60.0
2026-05-21 13:00:00+00:00,63.0,48,63.0
2026-05-21 13:30:00+00:00,60.0,42,60.0
2026-05-21 14:00:00+00:00,61.0,74,61.0
2026-05-21 14:30:00+00:00,72.0,89,72.0
2026-05-21 15:00:00+00:00,86.0,55,86.0
2026-05-21 15:30:00+00:00,105.0,73,105.0
2026-05-21 16:00:00+00:00,127.0,89,127.0
2026-05-21 16:30:00+00:00,140.0,103,140.0
2026-05-21 17:00:00+00:00,153.0,140,153.0
2026-05-21 17:30:00+00:00,166.0,158,166.0
2026-05-21 18:00:00+00:00,177.0,167,177.0
2026-05-21 18:30:00+00:00,183.0,188,183.0
2026-05-21 19:00:00+00:00,187.0,196,187.0
2026-05-21 19:30:00+00:00,191.0,202,191.0
2026-05-21 20:00:00+00:00,188.0,198,188.0
2026-05-21 20:30:00+00:00,189.0,198,189.0
2026-05-21 21:00:00+00:00,182.0,195,182.0
2026-05-21 21:30:00+00:00,177.0,191,177.0
2026-05-21 22:00:00+00:00,169.0,185,169.0
2026-05-21 22:30:00+00:00,162.0,181,162.0
2026-05-21 23:00:00+00:00,157.0,164,157.0
2026-05-21 23:30:00+00:00,148.0,149,148.0
2026-05-22 00:00:00+00:00,141.0,143,141.0
2026-05-22 00:30:00+00:00,136.0,130,136.0
2026-05-22 01:00:00+00:00,138.0,129,138.0
2026-05-22 01:30:00+00:00,141.0,110,141.0
2026-05-22 02:00:00+00:00,142.0,122,142.0
2026-05-22 02:30:00+00:00,139.0,108,139.0
2026-05-22 03:00:00+00:00,131.0,138,131.0
2026-05-22 03:30:00+00:00,127.0,133,127.0
2026-05-22 04:00:00+00:00,124.0,134,124.0
2026-05-22 04:30:00+00:00,122.0,132,122.0
2026-05-22 05:00:00+00:00,122.0,126,122.0
2026-05-22 05:30:00+00:00,110.0,129,110.0
2026-05-22 06:00:00+00:00,107.0,116,107.0
2026-05-22 06:30:00+00:00,99.0,118,99.0
2026-05-22 07:00:00+00:00,93.0,91,93.0
2026-05-22 07:30:00+00:00,80.0,76,80.0
2026-05-22 08:00:00+00:00,71.0,69,71.0
2026-05-22 08:30:00+00:00,68.0,66,68.0
2026-05-22 09:00:00+00:00,68.0,65,68.0
2026-05-22 09:30:00+00:00,65.0,62,65.0
2026-05-22 10:00:00+00:00,59.0,57,59.0
2026-05-22 10:30:00+00:00,57.0,56,57.0
2026-05-22 11:00:00+00:00,57.0,52,57.0
2026-05-22 11:30:00+00:00,54.0,51,54.0
2026-05-22 12:00:00+00:00,53.0,51,53.0
2026-05-22 12:30:00+00:00,50.0,50,50.0
2026-05-22 13:00:00+00:00,51.0,51,51.0
2026-05-22 13:30:00+00:00,49.0,51,49.0
2026-05-22 14:00:00+00:00,51.0,52,51.0
2026-05-22 14:30:00+00:00,55.0,53,55.0
2026-05-22 15:00:00+00:00,66.0,43,66.0
2026-05-22 15:30:00+00:00,75.0,42,75.0
2026-05-22 16:00:00+00:00,96.0,53,96.0
2026-05-22 16:30:00+00:00,118.0,60,118.0
2026-05-22 17:00:00+00:00,127.0,127,127.0
2026-05-22 17:30:00+00:00,136.0,144,136.0
2026-05-22 18:00:00+00:00,144.0,129,144.0
2026-05-22 18:30:00+00:00,152.0,137,152.0
2026-05-22 19:00:00+00:00,156.0,150,156.0
2026-05-22 19:30:00+00:00,154.0,155,154.0
2026-05-22 20:00:00+00:00,153.0,163,153.0
2026-05-22 20:30:00+00:00,146.0,161,146.0
2026-05-22 21:00:00+00:00,142.0,154,142.0
2026-05-22 21:30:00+00:00,124.0,138,124.0
2026-05-22 22:00:00+00:00,113.0,131,113.0
2026-05-22 22:30:00+00:00,104.0,121,104.0
2026-05-22 23:00:00+00:00,96.0,117,96.0
2026-05-22 23:30:00+00:00,96.0,111,96.0
2026-05-23 00:00:00+00:00,94.0,98,94.0
2026-05-23 00:30:00+00:00,99.0,99,99.0
2026-05-23 01:00:00+00:00,103.0,90,103.0
2026-05-23 01:30:00+00:00,91.0,84,91.0
2026-05-23 02:00:00+00:00,101.0,105,101.0
2026-05-23 02:30:00+00:00,101.0,105,101.0
2026-05-23 03:00:00+00:00,93.0,96,93.0
2026-05-23 03:30:00+00:00,106.0,98,106.0
2026-05-23 04:00:00+00:00,107.0,95,107.0
2026-05-23 04:30:00+00:00,118.0,97,118.0
2026-05-23 05:00:00+00:00,124.0,112,124.0
2026-05-23 05:30:00+00:00,118.0,112,118.0
2026-05-23 06:00:00+00:00,117.0,126,117.0
2026-05-23 06:30:00+00:00,118.0,113,118.0
2026-05-23 07:00:00+00:00,111.0,99,111.0
2026-05-23 07:30:00+00:00,105.0,84,105.0
2026-05-23 08:00:00+00:00,97.0,99,97.0
2026-05-23 08:30:00+00:00,87.0,92,87.0
2026-05-23 09:00:00+00:00,73.0,92,73.0
2026-05-23 09:30:00+00:00,68.0,87,68.0
2026-05-23 10:00:00+00:00,65.0,69,65.0
2026-05-23 10:30:00+00:00,63.0,66,63.0
2026-05-23 11:00:00+00:00,65.0,59,65.0
2026-05-23 11:30:00+00:00,61.0,61,61.0
2026-05-23 12:00:00+00:00,59.0,59,59.0
2026-05-23 12:30:00+00:00,63.0,57,63.0
2026-05-23 13:00:00+00:00,63.0,54,63.0
2026-05-23 13:30:00+00:00,71.0,57,71.0
2026-05-23 14:00:00+00:00,70.0,59,70.0
2026-05-23 14:30:00+00:00,79.0,63,79.0
2026-05-23 15:00:00+00:00,89.0,71,89.0
2026-05-23 15:30:00+00:00,103.0,77,103.0
2026-05-23 16:00:00+00:00,122.0,91,122.0
2026-05-23 16:30:00+00:00,139.0,96,139.0
2026-05-23 17:00:00+00:00,154.0,132,154.0
2026-05-23 17:30:00+00:00,164.0,148,164.0
2026-05-23 18:00:00+00:00,180.0,159,180.0
2026-05-23 18:30:00+00:00,187.0,176,187.0
2026-05-23 19:00:00+00:00,191.0,187,191.0
2026-05-23 19:30:00+00:00,191.0,190,191.0
2026-05-23 20:00:00+00:00,191.0,200,191.0
2026-05-23 20:30:00+00:00,189.0,192,189.0
2026-05-23 21:00:00+00:00,187.0,194,187.0
2026-05-23 21:30:00+00:00,180.0,190,180.0
2026-05-23 22:00:00+00:00,177.0,187,177.0
2026-05-23 22:30:00+00:00,174.0,182,174.0
2026-05-23 23:00:00+00:00,168.0,171,168.0
2026-05-23 23:30:00+00:00,170.0,166,170.0
2026-05-24 00:00:00+00:00,169.0,172,169.0
2026-05-24 00:30:00+00:00,165.0,165,165.0
2026-05-24 01:00:00+00:00,164.0,166,164.0
2026-05-24 01:30:00+00:00,159.0,159,159.0
2026-05-24 02:00:00+00:00,157.0,169,157.0
2026-05-24 02:30:00+00:00,160.0,170,160.0
2026-05-24 03:00:00+00:00,160.0,160,160.0
2026-05-24 03:30:00+00:00,158.0,156,158.0
2026-05-24 04:00:00+00:00,155.0,154,155.0
2026-05-24 04:30:00+00:00,154.0,153,154.0
2026-05-24 05:00:00+00:00,151.0,156,151.0
2026-05-24 05:30:00+00:00,134.0,156,134.0
2026-05-24 06:00:00+00:00,124.0,151,124.0
2026-05-24 06:30:00+00:00,114.0,142,114.0
2026-05-24 07:00:00+00:00,104.0,114,104.0
2026-05-24 07:30:00+00:00,92.0,103,92.0
2026-05-24 08:00:00+00:00,81.0,96,81.0
2026-05-24 08:30:00+00:00,73.0,92,73.0
2026-05-24 09:00:00+00:00,70.0,74,70.0
2026-05-24 09:30:00+00:00,67.0,72,67.0
2026-05-24 10:00:00+00:00,64.0,61,64.0
2026-05-24 10:30:00+00:00,62.0,59,62.0
2026-05-24 11:00:00+00:00,59.0,59,59.0
2026-05-24 11:30:00+00:00,60.0,60,60.0
2026-05-24 12:00:00+00:00,60.0,54,60.0
2026-05-24 12:30:00+00:00,59.0,53,59.0
2026-05-24 13:00:00+00:00,56.0,56,56.0
2026-05-24 13:30:00+00:00,57.0,60,57.0
2026-05-24 14:00:00+00:00,61.0,55,61.0
2026-05-24 14:30:00+00:00,73.0,57,73.0
2026-05-24 15:00:00+00:00,90.0,55,90.0
2026-05-24 15:30:00+00:00,109.0,61,109.0
2026-05-24 16:00:00+00:00,123.0,95,123.0
2026-05-24 16:30:00+00:00,143.0,116,143.0
2026-05-24 17:00:00+00:00,162.0,129,162.0
2026-05-24 17:30:00+00:00,167.0,138,167.0
2026-05-24 18:00:00+00:00,175.0,170,175.0
2026-05-24 18:30:00+00:00,183.0,176,183.0
2026-05-24 19:00:00+00:00,192.0,184,192.0
2026-05-24 19:30:00+00:00,202.0,192,202.0
2026-05-24 20:00:00+00:00,204.0,199,204.0
2026-05-24 20:30:00+00:00,200.0,198,200.0
2026-05-24 21:00:00+00:00,189.0,208,189.0
2026-05-24 21:30:00+00:00,175.0,206,175.0
2026-05-24 22:00:00+00:00,170.0,194,170.0
2026-05-24 22:30:00+00:00,161.0,189,161.0
2026-05-24 23:00:00+00:00,159.0,186,159.0
2026-05-24 23:30:00+00:00,153.0,181,153.0
2026-05-25 00:00:00+00:00,150.0,166,150.0
2026-05-25 00:30:00+00:00,149.0,167,149.0
2026-05-25 01:00:00+00:00,147.0,153,147.0
2026-05-25 01:30:00+00:00,146.0,152,146.0
2026-05-25 02:00:00+00:00,144.0,149,144.0
2026-05-25 02:30:00+00:00,136.0,148,136.0
2026-05-25 03:00:00+00:00,133.0,143,133.0
2026-05-25 03:30:00+00:00,133.0,144,133.0
2026-05-25 04:00:00+00:00,132.0,137,132.0
2026-05-25 04:30:00+00:00,136.0,136,136.0
2026-05-25 05:00:00+00:00,133.0,136,133.0
2026-05-25 05:30:00+00:00,130.0,135,130.0
2026-05-25 06:00:00+00:00,123.0,131,123.0
2026-05-25 06:30:00+00:00,117.0,127,117.0
2026-05-25 07:00:00+00:00,111.0,114,111.0
2026-05-25 07:30:00+00:00,98.0,107,98.0
2026-05-25 08:00:00+00:00,90.0,101,90.0
2026-05-25 08:30:00+00:00,83.0,96,83.0
2026-05-25 09:00:00+00:00,76.0,79,76.0
2026-05-25 09:30:00+00:00,75.0,75,75.0
2026-05-25 10:00:00+00:00,75.0,68,75.0
2026-05-25 10:30:00+00:00,74.0,67,74.0
2026-05-25 11:00:00+00:00,77.0,71,77.0
2026-05-25 11:30:00+00:00,73.0,71,73.0
2026-05-25 12:00:00+00:00,73.0,72,73.0
2026-05-25 12:30:00+00:00,72.0,72,72.0
2026-05-25 13:00:00+00:00,76.0,70,76.0
2026-05-25 13:30:00+00:00,78.0,75,78.0
2026-05-25 14:00:00+00:00,82.0,69,82.0
2026-05-25 14:30:00+00:00,89.0,71,89.0
2026-05-25 15:00:00+00:00,106.0,94,106.0
2026-05-25 15:30:00+00:00,122.0,96,122.0
2026-05-25 16:00:00+00:00,134.0,112,134.0
2026-05-25 16:30:00+00:00,142.0,138,142.0
2026-05-25 17:00:00+00:00,150.0,139,150.0
2026-05-25 17:30:00+00:00,155.0,143,155.0
2026-05-25 18:00:00+00:00,165.0,151,165.0
2026-05-25 18:30:00+00:00,174.0,159,174.0
2026-05-25 19:00:00+00:00,177.0,164,177.0
2026-05-25 19:30:00+00:00,178.0,177,178.0
2026-05-25 20:00:00+00:00,176.0,182,176.0
2026-05-25 20:30:00+00:00,175.0,182,175.0
2026-05-25 21:00:00+00:00,173.0,176,173.0
2026-05-25 21:30:00+00:00,165.0,168,165.0
2026-05-25 22:00:00+00:00,162.0,170,162.0
2026-05-25 22:30:00+00:00,165.0,167,165.0
2026-05-25 23:00:00+00:00,165.0,169,165.0
2026-05-25 23:30:00+00:00,169.0,169,169.0
2026-05-26 00:00:00+00:00,166.0,175,166.0
2026-05-26 00:30:00+00:00,169.0,173,169.0
2026-05-26 01:00:00+00:00,170.0,167,170.0
2026-05-26 01:30:00+00:00,164.0,168,164.0
2026-05-26 02:00:00+00:00,163.0,173,163.0
2026-05-26 02:30:00+00:00,165.0,157,165.0
2026-05-26 03:00:00+00:00,165.0,157,165.0
2026-05-26 03:30:00+00:00,170.0,162,170.0
2026-05-26 04:00:00+00:00,174.0,173,174.0
2026-05-26 04:30:00+00:00,173.0,178,173.0
2026-05-26 05:00:00+00:00,173.0,187,173.0
2026-05-26 05:30:00+00:00,177.0,177,177.0
2026-05-26 06:00:00+00:00,170.0,184,170.0
2026-05-26 06:30:00+00:00,172.0,178,172.0
2026-05-26 07:00:00+00:00,165.0,177,165.0
2026-05-26 07:30:00+00:00,155.0,166,155.0
2026-05-26 08:00:00+00:00,148.0,168,148.0
2026-05-26 08:30:00+00:00,139.0,154,139.0
2026-05-26 09:00:00+00:00,131.0,148,131.0
2026-05-26 09:30:00+00:00,128.0,138,128.0
2026-05-26 10:00:00+00:00,126.0,127,126.0
2026-05-26 10:30:00+00:00,123.0,123,123.0
2026-05-26 11:00:00+00:00,124.0,127,124.0
2026-05-26 11:30:00+00:00,124.0,123,124.0
2026-05-26 12:00:00+00:00,124.0,118,124.0
2026-05-26 12:30:00+00:00,123.0,123,123.0
2026-05-26 13:00:00+00:00,126.0,123,126.0
2026-05-26 13:30:00+00:00,130.0,123,130.0
2026-05-26 14:00:00+00:00,132.0,128,132.0
2026-05-26 14:30:00+00:00,136.0,128,136.0
2026-05-26 15:00:00+00:00,146.0,136,146.0
2026-05-26 15:30:00+00:00,150.0,139,150.0
2026-05-26 16:00:00+00:00,153.0,149,153.0
2026-05-26 16:30:00+00:00,169.0,154,169.0
2026-05-26 17:00:00+00:00,176.0,162,176.0
2026-05-26 17:30:00+00:00,184.0,176,184.0
2026-05-26 18:00:00+00:00,187.0,182,187.0
2026-05-26 18:30:00+00:00,193.0,196,193.0
2026-05-26 19:00:00+00:00,195.0,204,195.0
2026-05-26 19:30:00+00:00,195.0,206,195.0
2026-05-26 20:00:00+00:00,203.0,210,203.0
2026-05-26 20:30:00+00:00,198.0,211,198.0
2026-05-26 21:00:00+00:00,185.0,213,185.0
2026-05-26 21:30:00+00:00,168.0,202,168.0
2026-05-26 22:00:00+00:00,156.0,191,156.0
2026-05-26 22:30:00+00:00,146.0,167,146.0
2026-05-26 23:00:00+00:00,144.0,153,144.0
2026-05-26 23:30:00+00:00,140.0,151,140.0
2026-05-27 00:00:00+00:00,135.0,138,135.0
2026-05-27 00:30:00+00:00,129.0,137,129.0
2026-05-27 01:00:00+00:00,126.0,132,126.0
2026-05-27 01:30:00+00:00,123.0,126,123.0
2026-05-27 02:00:00+00:00,119.0,118,119.0
2026-05-27 02:30:00+00:00,122.0,121,122.0
2026-05-27 03:00:00+00:00,130.0,119,130.0
2026-05-27 03:30:00+00:00,137.0,122,137.0
2026-05-27 04:00:00+00:00,139.0,128,139.0
2026-05-27 04:30:00+00:00,141.0,131,141.0
2026-05-27 05:00:00+00:00,142.0,136,142.0
2026-05-27 05:30:00+00:00,143.0,140,143.0
2026-05-27 06:00:00+00:00,137.0,136,137.0
2026-05-27 06:30:00+00:00,132.0,135,132.0
2026-05-27 07:00:00+00:00,125.0,138,125.0
2026-05-27 07:30:00+00:00,117.0,126,117.0
2026-05-27 08:00:00+00:00,101.0,111,101.0
2026-05-27 08:30:00+00:00,93.0,114,93.0
2026-05-27 09:00:00+00:00,81.0,98,81.0
2026-05-27 09:30:00+00:00,69.0,79,69.0
2026-05-27 10:00:00+00:00,63.0,69,63.0
2026-05-27 10:30:00+00:00,59.0,67,59.0
2026-05-27 11:00:00+00:00,59.0,60,59.0
2026-05-27 11:30:00+00:00,58.0,56,58.0
2026-05-27 12:00:00+00:00,57.0,55,57.0
2026-05-27 12:30:00+00:00,56.0,55,56.0
2026-05-27 13:00:00+00:00,55.0,54,55.0
2026-05-27 13:30:00+00:00,54.0,53,54.0
2026-05-27 14:00:00+00:00,55.0,54,55.0
2026-05-27 14:30:00+00:00,61.0,53,61.0
2026-05-27 15:00:00+00:00,69.0,54,69.0
2026-05-27 15:30:00+00:00,78.0,65,78.0
2026-05-27 16:00:00+00:00,92.0,73,92.0
2026-05-27 16:30:00+00:00,109.0,67,109.0
2026-05-27 17:00:00+00:00,119.0,88,119.0
2026-05-27 17:30:00+00:00,126.0,106,126.0
2026-05-27 18:00:00+00:00,134.0,116,134.0
2026-05-27 18:30:00+00:00,138.0,133,138.0
2026-05-27 19:00:00+00:00,144.0,133,144.0
2026-05-27 19:30:00+00:00,148.0,138,148.0
2026-05-27 20:00:00+00:00,149.0,145,149.0
2026-05-27 20:30:00+00:00,146.0,146,146.0
2026-05-27 21:00:00+00:00,139.0,151,139.0
2026-05-27 21:30:00+00:00,128.0,138,128.0
2026-05-27 22:00:00+00:00,120.0,140,120.0
2026-05-27 22:30:00+00:00,117.0,127,117.0
2026-05-27 23:00:00+00:00,113.0,123,113.0
2026-05-27 23:30:00+00:00,110.0,118,110.0
2026-05-28 00:00:00+00:00,105.0,113,105.0
2026-05-28 00:30:00+00:00,103.0,110,103.0
2026-05-28 01:00:00+00:00,97.0,105,97.0
2026-05-28 01:30:00+00:00,96.0,103,96.0
2026-05-28 02:00:00+00:00,97.0,98,97.0
2026-05-28 02:30:00+00:00,99.0,95,99.0
2026-05-28 03:00:00+00:00,99.0,95,99.0
2026-05-28 03:30:00+00:00,106.0,92,106.0
2026-05-28 04:00:00+00:00,114.0,94,114.0
2026-05-28 04:30:00+00:00,113.0,100,113.0
2026-05-28 05:00:00+00:00,116.0,112,116.0
2026-05-28 05:30:00+00:00,96.0,110,96.0
2026-05-28 06:00:00+00:00,85.0,98,85.0
2026-05-28 06:30:00+00:00,77.0,87,77.0
2026-05-28 07:00:00+00:00,66.0,70,66.0
2026-05-28 07:30:00+00:00,60.0,67,60.0
2026-05-28 08:00:00+00:00,55.0,61,55.0
2026-05-28 08:30:00+00:00,52.0,56,52.0
2026-05-28 09:00:00+00:00,51.0,49,51.0
2026-05-28 09:30:00+00:00,52.0,46,52.0
2026-05-28 10:00:00+00:00,52.0,44,52.0
2026-05-28 10:30:00+00:00,52.0,44,52.0
2026-05-28 11:00:00+00:00,51.0,45,51.0
2026-05-28 11:30:00+00:00,50.0,46,50.0
2026-05-28 12:00:00+00:00,51.0,45,51.0
2026-05-28 12:30:00+00:00,50.0,44,50.0
2026-05-28 13:00:00+00:00,50.0,43,50.0
2026-05-28 13:30:00+00:00,46.0,44,46.0
2026-05-28 14:00:00+00:00,48.0,39,48.0
2026-05-28 14:30:00+00:00,45.0,37,45.0
2026-05-28 15:00:00+00:00,55.0,39,55.0
2026-05-28 15:30:00+00:00,70.0,37,70.0
2026-05-28 16:00:00+00:00,79.0,49,79.0
2026-05-28 16:30:00+00:00,101.0,72,101.0
2026-05-28 17:00:00+00:00,109.0,82,109.0
2026-05-28 17:30:00+00:00,110.0,97,110.0
2026-05-28 18:00:00+00:00,112.0,107,112.0
2026-05-28 18:30:00+00:00,121.0,110,121.0
2026-05-28 19:00:00+00:00,124.0,114,124.0
2026-05-28 19:30:00+00:00,123.0,117,123.0
2026-05-28 20:00:00+00:00,126.0,118,126.0
2026-05-28 20:30:00+00:00,127.0,118,127.0
2026-05-28 21:00:00+00:00,118.0,118,118.0
2026-05-28 21:30:00+00:00,96.0,120,96.0
2026-05-28 22:00:00+00:00,93.0,118,93.0
2026-05-28 22:30:00+00:00,82.0,101,82.0
2026-05-28 23:00:00+00:00,80.0,98,80.0
2026-05-28 23:30:00+00:00,82.0,92,82.0
2026-05-29 00:00:00+00:00,83.0,76,83.0
2026-05-29 00:30:00+00:00,90.0,81,90.0
2026-05-29 01:00:00+00:00,97.0,84,97.0
2026-05-29 01:30:00+00:00,99.0,92,99.0
2026-05-29 02:00:00+00:00,100.0,98,100.0
2026-05-29 02:30:00+00:00,95.0,105,95.0
2026-05-29 03:00:00+00:00,100.0,101,100.0
2026-05-29 03:30:00+00:00,104.0,97,104.0
2026-05-29 04:00:00+00:00,111.0,99,111.0
2026-05-29 04:30:00+00:00,119.0,104,119.0
2026-05-29 05:00:00+00:00,120.0,104,120.0
2026-05-29 05:30:00+00:00,122.0,116,122.0
2026-05-29 06:00:00+00:00,122.0,126,122.0
2026-05-29 06:30:00+00:00,118.0,121,118.0
2026-05-29 07:00:00+00:00,113.0,106,113.0
2026-05-29 07:30:00+00:00,108.0,104,108.0
2026-05-29 08:00:00+00:00,100.0,96,100.0
2026-05-29 08:30:00+00:00,95.0,97,95.0
2026-05-29 09:00:00+00:00,88.0,89,88.0
2026-05-29 09:30:00+00:00,86.0,82,86.0
2026-05-29 10:00:00+00:00,82.0,79,82.0
2026-05-29 10:30:00+00:00,75.0,77,75.0
2026-05-29 11:00:00+00:00,68.0,72,68.0
2026-05-29 11:30:00+00:00,67.0,66,67.0
2026-05-29 12:00:00+00:00,66.0,65,66.0
2026-05-29 12:30:00+00:00,67.0,62,67.0
2026-05-29 13:00:00+00:00,61.0,62,61.0
2026-05-29 13:30:00+00:00,61.0,61,61.0
2026-05-29 14:00:00+00:00,63.0,50,63.0
2026-05-29 14:30:00+00:00,71.0,48,71.0
2026-05-29 15:00:00+00:00,83.0,55,83.0
2026-05-29 15:30:00+00:00,107.0,71,107.0
2026-05-29 16:00:00+00:00,120.0,90,120.0
2026-05-29 16:30:00+00:00,144.0,114,144.0
2026-05-29 17:00:00+00:00,159.0,136,159.0
2026-05-29 17:30:00+00:00,163.0,156,163.0
2026-05-29 18:00:00+00:00,176.0,173,176.0
2026-05-29 18:30:00+00:00,191.0,177,191.0
2026-05-29 19:00:00+00:00,196.0,189,196.0
2026-05-29 19:30:00+00:00,194.0,196,194.0
2026-05-29 20:00:00+00:00,198.0,200,198.0
2026-05-29 20:30:00+00:00,196.0,199,196.0
2026-05-29 21:00:00+00:00,185.0,202,185.0
2026-05-29 21:30:00+00:00,174.0,196,174.0
2026-05-29 22:00:00+00:00,166.0,189,166.0
2026-05-29 22:30:00+00:00,165.0,172,165.0
2026-05-29 23:00:00+00:00,160.0,166,160.0
2026-05-29 23:30:00+00:00,158.0,164,158.0
2026-05-30 00:00:00+00:00,161.0,165,161.0
2026-05-30 00:30:00+00:00,172.0,166,172.0
2026-05-30 01:00:00+00:00,170.0,167,170.0
2026-05-30 01:30:00+00:00,168.0,175,168.0
2026-05-30 02:00:00+00:00,170.0,178,170.0
2026-05-30 02:30:00+00:00,176.0,176,176.0
2026-05-30 03:00:00+00:00,169.0,175,169.0
2026-05-30 03:30:00+00:00,170.0,185,170.0
2026-05-30 04:00:00+00:00,175.0,175,175.0
2026-05-30 04:30:00+00:00,178.0,180,178.0
2026-05-30 05:00:00+00:00,170.0,187,170.0
2026-05-30 05:30:00+00:00,162.0,179,162.0
2026-05-30 06:00:00+00:00,155.0,171,155.0
2026-05-30 06:30:00+00:00,145.0,159,145.0
2026-05-30 07:00:00+00:00,140.0,149,140.0
2026-05-30 07:30:00+00:00,130.0,133,130.0
2026-05-30 08:00:00+00:00,112.0,128,112.0
2026-05-30 08:30:00+00:00,98.0,123,98.0
2026-05-30 09:00:00+00:00,90.0,95,90.0
2026-05-30 09:30:00+00:00,85.0,85,85.0
2026-05-30 10:00:00+00:00,83.0,80,83.0
2026-05-30 10:30:00+00:00,81.0,76,81.0
2026-05-30 11:00:00+00:00,80.0,74,80.0
2026-05-30 11:30:00+00:00,80.0,74,80.0
2026-05-30 12:00:00+00:00,81.0,76,81.0
2026-05-30 12:30:00+00:00,78.0,74,78.0
2026-05-30 13:00:00+00:00,79.0,76,79.0
2026-05-30 13:30:00+00:00,82.0,75,82.0
2026-05-30 14:00:00+00:00,80.0,77,80.0
2026-05-30 14:30:00+00:00,85.0,82,85.0
2026-05-30 15:00:00+00:00,99.0,87,99.0
2026-05-30 15:30:00+00:00,120.0,101,120.0
2026-05-30 16:00:00+00:00,135.0,106,135.0
2026-05-30 16:30:00+00:00,141.0,125,141.0
2026-05-30 17:00:00+00:00,149.0,139,149.0
2026-05-30 17:30:00+00:00,161.0,154,161.0
2026-05-30 18:00:00+00:00,167.0,158,167.0
2026-05-30 18:30:00+00:00,173.0,172,173.0
2026-05-30 19:00:00+00:00,178.0,179,178.0
2026-05-30 19:30:00+00:00,179.0,185,179.0
2026-05-30 20:00:00+00:00,184.0,189,184.0
2026-05-30 20:30:00+00:00,185.0,189,185.0
2026-05-30 21:00:00+00:00,178.0,190,178.0
2026-05-30 21:30:00+00:00,162.0,192,162.0
2026-05-30 22:00:00+00:00,153.0,183,153.0
2026-05-30 22:30:00+00:00,156.0,168,156.0
2026-05-30 23:00:00+00:00,156.0,162,156.0
2026-05-30 23:30:00+00:00,159.0,153,159.0
2026-05-31 00:00:00+00:00,153.0,161,153.0
2026-05-31 00:30:00+00:00,162.0,160,162.0
2026-05-31 01:00:00+00:00,165.0,157,165.0
2026-05-31 01:30:00+00:00,164.0,159,164.0
2026-05-31 02:00:00+00:00,158.0,160,158.0
2026-05-31 02:30:00+00:00,156.0,156,156.0
2026-05-31 03:00:00+00:00,151.0,158,151.0
2026-05-31 03:30:00+00:00,155.0,151,155.0
2026-05-31 04:00:00+00:00,150.0,140,150.0
2026-05-31 04:30:00+00:00,141.0,153,141.0
2026-05-31 05:00:00+00:00,124.0,151,124.0
2026-05-31 05:30:00+00:00,114.0,143,114.0
2026-05-31 06:00:00+00:00,105.0,121,105.0
2026-05-31 06:30:00+00:00,97.0,106,97.0
2026-05-31 07:00:00+00:00,91.0,96,91.0
2026-05-31 07:30:00+00:00,86.0,87,86.0
2026-05-31 08:00:00+00:00,83.0,83,83.0
2026-05-31 08:30:00+00:00,82.0,81,82.0
2026-05-31 09:00:00+00:00,80.0,80,80.0
2026-05-31 09:30:00+00:00,83.0,78,83.0
2026-05-31 10:00:00+00:00,79.0,73,79.0
2026-05-31 10:30:00+00:00,81.0,77,81.0
2026-05-31 11:00:00+00:00,78.0,74,78.0
2026-05-31 11:30:00+00:00,77.0,74,77.0
2026-05-31 12:00:00+00:00,78.0,74,78.0
2026-05-31 12:30:00+00:00,77.0,73,77.0
2026-05-31 13:00:00+00:00,80.0,77,80.0
2026-05-31 13:30:00+00:00,82.0,84,82.0
2026-05-31 14:00:00+00:00,87.0,81,87.0
2026-05-31 14:30:00+00:00,95.0,85,95.0
2026-05-31 15:00:00+00:00,105.0,107,105.0
2026-05-31 15:30:00+00:00,123.0,128,123.0
2026-05-31 16:00:00+00:00,138.0,132,138.0
2026-05-31 16:30:00+00:00,154.0,131,154.0
2026-05-31 17:00:00+00:00,163.0,140,163.0
2026-05-31 17:30:00+00:00,170.0,162,170.0
2026-05-31 18:00:00+00:00,178.0,171,178.0
2026-05-31 18:30:00+00:00,182.0,185,182.0
2026-05-31 19:00:00+00:00,190.0,194,190.0
2026-05-31 19:30:00+00:00,193.0,200,193.0
2026-05-31 20:00:00+00:00,193.0,206,193.0
2026-05-31 20:30:00+00:00,191.0,200,191.0
2026-05-31 21:00:00+00:00,191.0,202,191.0
2026-05-31 21:30:00+00:00,193.0,203,193.0
2026-05-31 22:00:00+00:00,189.0,194,189.0
2026-05-31 22:30:00+00:00,188.0,195,188.0
2026-05-31 23:00:00+00:00,188.0,187,188.0
2026-05-31 23:30:00+00:00,188.0,183,188.0
2026-06-01 00:00:00+00:00,188.0,195,188.0
2026-06-01 00:30:00+00:00,186.0,192,186.0
2026-06-01 01:00:00+00:00,183.0,194,183.0
2026-06-01 01:30:00+00:00,185.0,187,185.0
2026-06-01 02:00:00+00:00,183.0,179,183.0
2026-06-01 02:30:00+00:00,178.0,177,178.0
2026-06-01 03:00:00+00:00,175.0,181,175.0
2026-06-01 03:30:00+00:00,175.0,190,175.0
2026-06-01 04:00:00+00:00,175.0,185,175.0
2026-06-01 04:30:00+00:00,177.0,186,177.0
2026-06-01 05:00:00+00:00,174.0,191,174.0
2026-06-01 05:30:00+00:00,164.0,185,164.0
2026-06-01 06:00:00+00:00,161.0,178,161.0
2026-06-01 06:30:00+00:00,148.0,160,148.0
2026-06-01 07:00:00+00:00,143.0,154,143.0
2026-06-01 07:30:00+00:00,138.0,148,138.0
2026-06-01 08:00:00+00:00,134.0,137,134.0
2026-06-01 08:30:00+00:00,123.0,135,123.0
2026-06-01 09:00:00+00:00,120.0,131,120.0
2026-06-01 09:30:00+00:00,116.0,125,116.0
2026-06-01 10:00:00+00:00,113.0,115,113.0
2026-06-01 10:30:00+00:00,108.0,109,108.0
2026-06-01 11:00:00+00:00,104.0,107,104.0
2026-06-01 11:30:00+00:00,101.0,105,101.0
2026-06-01 12:00:00+00:00,98.0,99,98.0
2026-06-01 12:30:00+00:00,101.0,96,101.0
2026-06-01 13:00:00+00:00,106.0,94,106.0
2026-06-01 13:30:00+00:00,109.0,100,109.0
2026-06-01 14:00:00+00:00,117.0,103,117.0
2026-06-01 14:30:00+00:00,129.0,112,129.0
2026-06-01 15:00:00+00:00,140.0,116,140.0
2026-06-01 15:30:00+00:00,156.0,132,156.0
2026-06-01 16:00:00+00:00,163.0,147,163.0
2026-06-01 16:30:00+00:00,174.0,160,174.0
2026-06-01 17:00:00+00:00,177.0,169,177.0
2026-06-01 17:30:00+00:00,186.0,182,186.0
2026-06-01 18:00:00+00:00,190.0,190,190.0
2026-06-01 18:30:00+00:00,189.0,195,189.0
2026-06-01 19:00:00+00:00,192.0,204,192.0
2026-06-01 19:30:00+00:00,186.0,200,186.0
2026-06-01 20:00:00+00:00,186.0,202,186.0
2026-06-01 20:30:00+00:00,181.0,197,181.0
2026-06-01 21:00:00+00:00,179.0,192,179.0
2026-06-01 21:30:00+00:00,178.0,184,178.0
2026-06-01 22:00:00+00:00,168.0,179,168.0
2026-06-01 22:30:00+00:00,163.0,175,163.0
2026-06-01 23:00:00+00:00,170.0,169,170.0
2026-06-01 23:30:00+00:00,169.0,175,169.0
2026-06-02 00:00:00+00:00,171.0,171,171.0
2026-06-02 00:30:00+00:00,175.0,170,175.0
2026-06-02 01:00:00+00:00,179.0,167,179.0
2026-06-02 01:30:00+00:00,184.0,173,184.0
2026-06-02 02:00:00+00:00,192.0,179,192.0
2026-06-02 02:30:00+00:00,198.0,185,198.0
2026-06-02 03:00:00+00:00,201.0,195,201.0
2026-06-02 03:30:00+00:00,202.0,204,202.0
2026-06-02 04:00:00+00:00,202.0,210,202.0
2026-06-02 04:30:00+00:00,197.0,217,197.0
2026-06-02 05:00:00+00:00,198.0,215,198.0
2026-06-02 05:30:00+00:00,194.0,218,194.0
2026-06-02 06:00:00+00:00,193.0,206,193.0
2026-06-02 06:30:00+00:00,195.0,198,195.0
2026-06-02 07:00:00+00:00,191.0,189,191.0
2026-06-02 07:30:00+00:00,187.0,190,187.0
2026-06-02 08:00:00+00:00,179.0,187,179.0
2026-06-02 08:30:00+00:00,167.0,187,167.0
2026-06-02 09:00:00+00:00,158.0,180,158.0
2026-06-02 09:30:00+00:00,148.0,167,148.0
2026-06-02 10:00:00+00:00,143.0,155,143.0
2026-06-02 10:30:00+00:00,140.0,175,140.0
2026-06-02 11:00:00+00:00,135.0,144,135.0
2026-06-02 11:30:00+00:00,131.0,137,131.0
2026-06-02 12:00:00+00:00,130.0,132,130.0
2026-06-02 12:30:00+00:00,133.0,135,133.0
2026-06-02 13:00:00+00:00,134.0,129,134.0
2026-06-02 13:30:00+00:00,139.0,129,139.0
2026-06-02 14:00:00+00:00,145.0,136,145.0
2026-06-02 14:30:00+00:00,150.0,141,150.0
2026-06-02 15:00:00+00:00,159.0,147,159.0
2026-06-02 15:30:00+00:00,165.0,156,165.0
2026-06-02 16:00:00+00:00,166.0,161,166.0
2026-06-02 16:30:00+00:00,163.0,169,163.0
2026-06-02 17:00:00+00:00,173.0,170,173.0
2026-06-02 17:30:00+00:00,183.0,173,183.0
2026-06-02 18:00:00+00:00,189.0,184,189.0
2026-06-02 18:30:00+00:00,191.0,193,191.0
2026-06-02 19:00:00+00:00,193.0,199,193.0
2026-06-02 19:30:00+00:00,191.0,199,191.0
2026-06-02 20:00:00+00:00,190.0,199,190.0
2026-06-02 20:30:00+00:00,185.0,196,185.0
2026-06-02 21:00:00+00:00,179.0,193,179.0
2026-06-02 21:30:00+00:00,153.0,186,153.0
2026-06-02 22:00:00+00:00,140.0,171,140.0
2026-06-02 22:30:00+00:00,128.0,151,128.0
2026-06-02 23:00:00+00:00,114.0,136,114.0
2026-06-02 23:30:00+00:00,112.0,120,112.0
2026-06-03 00:00:00+00:00,113.0,105,113.0
2026-06-03 00:30:00+00:00,117.0,107,117.0
2026-06-03 01:00:00+00:00,120.0,102,120.0
2026-06-03 01:30:00+00:00,124.0,106,124.0
2026-06-03 02:00:00+00:00,127.0,115,127.0
2026-06-03 02:30:00+00:00,125.0,123,125.0
2026-06-03 03:00:00+00:00,125.0,128,125.0
2026-06-03 03:30:00+00:00,121.0,121,121.0
2026-06-03 04:00:00+00:00,130.0,133,130.0
2026-06-03 04:30:00+00:00,137.0,131,137.0
2026-06-03 05:00:00+00:00,138.0,140,138.0
2026-06-03 05:30:00+00:00,138.0,150,138.0
2026-06-03 06:00:00+00:00,134.0,140,134.0
2026-06-03 06:30:00+00:00,126.0,134,126.0
2026-06-03 07:00:00+00:00,110.0,125,110.0
2026-06-03 07:30:00+00:00,99.0,116,99.0
2026-06-03 08:00:00+00:00,89.0,102,89.0
2026-06-03 08:30:00+00:00,83.0,85,83.0
2026-06-03 09:00:00+00:00,76.0,73,76.0
2026-06-03 09:30:00+00:00,64.0,78,64.0
2026-06-03 10:00:00+00:00,58.0,61,58.0
2026-06-03 10:30:00+00:00,50.0,51,50.0
2026-06-03 11:00:00+00:00,48.0,46,48.0
2026-06-03 11:30:00+00:00,46.0,42,46.0
2026-06-03 12:00:00+00:00,47.0,38,47.0
2026-06-03 12:30:00+00:00,44.0,38,44.0
2026-06-03 13:00:00+00:00,39.0,41,39.0
2026-06-03 13:30:00+00:00,39.0,35,39.0
2026-06-03 14:00:00+00:00,39.0,36,39.0
2026-06-03 14:30:00+00:00,39.0,38,39.0
2026-06-03 15:00:00+00:00,39.0,32,39.0
2026-06-03 15:30:00+00:00,46.0,35,46.0
2026-06-03 16:00:00+00:00,51.0,39,51.0
2026-06-03 16:30:00+00:00,54.0,48,54.0
2026-06-03 17:00:00+00:00,60.0,46,60.0
2026-06-03 17:30:00+00:00,57.0,43,57.0
2026-06-03 18:00:00+00:00,61.0,45,61.0
2026-06-03 18:30:00+00:00,62.0,44,62.0
2026-06-03 19:00:00+00:00,62.0,45,62.0
2026-06-03 19:30:00+00:00,60.0,63,60.0
2026-06-03 20:00:00+00:00,61.0,64,61.0
2026-06-03 20:30:00+00:00,63.0,67,63.0
2026-06-03 21:00:00+00:00,65.0,61,65.0
2026-06-03 21:30:00+00:00,66.0,59,66.0
2026-06-03 22:00:00+00:00,69.0,66,69.0
2026-06-03 22:30:00+00:00,70.0,66,70.0
2026-06-03 23:00:00+00:00,70.0,66,70.0
2026-06-03 23:30:00+00:00,73.0,64,73.0
2026-06-04 00:00:00+00:00,73.0,65,73.0
2026-06-04 00:30:00+00:00,70.0,69,70.0
2026-06-04 01:00:00+00:00,71.0,69,71.0
2026-06-04 01:30:00+00:00,68.0,62,68.0
2026-06-04 02:00:00+00:00,67.0,66,67.0
2026-06-04 02:30:00+00:00,65.0,62,65.0
2026-06-04 03:00:00+00:00,64.0,63,64.0
2026-06-04 03:30:00+00:00,63.0,66,63.0
2026-06-04 04:00:00+00:00,66.0,64,66.0
2026-06-04 04:30:00+00:00,73.0,63,73.0
2026-06-04 05:00:00+00:00,71.0,63,71.0
2026-06-04 05:30:00+00:00,76.0,79,76.0
2026-06-04 06:00:00+00:00,77.0,75,77.0
2026-06-04 06:30:00+00:00,73.0,69,73.0
2026-06-04 07:00:00+00:00,69.0,64,69.0
2026-06-04 07:30:00+00:00,66.0,57,66.0
2026-06-04 08:00:00+00:00,62.0,59,62.0
2026-06-04 08:30:00+00:00,65.0,55,65.0
2026-06-04 09:00:00+00:00,63.0,64,63.0
2026-06-04 09:30:00+00:00,61.0,63,61.0
2026-06-04 10:00:00+00:00,59.0,65,59.0
2026-06-04 10:30:00+00:00,57.0,64,57.0
2026-06-04 11:00:00+00:00,54.0,78,54.0
2026-06-04 11:30:00+00:00,52.0,54,52.0
2026-06-04 12:00:00+00:00,54.0,54,54.0
2026-06-04 12:30:00+00:00,56.0,52,56.0
2026-06-04 13:00:00+00:00,58.0,53,58.0
2026-06-04 13:30:00+00:00,54.0,54,54.0
2026-06-04 14:00:00+00:00,54.0,49,54.0
2026-06-04 14:30:00+00:00,51.0,41,51.0
2026-06-04 15:00:00+00:00,50.0,88,50.0
2026-06-04 15:30:00+00:00,58.0,46,58.0
2026-06-04 16:00:00+00:00,54.0,44,54.0
2026-06-04 16:30:00+00:00,58.0,59,58.0
2026-06-04 17:00:00+00:00,65.0,53,65.0
2026-06-04 17:30:00+00:00,64.0,55,64.0
2026-06-04 18:00:00+00:00,70.0,56,70.0
2026-06-04 18:30:00+00:00,80.0,57,80.0
2026-06-04 19:00:00+00:00,82.0,56,82.0
2026-06-04 19:30:00+00:00,79.0,63,79.0
2026-06-04 20:00:00+00:00,77.0,82,77.0
2026-06-04 20:30:00+00:00,84.0,70,84.0
2026-06-04 21:00:00+00:00,74.0,71,74.0
2026-06-04 21:30:00+00:00,65.0,74,65.0
2026-06-04 22:00:00+00:00,65.0,70,65.0
2026-06-04 22:30:00+00:00,66.0,63,66.0
2026-06-04 23:00:00+00:00,64.0,58,64.0
2026-06-04 23:30:00+00:00,61.0,50,61.0
2026-06-05 00:00:00+00:00,63.0,65,63.0
2026-06-05 00:30:00+00:00,62.0,58,62.0
2026-06-05 01:00:00+00:00,62.0,60,62.0
2026-06-05 01:30:00+00:00,59.0,58,59.0
2026-06-05 02:00:00+00:00,61.0,55,61.0
2026-06-05 02:30:00+00:00,61.0,57,61.0
2026-06-05 03:00:00+00:00,61.0,58,61.0
2026-06-05 03:30:00+00:00,62.0,58,62.0
2026-06-05 04:00:00+00:00,70.0,59,70.0
2026-06-05 04:30:00+00:00,68.0,59,68.0
2026-06-05 05:00:00+00:00,79.0,67,79.0
2026-06-05 05:30:00+00:00,85.0,65,85.0
2026-06-05 06:00:00+00:00,82.0,72,82.0
2026-06-05 06:30:00+00:00,86.0,81,86.0
2026-06-05 07:00:00+00:00,83.0,81,83.0
2026-06-05 07:30:00+00:00,77.0,79,77.0
2026-06-05 08:00:00+00:00,81.0,78,81.0
2026-06-05 08:30:00+00:00,81.0,78,81.0
2026-06-05 09:00:00+00:00,77.0,79,77.0
2026-06-05 09:30:00+00:00,77.0,77,77.0
2026-06-05 10:00:00+00:00,77.0,83,77.0
2026-06-05 10:30:00+00:00,78.0,85,78.0
2026-06-05 11:00:00+00:00,78.0,85,78.0
2026-06-05 11:30:00+00:00,77.0,82,77.0
2026-06-05 12:00:00+00:00,77.0,77,77.0
2026-06-05 12:30:00+00:00,80.0,80,80.0
2026-06-05 13:00:00+00:00,83.0,101,83.0
2026-06-05 13:30:00+00:00,83.0,85,83.0
2026-06-05 14:00:00+00:00,90.0,97,90.0
2026-06-05 14:30:00+00:00,96.0,90,96.0
2026-06-05 15:00:00+00:00,117.0,98,117.0
2026-06-05 15:30:00+00:00,133.0,95,133.0
2026-06-05 16:00:00+00:00,142.0,122,142.0
2026-06-05 16:30:00+00:00,154.0,154,154.0
2026-06-05 17:00:00+00:00,157.0,152,157.0
2026-06-05 17:30:00+00:00,165.0,165,165.0
2026-06-05 18:00:00+00:00,172.0,171,172.0
2026-06-05 18:30:00+00:00,177.0,174,177.0
2026-06-05 19:00:00+00:00,180.0,180,180.0
2026-06-05 19:30:00+00:00,178.0,190,178.0
2026-06-05 20:00:00+00:00,173.0,189,173.0
2026-06-05 20:30:00+00:00,168.0,188,168.0
2026-06-05 21:00:00+00:00,160.0,185,160.0
2026-06-05 21:30:00+00:00,149.0,172,149.0
2026-06-05 22:00:00+00:00,144.0,159,144.0
2026-06-05 22:30:00+00:00,139.0,152,139.0
2026-06-05 23:00:00+00:00,139.0,142,139.0
2026-06-05 23:30:00+00:00,135.0,131,135.0
2026-06-06 00:00:00+00:00,129.0,126,129.0
2026-06-06 00:30:00+00:00,127.0,129,127.0
2026-06-06 01:00:00+00:00,118.0,123,118.0
2026-06-06 01:30:00+00:00,102.0,122,102.0
2026-06-06 02:00:00+00:00,89.0,121,89.0
2026-06-06 02:30:00+00:00,83.0,95,83.0
2026-06-06 03:00:00+00:00,78.0,83,78.0
2026-06-06 03:30:00+00:00,69.0,77,69.0
2026-06-06 04:00:00+00:00,72.0,75,72.0
2026-06-06 04:30:00+00:00,72.0,71,72.0
2026-06-06 05:00:00+00:00,66.0,67,66.0
2026-06-06 05:30:00+00:00,75.0,60,75.0
2026-06-06 06:00:00+00:00,72.0,55,72.0
2026-06-06 06:30:00+00:00,73.0,55,73.0
2026-06-06 07:00:00+00:00,67.0,68,67.0
2026-06-06 07:30:00+00:00,64.0,61,64.0
2026-06-06 08:00:00+00:00,62.0,61,62.0
2026-06-06 08:30:00+00:00,60.0,61,60.0
2026-06-06 09:00:00+00:00,58.0,55,58.0
2026-06-06 09:30:00+00:00,60.0,56,60.0
2026-06-06 10:00:00+00:00,60.0,54,60.0
2026-06-06 10:30:00+00:00,64.0,56,64.0
2026-06-06 11:00:00+00:00,66.0,55,66.0
2026-06-06 11:30:00+00:00,61.0,59,61.0
2026-06-06 12:00:00+00:00,63.0,57,63.0
2026-06-06 12:30:00+00:00,61.0,57,61.0
2026-06-06 13:00:00+00:00,62.0,59,62.0
2026-06-06 13:30:00+00:00,66.0,57,66.0
2026-06-06 14:00:00+00:00,68.0,61,68.0
2026-06-06 14:30:00+00:00,72.0,60,72.0
2026-06-06 15:00:00+00:00,80.0,62,80.0
2026-06-06 15:30:00+00:00,85.0,67,85.0
2026-06-06 16:00:00+00:00,94.0,89,94.0
2026-06-06 16:30:00+00:00,98.0,103,98.0
2026-06-06 17:00:00+00:00,107.0,105,107.0
2026-06-06 17:30:00+00:00,120.0,106,120.0
2026-06-06 18:00:00+00:00,125.0,111,125.0
2026-06-06 18:30:00+00:00,128.0,122,128.0
2026-06-06 19:00:00+00:00,128.0,121,128.0
2026-06-06 19:30:00+00:00,126.0,136,126.0
2026-06-06 20:00:00+00:00,122.0,132,122.0
2026-06-06 20:30:00+00:00,112.0,131,112.0
2026-06-06 21:00:00+00:00,101.0,110,101.0
2026-06-06 21:30:00+00:00,98.0,103,98.0
2026-06-06 22:00:00+00:00,97.0,104,97.0
2026-06-06 22:30:00+00:00,92.0,97,92.0
2026-06-06 23:00:00+00:00,89.0,93,89.0
2026-06-06 23:30:00+00:00,88.0,90,88.0
2026-06-07 00:00:00+00:00,90.0,91,90.0
2026-06-07 00:30:00+00:00,91.0,89,91.0
2026-06-07 01:00:00+00:00,87.0,86,87.0
2026-06-07 01:30:00+00:00,82.0,77,82.0
2026-06-07 02:00:00+00:00,78.0,82,78.0
2026-06-07 02:30:00+00:00,77.0,74,77.0
2026-06-07 03:00:00+00:00,75.0,66,75.0
2026-06-07 03:30:00+00:00,72.0,81,72.0
2026-06-07 04:00:00+00:00,75.0,84,75.0
2026-06-07 04:30:00+00:00,78.0,67,78.0
2026-06-07 05:00:00+00:00,75.0,69,75.0
2026-06-07 05:30:00+00:00,76.0,74,76.0
2026-06-07 06:00:00+00:00,75.0,67,75.0
2026-06-07 06:30:00+00:00,68.0,65,68.0
2026-06-07 07:00:00+00:00,62.0,67,62.0
2026-06-07 07:30:00+00:00,61.0,61,61.0
2026-06-07 08:00:00+00:00,56.0,58,56.0
2026-06-07 08:30:00+00:00,55.0,50,55.0
2026-06-07 09:00:00+00:00,52.0,44,52.0
2026-06-07 09:30:00+00:00,52.0,47,52.0
2026-06-07 10:00:00+00:00,52.0,45,52.0
2026-06-07 10:30:00+00:00,49.0,46,49.0
2026-06-07 11:00:00+00:00,49.0,44,49.0
2026-06-07 11:30:00+00:00,50.0,44,50.0
2026-06-07 12:00:00+00:00,47.0,47,47.0
2026-06-07 12:30:00+00:00,50.0,45,50.0
2026-06-07 13:00:00+00:00,50.0,43,50.0
2026-06-07 13:30:00+00:00,50.0,45,50.0
2026-06-07 14:00:00+00:00,54.0,51,54.0
2026-06-07 14:30:00+00:00,59.0,48,59.0
2026-06-07 15:00:00+00:00,71.0,47,71.0
2026-06-07 15:30:00+00:00,86.0,54,86.0
2026-06-07 16:00:00+00:00,90.0,60,90.0
2026-06-07 16:30:00+00:00,99.0,82,99.0
2026-06-07 17:00:00+00:00,107.0,71,107.0
2026-06-07 17:30:00+00:00,113.0,84,113.0
2026-06-07 18:00:00+00:00,119.0,95,119.0
2026-06-07 18:30:00+00:00,118.0,105,118.0
2026-06-07 19:00:00+00:00,119.0,119,119.0
2026-06-07 19:30:00+00:00,124.0,113,124.0
2026-06-07 20:00:00+00:00,125.0,120,125.0
2026-06-07 20:30:00+00:00,119.0,122,119.0
2026-06-07 21:00:00+00:00,114.0,130,114.0
2026-06-07 21:30:00+00:00,113.0,116,113.0
2026-06-07 22:00:00+00:00,110.0,112,110.0
2026-06-07 22:30:00+00:00,114.0,117,114.0
2026-06-07 23:00:00+00:00,115.0,118,115.0
2026-06-07 23:30:00+00:00,110.0,119,110.0
2026-06-08 00:00:00+00:00,107.0,115,107.0
2026-06-08 00:30:00+00:00,114.0,113,114.0
2026-06-08 01:00:00+00:00,117.0,110,117.0
2026-06-08 01:30:00+00:00,115.0,114,115.0
2026-06-08 02:00:00+00:00,112.0,119,112.0
2026-06-08 02:30:00+00:00,117.0,121,117.0
2026-06-08 03:00:00+00:00,117.0,123,117.0
2026-06-08 03:30:00+00:00,123.0,127,123.0
2026-06-08 04:00:00+00:00,130.0,130,130.0
2026-06-08 04:30:00+00:00,129.0,130,129.0
2026-06-08 05:00:00+00:00,135.0,142,135.0
2026-06-08 05:30:00+00:00,142.0,144,142.0
2026-06-08 06:00:00+00:00,143.0,145,143.0
2026-06-08 06:30:00+00:00,144.0,140,144.0
2026-06-08 07:00:00+00:00,139.0,136,139.0
2026-06-08 07:30:00+00:00,137.0,136,137.0
2026-06-08 08:00:00+00:00,135.0,133,135.0
2026-06-08 08:30:00+00:00,131.0,134,131.0
2026-06-08 09:00:00+00:00,126.0,132,126.0
2026-06-08 09:30:00+00:00,119.0,124,119.0
2026-06-08 10:00:00+00:00,115.0,119,115.0
2026-06-08 10:30:00+00:00,115.0,114,115.0
2026-06-08 11:00:00+00:00,110.0,108,110.0
2026-06-08 11:30:00+00:00,105.0,116,105.0
2026-06-08 12:00:00+00:00,98.0,100,98.0
2026-06-08 12:30:00+00:00,95.0,100,95.0
2026-06-08 13:00:00+00:00,99.0,99,99.0
2026-06-08 13:30:00+00:00,111.0,99,111.0
2026-06-08 14:00:00+00:00,109.0,112,109.0
2026-06-08 14:30:00+00:00,111.0,102,111.0
2026-06-08 15:00:00+00:00,122.0,114,122.0
2026-06-08 15:30:00+00:00,130.0,127,130.0
2026-06-08 16:00:00+00:00,138.0,135,138.0
2026-06-08 16:30:00+00:00,155.0,157,155.0
2026-06-08 17:00:00+00:00,166.0,150,166.0
2026-06-08 17:30:00+00:00,175.0,173,175.0
2026-06-08 18:00:00+00:00,178.0,175,178.0
2026-06-08 18:30:00+00:00,185.0,187,185.0
2026-06-08 19:00:00+00:00,188.0,186,188.0
2026-06-08 19:30:00+00:00,180.0,194,180.0
2026-06-08 20:00:00+00:00,178.0,194,178.0
2026-06-08 20:30:00+00:00,176.0,188,176.0
2026-06-08 21:00:00+00:00,167.0,180,167.0
2026-06-08 21:30:00+00:00,146.0,180,146.0
2026-06-08 22:00:00+00:00,137.0,154,137.0
2026-06-08 22:30:00+00:00,120.0,150,120.0
2026-06-08 23:00:00+00:00,108.0,142,108.0
2026-06-08 23:30:00+00:00,101.0,136,101.0
2026-06-09 00:00:00+00:00,101.0,111,101.0
2026-06-09 00:30:00+00:00,100.0,103,100.0
2026-06-09 01:00:00+00:00,98.0,103,98.0
2026-06-09 01:30:00+00:00,99.0,100,99.0
2026-06-09 02:00:00+00:00,101.0,98,101.0
2026-06-09 02:30:00+00:00,102.0,99,102.0
2026-06-09 03:00:00+00:00,97.0,99,97.0
2026-06-09 03:30:00+00:00,89.0,99,89.0
2026-06-09 04:00:00+00:00,86.0,107,86.0
2026-06-09 04:30:00+00:00,97.0,94,97.0
2026-06-09 05:00:00+00:00,100.0,89,100.0
2026-06-09 05:30:00+00:00,100.0,95,100.0
2026-06-09 06:00:00+00:00,97.0,100,97.0
2026-06-09 06:30:00+00:00,88.0,97,88.0
2026-06-09 07:00:00+00:00,81.0,88,81.0
2026-06-09 07:30:00+00:00,72.0,81,72.0
2026-06-09 08:00:00+00:00,65.0,72,65.0
2026-06-09 08:30:00+00:00,61.0,61,61.0
2026-06-09 09:00:00+00:00,60.0,56,60.0
2026-06-09 09:30:00+00:00,59.0,48,59.0
2026-06-09 10:00:00+00:00,59.0,58,59.0
2026-06-09 10:30:00+00:00,57.0,52,57.0
2026-06-09 11:00:00+00:00,53.0,53,53.0
2026-06-09 11:30:00+00:00,51.0,55,51.0
2026-06-09 12:00:00+00:00,52.0,52,52.0
2026-06-09 12:30:00+00:00,51.0,46,51.0
2026-06-09 13:00:00+00:00,56.0,50,56.0
2026-06-09 13:30:00+00:00,58.0,51,58.0
2026-06-09 14:00:00+00:00,54.0,51,54.0
2026-06-09 14:30:00+00:00,55.0,53,55.0
2026-06-09 15:00:00+00:00,64.0,53,64.0
2026-06-09 15:30:00+00:00,76.0,59,76.0
2026-06-09 16:00:00+00:00,87.0,61,87.0
2026-06-09 16:30:00+00:00,98.0,77,98.0
2026-06-09 17:00:00+00:00,106.0,90,106.0
2026-06-09 17:30:00+00:00,117.0,105,117.0
2026-06-09 18:00:00+00:00,128.0,108,128.0
2026-06-09 18:30:00+00:00,137.0,118,137.0
2026-06-09 19:00:00+00:00,144.0,128,144.0
2026-06-09 19:30:00+00:00,147.0,139,147.0
2026-06-09 20:00:00+00:00,148.0,143,148.0
2026-06-09 20:30:00+00:00,148.0,151,148.0
2026-06-09 21:00:00+00:00,141.0,152,141.0
2026-06-09 21:30:00+00:00,124.0,148,124.0
2026-06-09 22:00:00+00:00,119.0,141,119.0
2026-06-09 22:30:00+00:00,116.0,123,116.0
2026-06-09 23:00:00+00:00,113.0,119,113.0
2026-06-09 23:30:00+00:00,109.0,108,109.0
2026-06-10 00:00:00+00:00,109.0,113,109.0
2026-06-10 00:30:00+00:00,108.0,104,108.0
2026-06-10 01:00:00+00:00,107.0,111,107.0
2026-06-10 01:30:00+00:00,120.0,110,120.0
2026-06-10 02:00:00+00:00,123.0,106,123.0
2026-06-10 02:30:00+00:00,125.0,119,125.0
2026-06-10 03:00:00+00:00,122.0,127,122.0
2026-06-10 03:30:00+00:00,134.0,129,134.0
2026-06-10 04:00:00+00:00,147.0,170,147.0
2026-06-10 04:30:00+00:00,151.0,145,151.0
2026-06-10 05:00:00+00:00,161.0,161,161.0
2026-06-10 05:30:00+00:00,161.0,159,161.0
2026-06-10 06:00:00+00:00,160.0,166,160.0
2026-06-10 06:30:00+00:00,158.0,161,158.0
2026-06-10 07:00:00+00:00,158.0,159,158.0
2026-06-10 07:30:00+00:00,151.0,153,151.0
2026-06-10 08:00:00+00:00,146.0,154,146.0
2026-06-10 08:30:00+00:00,135.0,148,135.0
2026-06-10 09:00:00+00:00,125.0,140,125.0
2026-06-10 09:30:00+00:00,120.0,132,120.0
2026-06-10 10:00:00+00:00,111.0,124,111.0
2026-06-10 10:30:00+00:00,111.0,118,111.0
2026-06-10 11:00:00+00:00,109.0,114,109.0
2026-06-10 11:30:00+00:00,109.0,108,109.0
2026-06-10 12:00:00+00:00,104.0,103,104.0
2026-06-10 12:30:00+00:00,102.0,105,102.0
2026-06-10 13:00:00+00:00,101.0,107,101.0
2026-06-10 13:30:00+00:00,112.0,101,112.0
2026-06-10 14:00:00+00:00,123.0,103,123.0
2026-06-10 14:30:00+00:00,130.0,109,130.0
2026-06-10 15:00:00+00:00,146.0,133,146.0
2026-06-10 15:30:00+00:00,162.0,147,162.0
2026-06-10 16:00:00+00:00,169.0,152,169.0
2026-06-10 16:30:00+00:00,170.0,184,170.0
2026-06-10 17:00:00+00:00,174.0,175,174.0
2026-06-10 17:30:00+00:00,184.0,182,184.0
2026-06-10 18:00:00+00:00,193.0,192,193.0
2026-06-10 18:30:00+00:00,199.0,199,199.0
2026-06-10 19:00:00+00:00,203.0,205,203.0
2026-06-10 19:30:00+00:00,200.0,204,200.0
2026-06-10 20:00:00+00:00,200.0,213,200.0
2026-06-10 20:30:00+00:00,198.0,212,198.0
2026-06-10 21:00:00+00:00,193.0,207,193.0
2026-06-10 21:30:00+00:00,185.0,207,185.0
2026-06-10 22:00:00+00:00,178.0,195,178.0
2026-06-10 22:30:00+00:00,168.0,184,168.0
2026-06-10 23:00:00+00:00,163.0,180,163.0
2026-06-10 23:30:00+00:00,165.0,167,165.0
2026-06-11 00:00:00+00:00,161.0,166,161.0
2026-06-11 00:30:00+00:00,166.0,168,166.0
2026-06-11 01:00:00+00:00,168.0,162,168.0
2026-06-11 01:30:00+00:00,168.0,165,168.0
2026-06-11 02:00:00+00:00,164.0,163,164.0
2026-06-11 02:30:00+00:00,164.0,172,164.0
2026-06-11 03:00:00+00:00,163.0,164,163.0
2026-06-11 03:30:00+00:00,164.0,165,164.0
2026-06-11 04:00:00+00:00,171.0,169,171.0
2026-06-11 04:30:00+00:00,175.0,172,175.0
2026-06-11 05:00:00+00:00,176.0,180,176.0
2026-06-11 05:30:00+00:00,166.0,181,166.0
2026-06-11 06:00:00+00:00,160.0,175,160.0
2026-06-11 06:30:00+00:00,153.0,171,153.0
2026-06-11 07:00:00+00:00,147.0,158,147.0
2026-06-11 07:30:00+00:00,145.0,145,145.0
2026-06-11 08:00:00+00:00,138.0,146,138.0
2026-06-11 08:30:00+00:00,131.0,129,131.0
2026-06-11 09:00:00+00:00,126.0,130,126.0
2026-06-11 09:30:00+00:00,118.0,130,118.0
2026-06-11 10:00:00+00:00,115.0,121,115.0
2026-06-11 10:30:00+00:00,109.0,114,109.0
2026-06-11 11:00:00+00:00,108.0,112,108.0
2026-06-11 11:30:00+00:00,98.0,111,98.0
2026-06-11 12:00:00+00:00,90.0,106,90.0
2026-06-11 12:30:00+00:00,86.0,92,86.0
2026-06-11 13:00:00+00:00,86.0,89,86.0
2026-06-11 13:30:00+00:00,85.0,83,85.0
2026-06-11 14:00:00+00:00,85.0,89,85.0
2026-06-11 14:30:00+00:00,86.0,84,86.0
2026-06-11 15:00:00+00:00,86.0,79,86.0
2026-06-11 15:30:00+00:00,90.0,82,90.0
2026-06-11 16:00:00+00:00,98.0,83,98.0
2026-06-11 16:30:00+00:00,105.0,89,105.0
2026-06-11 17:00:00+00:00,109.0,91,109.0
2026-06-11 17:30:00+00:00,113.0,103,113.0
2026-06-11 18:00:00+00:00,118.0,102,118.0
2026-06-11 18:30:00+00:00,117.0,106,117.0
2026-06-11 19:00:00+00:00,119.0,108,119.0
2026-06-11 19:30:00+00:00,121.0,101,121.0
2026-06-11 20:00:00+00:00,113.0,105,113.0
2026-06-11 20:30:00+00:00,99.0,103,99.0
2026-06-11 21:00:00+00:00,83.0,107,83.0
2026-06-11 21:30:00+00:00,73.0,96,73.0
2026-06-11 22:00:00+00:00,70.0,83,70.0
2026-06-11 22:30:00+00:00,63.0,69,63.0
2026-06-11 23:00:00+00:00,60.0,68,60.0
2026-06-11 23:30:00+00:00,62.0,67,62.0
2026-06-12 00:00:00+00:00,61.0,59,61.0
2026-06-12 00:30:00+00:00,64.0,59,64.0
2026-06-12 01:00:00+00:00,65.0,60,65.0
2026-06-12 01:30:00+00:00,67.0,60,67.0
2026-06-12 02:00:00+00:00,64.0,64,64.0
2026-06-12 02:30:00+00:00,64.0,66,64.0
2026-06-12 03:00:00+00:00,62.0,64,62.0
2026-06-12 03:30:00+00:00,69.0,64,69.0
2026-06-12 04:00:00+00:00,71.0,61,71.0
2026-06-12 04:30:00+00:00,75.0,66,75.0
2026-06-12 05:00:00+00:00,89.0,69,89.0
2026-06-12 05:30:00+00:00,93.0,78,93.0
2026-06-12 06:00:00+00:00,103.0,77,103.0
2026-06-12 06:30:00+00:00,97.0,79,97.0
2026-06-12 07:00:00+00:00,91.0,75,91.0
2026-06-12 07:30:00+00:00,82.0,80,82.0
2026-06-12 08:00:00+00:00,73.0,75,73.0
2026-06-12 08:30:00+00:00,62.0,77,62.0
2026-06-12 09:00:00+00:00,63.0,70,63.0
2026-06-12 09:30:00+00:00,70.0,57,70.0
2026-06-12 10:00:00+00:00,63.0,59,63.0
2026-06-12 10:30:00+00:00,61.0,61,61.0
2026-06-12 11:00:00+00:00,61.0,56,61.0
2026-06-12 11:30:00+00:00,59.0,53,59.0
2026-06-12 12:00:00+00:00,60.0,49,60.0
2026-06-12 12:30:00+00:00,50.0,38,50.0
2026-06-12 13:00:00+00:00,49.0,46,49.0
2026-06-12 13:30:00+00:00,51.0,43,51.0
2026-06-12 14:00:00+00:00,49.0,43,49.0
2026-06-12 14:30:00+00:00,49.0,43,49.0
2026-06-12 15:00:00+00:00,54.0,45,54.0
2026-06-12 15:30:00+00:00,54.0,50,54.0
2026-06-12 16:00:00+00:00,60.0,49,60.0
2026-06-12 16:30:00+00:00,60.0,51,60.0
2026-06-12 17:00:00+00:00,62.0,54,62.0
2026-06-12 17:30:00+00:00,70.0,55,70.0
2026-06-12 18:00:00+00:00,80.0,57,80.0
2026-06-12 18:30:00+00:00,86.0,63,86.0
2026-06-12 19:00:00+00:00,92.0,74,92.0
2026-06-12 19:30:00+00:00,96.0,78,96.0
2026-06-12 20:00:00+00:00,99.0,87,99.0
2026-06-12 20:30:00+00:00,100.0,89,100.0
2026-06-12 21:00:00+00:00,95.0,92,95.0
2026-06-12 21:30:00+00:00,93.0,92,93.0
2026-06-12 22:00:00+00:00,91.0,89,91.0
2026-06-12 22:30:00+00:00,93.0,84,93.0
2026-06-12 23:00:00+00:00,89.0,84,89.0
2026-06-12 23:30:00+00:00,83.0,78,83.0
2026-06-13 00:00:00+00:00,73.0,85,73.0
2026-06-13 00:30:00+00:00,87.0,83,87.0
2026-06-13 01:00:00+00:00,84.0,63,84.0
2026-06-13 01:30:00+00:00,74.0,72,74.0
2026-06-13 02:00:00+00:00,68.0,80,68.0
2026-06-13 02:30:00+00:00,59.0,70,59.0
2026-06-13 03:00:00+00:00,60.0,62,60.0
2026-06-13 03:30:00+00:00,56.0,56,56.0
2026-06-13 04:00:00+00:00,58.0,53,58.0
2026-06-13 04:30:00+00:00,54.0,49,54.0
2026-06-13 05:00:00+00:00,52.0,52,52.0
2026-06-13 05:30:00+00:00,53.0,51,53.0
2026-06-13 06:00:00+00:00,49.0,49,49.0
2026-06-13 06:30:00+00:00,51.0,48,51.0
2026-06-13 07:00:00+00:00,51.0,45,51.0
2026-06-13 07:30:00+00:00,49.0,41,49.0
2026-06-13 08:00:00+00:00,46.0,40,46.0
2026-06-13 08:30:00+00:00,48.0,41,48.0
2026-06-13 09:00:00+00:00,44.0,41,44.0
2026-06-13 09:30:00+00:00,44.0,45,44.0
2026-06-13 10:00:00+00:00,43.0,40,43.0
2026-06-13 10:30:00+00:00,43.0,39,43.0
2026-06-13 11:00:00+00:00,42.0,39,42.0
2026-06-13 11:30:00+00:00,38.0,37,38.0
2026-06-13 12:00:00+00:00,40.0,39,40.0
2026-06-13 12:30:00+00:00,38.0,36,38.0
2026-06-13 13:00:00+00:00,38.0,45,38.0
2026-06-13 13:30:00+00:00,40.0,36,40.0
2026-06-13 14:00:00+00:00,41.0,37,41.0
2026-06-13 14:30:00+00:00,44.0,39,44.0
2026-06-13 15:00:00+00:00,51.0,40,51.0
2026-06-13 15:30:00+00:00,45.0,40,45.0
2026-06-13 16:00:00+00:00,48.0,44,48.0
2026-06-13 16:30:00+00:00,48.0,45,48.0
2026-06-13 17:00:00+00:00,53.0,48,53.0
2026-06-13 17:30:00+00:00,57.0,45,57.0
2026-06-13 18:00:00+00:00,64.0,45,64.0
2026-06-13 18:30:00+00:00,75.0,51,75.0
2026-06-13 19:00:00+00:00,78.0,54,78.0
2026-06-13 19:30:00+00:00,84.0,70,84.0
2026-06-13 20:00:00+00:00,78.0,74,78.0
2026-06-13 20:30:00+00:00,69.0,78,69.0
2026-06-13 21:00:00+00:00,69.0,77,69.0
2026-06-13 21:30:00+00:00,72.0,70,72.0
2026-06-13 22:00:00+00:00,72.0,67,72.0
2026-06-13 22:30:00+00:00,80.0,67,80.0
2026-06-13 23:00:00+00:00,80.0,74,80.0
2026-06-13 23:30:00+00:00,88.0,72,88.0
2026-06-14 00:00:00+00:00,92.0,76,92.0
2026-06-14 00:30:00+00:00,95.0,86,95.0
2026-06-14 01:00:00+00:00,93.0,87,93.0
2026-06-14 01:30:00+00:00,93.0,90,93.0
2026-06-14 02:00:00+00:00,92.0,88,92.0
2026-06-14 02:30:00+00:00,96.0,94,96.0
2026-06-14 03:00:00+00:00,98.0,86,98.0
2026-06-14 03:30:00+00:00,98.0,90,98.0
2026-06-14 04:00:00+00:00,98.0,100,98.0
2026-06-14 04:30:00+00:00,102.0,100,102.0
2026-06-14 05:00:00+00:00,101.0,106,101.0
2026-06-14 05:30:00+00:00,97.0,103,97.0
2026-06-14 06:00:00+00:00,94.0,98,94.0
2026-06-14 06:30:00+00:00,87.0,86,87.0
2026-06-14 07:00:00+00:00,86.0,83,86.0
2026-06-14 07:30:00+00:00,78.0,93,78.0
2026-06-14 08:00:00+00:00,75.0,86,75.0
2026-06-14 08:30:00+00:00,75.0,73,75.0
2026-06-14 09:00:00+00:00,73.0,66,73.0
2026-06-14 09:30:00+00:00,72.0,66,72.0
2026-06-14 10:00:00+00:00,71.0,65,71.0
2026-06-14 10:30:00+00:00,68.0,64,68.0
2026-06-14 11:00:00+00:00,70.0,64,70.0
2026-06-14 11:30:00+00:00,69.0,63,69.0
2026-06-14 12:00:00+00:00,69.0,57,69.0
2026-06-14 12:30:00+00:00,66.0,61,66.0
2026-06-14 13:00:00+00:00,67.0,66,67.0
2026-06-14 13:30:00+00:00,70.0,77,70.0
2026-06-14 14:00:00+00:00,71.0,73,71.0
2026-06-14 14:30:00+00:00,72.0,74,72.0
2026-06-14 15:00:00+00:00,79.0,77,79.0
2026-06-14 15:30:00+00:00,89.0,83,89.0
2026-06-14 16:00:00+00:00,102.0,86,102.0
2026-06-14 16:30:00+00:00,110.0,101,110.0
2026-06-14 17:00:00+00:00,128.0,108,128.0
2026-06-14 17:30:00+00:00,141.0,117,141.0
2026-06-14 18:00:00+00:00,142.0,123,142.0
2026-06-14 18:30:00+00:00,152.0,141,152.0
2026-06-14 19:00:00+00:00,152.0,141,152.0
2026-06-14 19:30:00+00:00,156.0,160,156.0
2026-06-14 20:00:00+00:00,162.0,149,162.0
2026-06-14 20:30:00+00:00,159.0,153,159.0
2026-06-14 21:00:00+00:00,152.0,163,152.0
2026-06-14 21:30:00+00:00,134.0,162,134.0
2026-06-14 22:00:00+00:00,129.0,162,129.0
2026-06-14 22:30:00+00:00,123.0,135,123.0
2026-06-14 23:00:00+00:00,124.0,133,124.0
2026-06-14 23:30:00+00:00,129.0,132,129.0
2026-06-15 00:00:00+00:00,133.0,129,133.0
2026-06-15 00:30:00+00:00,129.0,130,129.0
2026-06-15 01:00:00+00:00,129.0,135,129.0
2026-06-15 01:30:00+00:00,134.0,138,134.0
2026-06-15 02:00:00+00:00,135.0,130,135.0
2026-06-15 02:30:00+00:00,139.0,127,139.0
2026-06-15 03:00:00+00:00,138.0,132,138.0
2026-06-15 03:30:00+00:00,134.0,133,134.0
2026-06-15 04:00:00+00:00,140.0,151,140.0
2026-06-15 04:30:00+00:00,145.0,130,145.0
2026-06-15 05:00:00+00:00,159.0,137,159.0
2026-06-15 05:30:00+00:00,162.0,138,162.0
2026-06-15 06:00:00+00:00,162.0,163,162.0
2026-06-15 06:30:00+00:00,158.0,162,158.0
2026-06-15 07:00:00+00:00,155.0,165,155.0
2026-06-15 07:30:00+00:00,146.0,151,146.0
2026-06-15 08:00:00+00:00,137.0,142,137.0
2026-06-15 08:30:00+00:00,125.0,129,125.0
2026-06-15 09:00:00+00:00,122.0,133,122.0
2026-06-15 09:30:00+00:00,128.0,138,128.0
2026-06-15 10:00:00+00:00,125.0,133,125.0
2026-06-15 10:30:00+00:00,121.0,122,121.0
2026-06-15 11:00:00+00:00,119.0,123,119.0
2026-06-15 11:30:00+00:00,119.0,120,119.0
2026-06-15 12:00:00+00:00,121.0,118,121.0
2026-06-15 12:30:00+00:00,122.0,118,122.0
2026-06-15 13:00:00+00:00,124.0,122,124.0
2026-06-15 13:30:00+00:00,126.0,125,126.0
2026-06-15 14:00:00+00:00,130.0,129,130.0
2026-06-15 14:30:00+00:00,140.0,133,140.0
2026-06-15 15:00:00+00:00,154.0,139,154.0
2026-06-15 15:30:00+00:00,163.0,150,163.0
2026-06-15 16:00:00+00:00,170.0,162,170.0
2026-06-15 16:30:00+00:00,173.0,178,173.0
2026-06-15 17:00:00+00:00,178.0,190,178.0
2026-06-15 17:30:00+00:00,181.0,188,181.0
2026-06-15 18:00:00+00:00,185.0,181,185.0
2026-06-15 18:30:00+00:00,189.0,189,189.0
2026-06-15 19:00:00+00:00,192.0,191,192.0
2026-06-15 19:30:00+00:00,194.0,197,194.0
2026-06-15 20:00:00+00:00,191.0,199,191.0
2026-06-15 20:30:00+00:00,198.0,202,198.0
2026-06-15 21:00:00+00:00,199.0,198,199.0
2026-06-15 21:30:00+00:00,196.0,199,196.0
2026-06-15 22:00:00+00:00,192.0,197,192.0
2026-06-15 22:30:00+00:00,197.0,203,197.0
2026-06-15 23:00:00+00:00,199.0,197,199.0
2026-06-15 23:30:00+00:00,194.0,192,194.0
2026-06-16 00:00:00+00:00,199.0,203,199.0
2026-06-16 00:30:00+00:00,202.0,202,202.0
2026-06-16 01:00:00+00:00,202.0,208,202.0
2026-06-16 01:30:00+00:00,202.0,212,202.0
2026-06-16 02:00:00+00:00,205.0,216,205.0
2026-06-16 02:30:00+00:00,210.0,211,210.0
2026-06-16 03:00:00+00:00,209.0,211,209.0
2026-06-16 03:30:00+00:00,209.0,213,209.0
2026-06-16 04:00:00+00:00,207.0,218,207.0
2026-06-16 04:30:00+00:00,207.0,216,207.0
2026-06-16 05:00:00+00:00,207.0,216,207.0
2026-06-16 05:30:00+00:00,203.0,210,203.0
2026-06-16 06:00:00+00:00,200.0,209,200.0
2026-06-16 06:30:00+00:00,198.0,207,198.0
2026-06-16 07:00:00+00:00,191.0,202,191.0
2026-06-16 07:30:00+00:00,183.0,196,183.0
2026-06-16 08:00:00+00:00,174.0,186,174.0
2026-06-16 08:30:00+00:00,165.0,180,165.0
2026-06-16 09:00:00+00:00,159.0,171,159.0
2026-06-16 09:30:00+00:00,150.0,159,150.0
2026-06-16 10:00:00+00:00,143.0,152,143.0
2026-06-16 10:30:00+00:00,139.0,146,139.0
2026-06-16 11:00:00+00:00,134.0,138,134.0
2026-06-16 11:30:00+00:00,131.0,144,131.0
2026-06-16 12:00:00+00:00,131.0,127,131.0
2026-06-16 12:30:00+00:00,131.0,130,131.0
2026-06-16 13:00:00+00:00,131.0,129,131.0
2026-06-16 13:30:00+00:00,136.0,129,136.0
2026-06-16 14:00:00+00:00,141.0,132,141.0
2026-06-16 14:30:00+00:00,142.0,133,142.0
2026-06-16 15:00:00+00:00,145.0,150,145.0
2026-06-16 15:30:00+00:00,155.0,142,155.0
2026-06-16 16:00:00+00:00,163.0,145,163.0
2026-06-16 16:30:00+00:00,167.0,153,167.0
2026-06-16 17:00:00+00:00,169.0,161,169.0
2026-06-16 17:30:00+00:00,171.0,167,171.0
2026-06-16 18:00:00+00:00,167.0,169,167.0
2026-06-16 18:30:00+00:00,167.0,167,167.0
2026-06-16 19:00:00+00:00,169.0,165,169.0
2026-06-16 19:30:00+00:00,170.0,165,170.0
2026-06-16 20:00:00+00:00,170.0,167,170.0
2026-06-16 20:30:00+00:00,174.0,169,174.0
2026-06-16 21:00:00+00:00,171.0,167,171.0
2026-06-16 21:30:00+00:00,167.0,162,167.0
2026-06-16 22:00:00+00:00,164.0,163,164.0
2026-06-16 22:30:00+00:00,165.0,159,165.0
2026-06-16 23:00:00+00:00,167.0,158,167.0
2026-06-16 23:30:00+00:00,166.0,158,166.0
2026-06-17 00:00:00+00:00,166.0,167,166.0
2026-06-17 00:30:00+00:00,164.0,174,164.0
2026-06-17 01:00:00+00:00,162.0,170,162.0
2026-06-17 01:30:00+00:00,162.0,165,162.0
2026-06-17 02:00:00+00:00,159.0,170,159.0
2026-06-17 02:30:00+00:00,160.0,168,160.0
2026-06-17 03:00:00+00:00,159.0,164,159.0
2026-06-17 03:30:00+00:00,166.0,158,166.0
2026-06-17 04:00:00+00:00,163.0,153,163.0
2026-06-17 04:30:00+00:00,151.0,167,151.0
2026-06-17 05:00:00+00:00,148.0,176,148.0
2026-06-17 05:30:00+00:00,134.0,155,134.0
2026-06-17 06:00:00+00:00,131.0,154,131.0
2026-06-17 06:30:00+00:00,127.0,133,127.0
2026-06-17 07:00:00+00:00,121.0,126,121.0
2026-06-17 07:30:00+00:00,111.0,127,111.0
2026-06-17 08:00:00+00:00,98.0,120,98.0
2026-06-17 08:30:00+00:00,84.0,106,84.0
2026-06-17 09:00:00+00:00,80.0,94,80.0
2026-06-17 09:30:00+00:00,77.0,81,77.0
2026-06-17 10:00:00+00:00,75.0,78,75.0
2026-06-17 10:30:00+00:00,74.0,75,74.0
2026-06-17 11:00:00+00:00,73.0,73,73.0
2026-06-17 11:30:00+00:00,69.0,72,69.0
2026-06-17 12:00:00+00:00,68.0,67,68.0
2026-06-17 12:30:00+00:00,69.0,68,69.0
2026-06-17 13:00:00+00:00,70.0,65,70.0
2026-06-17 13:30:00+00:00,76.0,66,76.0
2026-06-17 14:00:00+00:00,79.0,68,79.0
2026-06-17 14:30:00+00:00,85.0,75,85.0
2026-06-17 15:00:00+00:00,100.0,83,100.0
2026-06-17 15:30:00+00:00,119.0,87,119.0
2026-06-17 16:00:00+00:00,133.0,94,133.0
2026-06-17 16:30:00+00:00,145.0,132,145.0
2026-06-17 17:00:00+00:00,154.0,140,154.0
2026-06-17 17:30:00+00:00,151.0,145,151.0
2026-06-17 18:00:00+00:00,153.0,155,153.0
2026-06-17 18:30:00+00:00,160.0,163,160.0
2026-06-17 19:00:00+00:00,165.0,165,165.0
2026-06-17 19:30:00+00:00,164.0,171,164.0
2026-06-17 20:00:00+00:00,166.0,170,166.0
2026-06-17 20:30:00+00:00,161.0,168,161.0
2026-06-17 21:00:00+00:00,163.0,171,163.0
2026-06-17 21:30:00+00:00,174.0,161,174.0
2026-06-17 22:00:00+00:00,176.0,149,176.0
2026-06-17 22:30:00+00:00,181.0,182,181.0
2026-06-17 23:00:00+00:00,182.0,179,182.0
2026-06-17 23:30:00+00:00,180.0,181,180.0
2026-06-18 00:00:00+00:00,178.0,185,178.0
2026-06-18 00:30:00+00:00,173.0,190,173.0
2026-06-18 01:00:00+00:00,170.0,178,170.0
2026-06-18 01:30:00+00:00,169.0,178,169.0
2026-06-18 02:00:00+00:00,177.0,173,177.0
2026-06-18 02:30:00+00:00,182.0,176,182.0
2026-06-18 03:00:00+00:00,183.0,183,183.0
2026-06-18 03:30:00+00:00,188.0,184,188.0
2026-06-18 04:00:00+00:00,194.0,192,194.0
2026-06-18 04:30:00+00:00,190.0,192,190.0
2026-06-18 05:00:00+00:00,189.0,198,189.0
2026-06-18 05:30:00+00:00,179.0,191,179.0
2026-06-18 06:00:00+00:00,176.0,188,176.0
2026-06-18 06:30:00+00:00,164.0,183,164.0
2026-06-18 07:00:00+00:00,155.0,176,155.0
2026-06-18 07:30:00+00:00,148.0,159,148.0
2026-06-18 08:00:00+00:00,139.0,151,139.0
2026-06-18 08:30:00+00:00,127.0,143,127.0
2026-06-18 09:00:00+00:00,112.0,132,112.0
2026-06-18 09:30:00+00:00,103.0,119,103.0
2026-06-18 10:00:00+00:00,94.0,107,94.0
2026-06-18 10:30:00+00:00,93.0,102,93.0
2026-06-18 11:00:00+00:00,94.0,89,94.0
2026-06-18 11:30:00+00:00,92.0,86,92.0
2026-06-18 12:00:00+00:00,84.0,92,84.0
2026-06-18 12:30:00+00:00,85.0,88,85.0
2026-06-18 13:00:00+00:00,85.0,84,85.0
2026-06-18 13:30:00+00:00,90.0,84,90.0
2026-06-18 14:00:00+00:00,90.0,83,90.0
2026-06-18 14:30:00+00:00,101.0,91,101.0
2026-06-18 15:00:00+00:00,118.0,89,118.0
2026-06-18 15:30:00+00:00,124.0,99,124.0
2026-06-18 16:00:00+00:00,140.0,128,140.0
2026-06-18 16:30:00+00:00,158.0,137,158.0
2026-06-18 17:00:00+00:00,165.0,148,165.0
2026-06-18 17:30:00+00:00,169.0,168,169.0
2026-06-18 18:00:00+00:00,174.0,177,174.0
2026-06-18 18:30:00+00:00,181.0,184,181.0
2026-06-18 19:00:00+00:00,188.0,186,188.0
2026-06-18 19:30:00+00:00,193.0,193,193.0
2026-06-18 20:00:00+00:00,191.0,199,191.0
2026-06-18 20:30:00+00:00,193.0,201,193.0
2026-06-18 21:00:00+00:00,187.0,193,187.0
2026-06-18 21:30:00+00:00,175.0,194,175.0
2026-06-18 22:00:00+00:00,163.0,183,163.0
2026-06-18 22:30:00+00:00,156.0,164,156.0
2026-06-18 23:00:00+00:00,145.0,153,145.0
2026-06-18 23:30:00+00:00,138.0,147,138.0
2026-06-19 00:00:00+00:00,132.0,144,132.0
2026-06-19 00:30:00+00:00,120.0,133,120.0
2026-06-19 01:00:00+00:00,120.0,124,120.0
2026-06-19 01:30:00+00:00,125.0,120,125.0
2026-06-19 02:00:00+00:00,129.0,116,129.0
2026-06-19 02:30:00+00:00,133.0,122,133.0
2026-06-19 03:00:00+00:00,135.0,126,135.0
2026-06-19 03:30:00+00:00,142.0,131,142.0
2026-06-19 04:00:00+00:00,144.0,134,144.0
2026-06-19 04:30:00+00:00,149.0,142,149.0
2026-06-19 05:00:00+00:00,149.0,141,149.0
2026-06-19 05:30:00+00:00,132.0,139,132.0
2026-06-19 06:00:00+00:00,123.0,133,123.0
2026-06-19 06:30:00+00:00,109.0,123,109.0
2026-06-19 07:00:00+00:00,102.0,115,102.0
2026-06-19 07:30:00+00:00,98.0,97,98.0
2026-06-19 08:00:00+00:00,85.0,89,85.0
2026-06-19 08:30:00+00:00,77.0,83,77.0
2026-06-19 09:00:00+00:00,69.0,72,69.0
2026-06-19 09:30:00+00:00,65.0,69,65.0
2026-06-19 10:00:00+00:00,60.0,66,60.0
2026-06-19 10:30:00+00:00,58.0,60,58.0
2026-06-19 11:00:00+00:00,59.0,57,59.0
2026-06-19 11:30:00+00:00,60.0,58,60.0
2026-06-19 12:00:00+00:00,59.0,58,59.0
2026-06-19 12:30:00+00:00,61.0,60,61.0
2026-06-19 13:00:00+00:00,62.0,62,62.0
2026-06-19 13:30:00+00:00,64.0,64,64.0
2026-06-19 14:00:00+00:00,68.0,61,68.0
2026-06-19 14:30:00+00:00,72.0,60,72.0
2026-06-19 15:00:00+00:00,86.0,64,86.0
2026-06-19 15:30:00+00:00,114.0,64,114.0
2026-06-19 16:00:00+00:00,128.0,79,128.0
2026-06-19 16:30:00+00:00,142.0,116,142.0
2026-06-19 17:00:00+00:00,151.0,134,151.0
2026-06-19 17:30:00+00:00,158.0,157,158.0
2026-06-19 18:00:00+00:00,166.0,162,166.0
2026-06-19 18:30:00+00:00,172.0,172,172.0
2026-06-19 19:00:00+00:00,175.0,176,175.0
2026-06-19 19:30:00+00:00,178.0,186,178.0
2026-06-19 20:00:00+00:00,184.0,185,184.0
2026-06-19 20:30:00+00:00,183.0,190,183.0
2026-06-19 21:00:00+00:00,176.0,193,176.0
2026-06-19 21:30:00+00:00,167.0,191,167.0
2026-06-19 22:00:00+00:00,159.0,183,159.0
2026-06-19 22:30:00+00:00,164.0,173,164.0
2026-06-19 23:00:00+00:00,160.0,172,160.0
2026-06-19 23:30:00+00:00,161.0,167,161.0
2026-06-20 00:00:00+00:00,161.0,169,161.0
2026-06-20 00:30:00+00:00,166.0,169,166.0
2026-06-20 01:00:00+00:00,165.0,170,165.0
2026-06-20 01:30:00+00:00,160.0,176,160.0
2026-06-20 02:00:00+00:00,153.0,178,153.0
2026-06-20 02:30:00+00:00,160.0,162,160.0
2026-06-20 03:00:00+00:00,157.0,153,157.0
2026-06-20 03:30:00+00:00,149.0,151,149.0
2026-06-20 04:00:00+00:00,149.0,153,149.0
2026-06-20 04:30:00+00:00,139.0,150,139.0
2026-06-20 05:00:00+00:00,142.0,147,142.0
2026-06-20 05:30:00+00:00,145.0,133,145.0
2026-06-20 06:00:00+00:00,145.0,140,145.0
2026-06-20 06:30:00+00:00,140.0,141,140.0
2026-06-20 07:00:00+00:00,127.0,140,127.0
2026-06-20 07:30:00+00:00,114.0,131,114.0
2026-06-20 08:00:00+00:00,105.0,123,105.0
2026-06-20 08:30:00+00:00,104.0,104,104.0
2026-06-20 09:00:00+00:00,98.0,91,98.0
2026-06-20 09:30:00+00:00,100.0,92,100.0
2026-06-20 10:00:00+00:00,101.0,95,101.0
2026-06-20 10:30:00+00:00,102.0,95,102.0
2026-06-20 11:00:00+00:00,98.0,94,98.0
2026-06-20 11:30:00+00:00,98.0,96,98.0
2026-06-20 12:00:00+00:00,99.0,93,99.0
2026-06-20 12:30:00+00:00,99.0,96,99.0
2026-06-20 13:00:00+00:00,98.0,100,98.0
2026-06-20 13:30:00+00:00,101.0,100,101.0
2026-06-20 14:00:00+00:00,107.0,105,107.0
2026-06-20 14:30:00+00:00,114.0,102,114.0
2026-06-20 15:00:00+00:00,129.0,111,129.0
2026-06-20 15:30:00+00:00,147.0,120,147.0
2026-06-20 16:00:00+00:00,158.0,129,158.0
2026-06-20 16:30:00+00:00,171.0,169,171.0
2026-06-20 17:00:00+00:00,181.0,172,181.0
2026-06-20 17:30:00+00:00,190.0,181,190.0
2026-06-20 18:00:00+00:00,199.0,190,199.0
2026-06-20 18:30:00+00:00,207.0,200,207.0
2026-06-20 19:00:00+00:00,214.0,210,214.0
2026-06-20 19:30:00+00:00,217.0,218,217.0
2026-06-20 20:00:00+00:00,219.0,222,219.0
2026-06-20 20:30:00+00:00,216.0,227,216.0
2026-06-20 21:00:00+00:00,213.0,226,213.0
2026-06-20 21:30:00+00:00,210.0,220,210.0
2026-06-20 22:00:00+00:00,209.0,219,209.0
2026-06-20 22:30:00+00:00,207.0,218,207.0
2026-06-20 23:00:00+00:00,206.0,216,206.0
2026-06-20 23:30:00+00:00,203.0,213,203.0
2026-06-21 00:00:00+00:00,201.0,215,201.0
2026-06-21 00:30:00+00:00,202.0,211,202.0
2026-06-21 01:00:00+00:00,199.0,203,199.0
2026-06-21 01:30:00+00:00,190.0,204,190.0
2026-06-21 02:00:00+00:00,185.0,201,185.0
2026-06-21 02:30:00+00:00,184.0,199,184.0
2026-06-21 03:00:00+00:00,181.0,188,181.0
2026-06-21 03:30:00+00:00,175.0,191,175.0
2026-06-21 04:00:00+00:00,176.0,189,176.0
2026-06-21 04:30:00+00:00,165.0,191,165.0
2026-06-21 05:00:00+00:00,154.0,181,154.0
2026-06-21 05:30:00+00:00,151.0,168,151.0
2026-06-21 06:00:00+00:00,141.0,150,141.0
2026-06-21 06:30:00+00:00,131.0,149,131.0
2026-06-21 07:00:00+00:00,124.0,130,124.0
2026-06-21 07:30:00+00:00,114.0,125,114.0
2026-06-21 08:00:00+00:00,104.0,119,104.0
2026-06-21 08:30:00+00:00,100.0,107,100.0
2026-06-21 09:00:00+00:00,98.0,100,98.0
2026-06-21 09:30:00+00:00,96.0,97,96.0
2026-06-21 10:00:00+00:00,95.0,94,95.0
2026-06-21 10:30:00+00:00,94.0,93,94.0
2026-06-21 11:00:00+00:00,96.0,92,96.0
2026-06-21 11:30:00+00:00,95.0,92,95.0
2026-06-21 12:00:00+00:00,90.0,94,90.0
2026-06-21 12:30:00+00:00,89.0,95,89.0
2026-06-21 13:00:00+00:00,92.0,90,92.0
2026-06-21 13:30:00+00:00,91.0,91,91.0
2026-06-21 14:00:00+00:00,101.0,100,101.0
2026-06-21 14:30:00+00:00,108.0,92,108.0
2026-06-21 15:00:00+00:00,124.0,99,124.0
2026-06-21 15:30:00+00:00,139.0,102,139.0
2026-06-21 16:00:00+00:00,155.0,126,155.0
2026-06-21 16:30:00+00:00,168.0,144,168.0
2026-06-21 17:00:00+00:00,172.0,160,172.0
2026-06-21 17:30:00+00:00,177.0,176,177.0
2026-06-21 18:00:00+00:00,181.0,187,181.0
2026-06-21 18:30:00+00:00,190.0,185,190.0
2026-06-21 19:00:00+00:00,195.0,192,195.0
2026-06-21 19:30:00+00:00,195.0,207,195.0
2026-06-21 20:00:00+00:00,196.0,208,196.0
2026-06-21 20:30:00+00:00,195.0,210,195.0
2026-06-21 21:00:00+00:00,191.0,204,191.0
2026-06-21 21:30:00+00:00,196.0,197,196.0
2026-06-21 22:00:00+00:00,192.0,198,192.0
2026-06-21 22:30:00+00:00,191.0,198,191.0
2026-06-21 23:00:00+00:00,189.0,193,189.0
2026-06-21 23:30:00+00:00,187.0,188,187.0
2026-06-22 00:00:00+00:00,182.0,196,182.0
2026-06-22 00:30:00+00:00,179.0,190,179.0
2026-06-22 01:00:00+00:00,179.0,189,179.0
2026-06-22 01:30:00+00:00,176.0,187,176.0
2026-06-22 02:00:00+00:00,171.0,184,171.0
2026-06-22 02:30:00+00:00,170.0,184,170.0
2026-06-22 03:00:00+00:00,173.0,175,173.0
2026-06-22 03:30:00+00:00,175.0,175,175.0
2026-06-22 04:00:00+00:00,175.0,177,175.0
2026-06-22 04:30:00+00:00,181.0,176,181.0
2026-06-22 05:00:00+00:00,178.0,176,178.0
2026-06-22 05:30:00+00:00,155.0,178,155.0
2026-06-22 06:00:00+00:00,147.0,167,147.0
2026-06-22 06:30:00+00:00,136.0,152,136.0
2026-06-22 07:00:00+00:00,122.0,135,122.0
2026-06-22 07:30:00+00:00,108.0,128,108.0
2026-06-22 08:00:00+00:00,100.0,121,100.0
2026-06-22 08:30:00+00:00,96.0,103,96.0
2026-06-22 09:00:00+00:00,91.0,94,91.0
2026-06-22 09:30:00+00:00,90.0,82,90.0
2026-06-22 10:00:00+00:00,86.0,87,86.0
2026-06-22 10:30:00+00:00,84.0,86,84.0
2026-06-22 11:00:00+00:00,85.0,84,85.0
2026-06-22 11:30:00+00:00,84.0,82,84.0
2026-06-22 12:00:00+00:00,85.0,90,85.0
2026-06-22 12:30:00+00:00,90.0,82,90.0
2026-06-22 13:00:00+00:00,91.0,84,91.0
2026-06-22 13:30:00+00:00,99.0,87,99.0
2026-06-22 14:00:00+00:00,113.0,89,113.0
2026-06-22 14:30:00+00:00,127.0,95,127.0
2026-06-22 15:00:00+00:00,140.0,117,140.0
2026-06-22 15:30:00+00:00,157.0,131,157.0
2026-06-22 16:00:00+00:00,167.0,147,167.0
2026-06-22 16:30:00+00:00,175.0,157,175.0
2026-06-22 17:00:00+00:00,183.0,172,183.0
2026-06-22 17:30:00+00:00,193.0,181,193.0
2026-06-22 18:00:00+00:00,200.0,192,200.0
2026-06-22 18:30:00+00:00,206.0,193,206.0
2026-06-22 19:00:00+00:00,211.0,204,211.0
2026-06-22 19:30:00+00:00,213.0,204,213.0
2026-06-22 20:00:00+00:00,214.0,217,214.0
2026-06-22 20:30:00+00:00,220.0,214,220.0
2026-06-22 21:00:00+00:00,210.0,220,210.0
2026-06-22 21:30:00+00:00,208.0,214,208.0
2026-06-22 22:00:00+00:00,204.0,207,204.0
2026-06-22 22:30:00+00:00,204.0,207,204.0
2026-06-22 23:00:00+00:00,201.0,202,201.0
2026-06-22 23:30:00+00:00,195.0,197,195.0
2026-06-23 00:00:00+00:00,198.0,203,198.0
2026-06-23 00:30:00+00:00,204.0,199,204.0
2026-06-23 01:00:00+00:00,210.0,206,210.0
2026-06-23 01:30:00+00:00,217.0,206,217.0
2026-06-23 02:00:00+00:00,218.0,212,218.0
2026-06-23 02:30:00+00:00,218.0,218,218.0
2026-06-23 03:00:00+00:00,217.0,221,217.0
2026-06-23 03:30:00+00:00,223.0,218,223.0
2026-06-23 04:00:00+00:00,222.0,219,222.0
2026-06-23 04:30:00+00:00,214.0,227,214.0
2026-06-23 05:00:00+00:00,207.0,225,207.0
2026-06-23 05:30:00+00:00,195.0,215,195.0
2026-06-23 06:00:00+00:00,192.0,202,192.0
2026-06-23 06:30:00+00:00,175.0,192,175.0
2026-06-23 07:00:00+00:00,164.0,181,164.0
2026-06-23 07:30:00+00:00,150.0,169,150.0
2026-06-23 08:00:00+00:00,136.0,157,136.0
2026-06-23 08:30:00+00:00,135.0,142,135.0
2026-06-23 09:00:00+00:00,130.0,128,130.0
2026-06-23 09:30:00+00:00,128.0,127,128.0
2026-06-23 10:00:00+00:00,122.0,128,122.0
2026-06-23 10:30:00+00:00,111.0,122,111.0
2026-06-23 11:00:00+00:00,107.0,121,107.0
2026-06-23 11:30:00+00:00,115.0,108,115.0
2026-06-23 12:00:00+00:00,115.0,107,115.0
2026-06-23 12:30:00+00:00,118.0,111,118.0
2026-06-23 13:00:00+00:00,118.0,113,118.0
2026-06-23 13:30:00+00:00,125.0,111,125.0
2026-06-23 14:00:00+00:00,127.0,109,127.0
2026-06-23 14:30:00+00:00,140.0,111,140.0
2026-06-23 15:00:00+00:00,153.0,115,153.0
2026-06-23 15:30:00+00:00,161.0,118,161.0
2026-06-23 16:00:00+00:00,171.0,129,171.0
2026-06-23 16:30:00+00:00,185.0,173,185.0
2026-06-23 17:00:00+00:00,198.0,176,198.0
2026-06-23 17:30:00+00:00,210.0,191,210.0
2026-06-23 18:00:00+00:00,216.0,198,216.0
2026-06-23 18:30:00+00:00,218.0,205,218.0
2026-06-23 19:00:00+00:00,218.0,209,218.0
2026-06-23 19:30:00+00:00,224.0,215,224.0
2026-06-23 20:00:00+00:00,225.0,221,225.0
2026-06-23 20:30:00+00:00,226.0,222,226.0
2026-06-23 21:00:00+00:00,223.0,225,223.0
2026-06-23 21:30:00+00:00,224.0,224,224.0
2026-06-23 22:00:00+00:00,225.0,225,225.0
2026-06-23 22:30:00+00:00,220.0,227,220.0
2026-06-23 23:00:00+00:00,220.0,228,220.0
2026-06-23 23:30:00+00:00,221.0,227,221.0
2026-06-24 00:00:00+00:00,221.0,222,221.0
2026-06-24 00:30:00+00:00,219.0,227,219.0
2026-06-24 01:00:00+00:00,221.0,224,221.0
2026-06-24 01:30:00+00:00,220.0,220,220.0
2026-06-24 02:00:00+00:00,224.0,224,224.0
2026-06-24 02:30:00+00:00,231.0,229,231.0
2026-06-24 03:00:00+00:00,235.0,228,235.0
2026-06-24 03:30:00+00:00,242.0,237,242.0
2026-06-24 04:00:00+00:00,241.0,234,241.0
2026-06-24 04:30:00+00:00,229.0,239,229.0
2026-06-24 05:00:00+00:00,222.0,246,222.0
2026-06-24 05:30:00+00:00,204.0,236,204.0
2026-06-24 06:00:00+00:00,200.0,214,200.0
2026-06-24 06:30:00+00:00,193.0,204,193.0
2026-06-24 07:00:00+00:00,184.0,190,184.0
2026-06-24 07:30:00+00:00,175.0,190,175.0
2026-06-24 08:00:00+00:00,163.0,179,163.0
2026-06-24 08:30:00+00:00,145.0,174,145.0
2026-06-24 09:00:00+00:00,135.0,161,135.0
2026-06-24 09:30:00+00:00,134.0,138,134.0
2026-06-24 10:00:00+00:00,130.0,130,130.0
2026-06-24 10:30:00+00:00,130.0,127,130.0
2026-06-24 11:00:00+00:00,131.0,128,131.0
2026-06-24 11:30:00+00:00,136.0,128,136.0
2026-06-24 12:00:00+00:00,134.0,128,134.0
2026-06-24 12:30:00+00:00,136.0,124,136.0
2026-06-24 13:00:00+00:00,141.0,130,141.0
2026-06-24 13:30:00+00:00,150.0,125,150.0
2026-06-24 14:00:00+00:00,152.0,137,152.0
2026-06-24 14:30:00+00:00,151.0,134,151.0
2026-06-24 15:00:00+00:00,161.0,150,161.0
2026-06-24 15:30:00+00:00,170.0,156,170.0
2026-06-24 16:00:00+00:00,172.0,168,172.0
2026-06-24 16:30:00+00:00,189.0,169,189.0
2026-06-24 17:00:00+00:00,201.0,181,201.0
2026-06-24 17:30:00+00:00,210.0,193,210.0
2026-06-24 18:00:00+00:00,213.0,207,213.0
2026-06-24 18:30:00+00:00,217.0,216,217.0
2026-06-24 19:00:00+00:00,223.0,223,223.0
2026-06-24 19:30:00+00:00,229.0,227,229.0
2026-06-24 20:00:00+00:00,230.0,236,230.0
2026-06-24 20:30:00+00:00,220.0,238,220.0
2026-06-24 21:00:00+00:00,225.0,240,225.0
2026-06-24 21:30:00+00:00,232.0,236,232.0
2026-06-24 22:00:00+00:00,233.0,228,233.0
2026-06-24 22:30:00+00:00,228.0,240,228.0
2026-06-24 23:00:00+00:00,231.0,241,231.0
2026-06-24 23:30:00+00:00,230.0,238,230.0
2026-06-25 00:00:00+00:00,227.0,236,227.0
2026-06-25 00:30:00+00:00,228.0,236,228.0
2026-06-25 01:00:00+00:00,226.0,232,226.0
2026-06-25 01:30:00+00:00,233.0,233,233.0
2026-06-25 02:00:00+00:00,235.0,231,235.0
2026-06-25 02:30:00+00:00,242.0,228,242.0
2026-06-25 03:00:00+00:00,239.0,238,239.0
2026-06-25 03:30:00+00:00,243.0,243,243.0
2026-06-25 04:00:00+00:00,240.0,239,240.0
2026-06-25 04:30:00+00:00,229.0,241,229.0
2026-06-25 05:00:00+00:00,220.0,239,220.0
2026-06-25 05:30:00+00:00,207.0,221,207.0
2026-06-25 06:00:00+00:00,200.0,216,200.0
2026-06-25 06:30:00+00:00,184.0,205,184.0
2026-06-25 07:00:00+00:00,169.0,189,169.0
2026-06-25 07:30:00+00:00,148.0,182,148.0
2026-06-25 08:00:00+00:00,131.0,158,131.0
2026-06-25 08:30:00+00:00,117.0,140,117.0
2026-06-25 09:00:00+00:00,112.0,135,112.0
2026-06-25 09:30:00+00:00,108.0,122,108.0
2026-06-25 10:00:00+00:00,104.0,104,104.0
2026-06-25 10:30:00+00:00,100.0,101,100.0
2026-06-25 11:00:00+00:00,100.0,103,100.0
2026-06-25 11:30:00+00:00,97.0,105,97.0
2026-06-25 12:00:00+00:00,93.0,100,93.0
2026-06-25 12:30:00+00:00,94.0,93,94.0
2026-06-25 13:00:00+00:00,93.0,100,93.0
2026-06-25 13:30:00+00:00,95.0,93,95.0
2026-06-25 14:00:00+00:00,101.0,92,101.0
2026-06-25 14:30:00+00:00,111.0,93,111.0
2026-06-25 15:00:00+00:00,124.0,95,124.0
2026-06-25 15:30:00+00:00,138.0,117,138.0
2026-06-25 16:00:00+00:00,142.0,132,142.0
2026-06-25 16:30:00+00:00,146.0,143,146.0
2026-06-25 17:00:00+00:00,159.0,146,159.0
2026-06-25 17:30:00+00:00,164.0,152,164.0
2026-06-25 18:00:00+00:00,169.0,160,169.0
2026-06-25 18:30:00+00:00,166.0,163,166.0
2026-06-25 19:00:00+00:00,170.0,163,170.0
2026-06-25 19:30:00+00:00,166.0,168,166.0
2026-06-25 20:00:00+00:00,172.0,163,172.0
2026-06-25 20:30:00+00:00,174.0,154,174.0
2026-06-25 21:00:00+00:00,175.0,170,175.0
2026-06-25 21:30:00+00:00,178.0,170,178.0
2026-06-25 22:00:00+00:00,178.0,170,178.0
2026-06-25 22:30:00+00:00,182.0,174,182.0
2026-06-25 23:00:00+00:00,183.0,171,183.0
2026-06-25 23:30:00+00:00,185.0,173,185.0
2026-06-26 00:00:00+00:00,187.0,186,187.0
2026-06-26 00:30:00+00:00,193.0,184,193.0
2026-06-26 01:00:00+00:00,195.0,189,195.0
2026-06-26 01:30:00+00:00,201.0,189,201.0
2026-06-26 02:00:00+00:00,206.0,191,206.0
2026-06-26 02:30:00+00:00,210.0,208,210.0
2026-06-26 03:00:00+00:00,220.0,209,220.0
2026-06-26 03:30:00+00:00,207.0,219,207.0
2026-06-26 04:00:00+00:00,217.0,226,217.0
2026-06-26 04:30:00+00:00,201.0,234,201.0
2026-06-26 05:00:00+00:00,197.0,225,197.0
2026-06-26 05:30:00+00:00,191.0,202,191.0
2026-06-26 06:00:00+00:00,181.0,190,181.0
2026-06-26 06:30:00+00:00,167.0,191,167.0
2026-06-26 07:00:00+00:00,156.0,178,156.0
2026-06-26 07:30:00+00:00,141.0,168,141.0
2026-06-26 08:00:00+00:00,130.0,153,130.0
2026-06-26 08:30:00+00:00,130.0,137,130.0
2026-06-26 09:00:00+00:00,127.0,126,127.0
2026-06-26 09:30:00+00:00,133.0,117,133.0
2026-06-26 10:00:00+00:00,135.0,123,135.0
2026-06-26 10:30:00+00:00,133.0,122,133.0
2026-06-26 11:00:00+00:00,132.0,135,132.0
2026-06-26 11:30:00+00:00,129.0,131,129.0
2026-06-26 12:00:00+00:00,125.0,126,125.0
2026-06-26 12:30:00+00:00,116.0,119,116.0
2026-06-26 13:00:00+00:00,111.0,125,111.0
2026-06-26 13:30:00+00:00,118.0,122,118.0
2026-06-26 14:00:00+00:00,117.0,107,117.0
2026-06-26 14:30:00+00:00,132.0,119,132.0
2026-06-26 15:00:00+00:00,144.0,122,144.0
2026-06-26 15:30:00+00:00,145.0,136,145.0
2026-06-26 16:00:00+00:00,153.0,147,153.0
2026-06-26 16:30:00+00:00,169.0,156,169.0
2026-06-26 17:00:00+00:00,176.0,164,176.0
2026-06-26 17:30:00+00:00,185.0,173,185.0
2026-06-26 18:00:00+00:00,190.0,186,190.0
2026-06-26 18:30:00+00:00,195.0,190,195.0
2026-06-26 19:00:00+00:00,196.0,197,196.0
2026-06-26 19:30:00+00:00,194.0,199,194.0
2026-06-26 20:00:00+00:00,195.0,205,195.0
2026-06-26 20:30:00+00:00,200.0,195,200.0
2026-06-26 21:00:00+00:00,196.0,195,196.0
2026-06-26 21:30:00+00:00,204.0,196,204.0
2026-06-26 22:00:00+00:00,208.0,194,208.0
2026-06-26 22:30:00+00:00,206.0,189,206.0
2026-06-26 23:00:00+00:00,201.0,179,201.0
2026-06-26 23:30:00+00:00,200.0,176,200.0
2026-06-27 00:00:00+00:00,205.0,176,205.0
2026-06-27 00:30:00+00:00,209.0,176,209.0
2026-06-27 01:00:00+00:00,215.0,177,215.0
2026-06-27 01:30:00+00:00,216.0,206,216.0
2026-06-27 02:00:00+00:00,220.0,217,220.0
2026-06-27 02:30:00+00:00,220.0,217,220.0
2026-06-27 03:00:00+00:00,224.0,218,224.0
2026-06-27 03:30:00+00:00,227.0,215,227.0
2026-06-27 04:00:00+00:00,226.0,211,226.0
2026-06-27 04:30:00+00:00,217.0,207,217.0
2026-06-27 05:00:00+00:00,201.0,202,201.0
2026-06-27 05:30:00+00:00,147.0,197,147.0
2026-06-27 06:00:00+00:00,131.0,191,131.0
2026-06-27 06:30:00+00:00,103.0,182,103.0
2026-06-27 07:00:00+00:00,98.0,116,98.0
2026-06-27 07:30:00+00:00,96.0,95,96.0
2026-06-27 08:00:00+00:00,79.0,89,79.0
2026-06-27 08:30:00+00:00,75.0,83,75.0
2026-06-27 09:00:00+00:00,68.0,73,68.0
2026-06-27 09:30:00+00:00,62.0,69,62.0
2026-06-27 10:00:00+00:00,57.0,68,57.0
2026-06-27 10:30:00+00:00,55.0,54,55.0
2026-06-27 11:00:00+00:00,53.0,49,53.0
2026-06-27 11:30:00+00:00,52.0,49,52.0
2026-06-27 12:00:00+00:00,50.0,47,50.0
2026-06-27 12:30:00+00:00,50.0,36,50.0
2026-06-27 13:00:00+00:00,52.0,54,52.0
2026-06-27 13:30:00+00:00,61.0,63,61.0
2026-06-27 14:00:00+00:00,70.0,46,70.0
2026-06-27 14:30:00+00:00,85.0,49,85.0
2026-06-27 15:00:00+00:00,100.0,58,100.0
2026-06-27 15:30:00+00:00,122.0,64,122.0
2026-06-27 16:00:00+00:00,138.0,98,138.0
2026-06-27 16:30:00+00:00,137.0,108,137.0
2026-06-27 17:00:00+00:00,148.0,138,148.0
2026-06-27 17:30:00+00:00,157.0,143,157.0
2026-06-27 18:00:00+00:00,163.0,147,163.0
2026-06-27 18:30:00+00:00,172.0,151,172.0
2026-06-27 19:00:00+00:00,179.0,168,179.0
2026-06-27 19:30:00+00:00,180.0,173,180.0
2026-06-27 20:00:00+00:00,182.0,175,182.0
2026-06-27 20:30:00+00:00,182.0,175,182.0
2026-06-27 21:00:00+00:00,176.0,174,176.0
2026-06-27 21:30:00+00:00,169.0,173,169.0
2026-06-27 22:00:00+00:00,159.0,166,159.0
2026-06-27 22:30:00+00:00,148.0,158,148.0
2026-06-27 23:00:00+00:00,144.0,158,144.0
2026-06-27 23:30:00+00:00,142.0,157,142.0
2026-06-28 00:00:00+00:00,142.0,138,142.0
2026-06-28 00:30:00+00:00,137.0,134,137.0
2026-06-28 01:00:00+00:00,130.0,143,130.0
2026-06-28 01:30:00+00:00,114.0,136,114.0
2026-06-28 02:00:00+00:00,115.0,126,115.0
2026-06-28 02:30:00+00:00,110.0,115,110.0
2026-06-28 03:00:00+00:00,113.0,117,113.0
2026-06-28 03:30:00+00:00,109.0,110,109.0
2026-06-28 04:00:00+00:00,104.0,107,104.0
2026-06-28 04:30:00+00:00,84.0,106,84.0
2026-06-28 05:00:00+00:00,79.0,108,79.0
2026-06-28 05:30:00+00:00,75.0,84,75.0
2026-06-28 06:00:00+00:00,77.0,73,77.0
2026-06-28 06:30:00+00:00,78.0,73,78.0
2026-06-28 07:00:00+00:00,76.0,70,76.0
2026-06-28 07:30:00+00:00,75.0,73,75.0
2026-06-28 08:00:00+00:00,69.0,69,69.0
2026-06-28 08:30:00+00:00,60.0,65,60.0
2026-06-28 09:00:00+00:00,56.0,60,56.0
2026-06-28 09:30:00+00:00,51.0,56,51.0
2026-06-28 10:00:00+00:00,50.0,51,50.0
2026-06-28 10:30:00+00:00,46.0,45,46.0
2026-06-28 11:00:00+00:00,43.0,45,43.0
2026-06-28 11:30:00+00:00,41.0,40,41.0
2026-06-28 12:00:00+00:00,43.0,40,43.0
2026-06-28 12:30:00+00:00,45.0,40,45.0
2026-06-28 13:00:00+00:00,45.0,39,45.0
2026-06-28 13:30:00+00:00,51.0,40,51.0
2026-06-28 14:00:00+00:00,56.0,43,56.0
2026-06-28 14:30:00+00:00,69.0,45,69.0
2026-06-28 15:00:00+00:00,86.0,54,86.0
2026-06-28 15:30:00+00:00,96.0,62,96.0
2026-06-28 16:00:00+00:00,112.0,81,112.0
2026-06-28 16:30:00+00:00,131.0,90,131.0
2026-06-28 17:00:00+00:00,143.0,114,143.0
2026-06-28 17:30:00+00:00,148.0,122,148.0
2026-06-28 18:00:00+00:00,156.0,144,156.0
2026-06-28 18:30:00+00:00,159.0,158,159.0
2026-06-28 19:00:00+00:00,165.0,159,165.0
2026-06-28 19:30:00+00:00,170.0,170,170.0
2026-06-28 20:00:00+00:00,173.0,171,173.0
2026-06-28 20:30:00+00:00,175.0,167,175.0
2026-06-28 21:00:00+00:00,177.0,171,177.0
2026-06-28 21:30:00+00:00,165.0,173,165.0
2026-06-28 22:00:00+00:00,158.0,176,158.0
2026-06-28 22:30:00+00:00,158.0,165,158.0
2026-06-28 23:00:00+00:00,154.0,163,154.0
2026-06-28 23:30:00+00:00,152.0,163,152.0
2026-06-29 00:00:00+00:00,152.0,155,152.0
2026-06-29 00:30:00+00:00,156.0,156,156.0
2026-06-29 01:00:00+00:00,153.0,157,153.0
2026-06-29 01:30:00+00:00,148.0,156,148.0
2026-06-29 02:00:00+00:00,144.0,153,144.0
2026-06-29 02:30:00+00:00,144.0,151,144.0
2026-06-29 03:00:00+00:00,146.0,150,146.0
2026-06-29 03:30:00+00:00,154.0,140,154.0
2026-06-29 04:00:00+00:00,156.0,143,156.0
2026-06-29 04:30:00+00:00,159.0,149,159.0
2026-06-29 05:00:00+00:00,164.0,151,164.0
2026-06-29 05:30:00+00:00,160.0,150,160.0
2026-06-29 06:00:00+00:00,156.0,155,156.0
2026-06-29 06:30:00+00:00,143.0,148,143.0
2026-06-29 07:00:00+00:00,139.0,137,139.0
2026-06-29 07:30:00+00:00,133.0,132,133.0
2026-06-29 08:00:00+00:00,127.0,128,127.0
2026-06-29 08:30:00+00:00,125.0,122,125.0
2026-06-29 09:00:00+00:00,122.0,120,122.0
2026-06-29 09:30:00+00:00,122.0,120,122.0
2026-06-29 10:00:00+00:00,117.0,118,117.0
2026-06-29 10:30:00+00:00,116.0,117,116.0
2026-06-29 11:00:00+00:00,111.0,110,111.0
2026-06-29 11:30:00+00:00,109.0,113,109.0
2026-06-29 12:00:00+00:00,112.0,112,112.0
2026-06-29 12:30:00+00:00,117.0,112,117.0
2026-06-29 13:00:00+00:00,115.0,106,115.0
2026-06-29 13:30:00+00:00,108.0,108,108.0
2026-06-29 14:00:00+00:00,117.0,116,117.0
2026-06-29 14:30:00+00:00,142.0,109,142.0
2026-06-29 15:00:00+00:00,156.0,132,156.0
2026-06-29 15:30:00+00:00,171.0,161,171.0
2026-06-29 16:00:00+00:00,186.0,175,186.0
2026-06-29 16:30:00+00:00,193.0,193,193.0
2026-06-29 17:00:00+00:00,200.0,197,200.0
2026-06-29 17:30:00+00:00,209.0,197,209.0
2026-06-29 18:00:00+00:00,216.0,206,216.0
2026-06-29 18:30:00+00:00,221.0,215,221.0
2026-06-29 19:00:00+00:00,226.0,220,226.0
2026-06-29 19:30:00+00:00,229.0,229,229.0
2026-06-29 20:00:00+00:00,230.0,229,230.0
2026-06-29 20:30:00+00:00,228.0,228,228.0
2026-06-29 21:00:00+00:00,229.0,234,229.0
2026-06-29 21:30:00+00:00,223.0,232,223.0
2026-06-29 22:00:00+00:00,227.0,236,227.0
2026-06-29 22:30:00+00:00,231.0,237,231.0
2026-06-29 23:00:00+00:00,233.0,239,233.0
2026-06-29 23:30:00+00:00,239.0,241,239.0
2026-06-30 00:00:00+00:00,237.0,245,237.0
2026-06-30 00:30:00+00:00,236.0,242,236.0
2026-06-30 01:00:00+00:00,237.0,246,237.0
2026-06-30 01:30:00+00:00,245.0,241,245.0
2026-06-30 02:00:00+00:00,245.0,242,245.0
2026-06-30 02:30:00+00:00,256.0,251,256.0
2026-06-30 03:00:00+00:00,255.0,249,255.0
2026-06-30 03:30:00+00:00,254.0,257,254.0
2026-06-30 04:00:00+00:00,252.0,254,252.0
2026-06-30 04:30:00+00:00,237.0,260,237.0
2026-06-30 05:00:00+00:00,229.0,255,229.0
2026-06-30 05:30:00+00:00,219.0,238,219.0
2026-06-30 06:00:00+00:00,216.0,230,216.0
2026-06-30 06:30:00+00:00,209.0,218,209.0
2026-06-30 07:00:00+00:00,203.0,211,203.0
2026-06-30 07:30:00+00:00,191.0,202,191.0
2026-06-30 08:00:00+00:00,176.0,194,176.0
2026-06-30 08:30:00+00:00,176.0,187,176.0
2026-06-30 09:00:00+00:00,172.0,173,172.0
2026-06-30 09:30:00+00:00,167.0,169,167.0
2026-06-30 10:00:00+00:00,159.0,169,159.0
2026-06-30 10:30:00+00:00,157.0,165,157.0
2026-06-30 11:00:00+00:00,156.0,156,156.0
2026-06-30 11:30:00+00:00,161.0,152,161.0
2026-06-30 12:00:00+00:00,158.0,155,158.0
2026-06-30 12:30:00+00:00,166.0,151,166.0
2026-06-30 13:00:00+00:00,165.0,156,165.0
2026-06-30 13:30:00+00:00,165.0,160,165.0
2026-06-30 14:00:00+00:00,170.0,174,170.0
2026-06-30 14:30:00+00:00,179.0,173,179.0
2026-06-30 15:00:00+00:00,187.0,181,187.0
2026-06-30 15:30:00+00:00,187.0,191,187.0
2026-06-30 16:00:00+00:00,196.0,198,196.0
2026-06-30 16:30:00+00:00,211.0,204,211.0
2026-06-30 17:00:00+00:00,221.0,207,221.0
2026-06-30 17:30:00+00:00,220.0,219,220.0
2026-06-30 18:00:00+00:00,223.0,227,223.0
2026-06-30 18:30:00+00:00,225.0,233,225.0
2026-06-30 19:00:00+00:00,225.0,241,225.0
2026-06-30 19:30:00+00:00,229.0,242,229.0
2026-06-30 20:00:00+00:00,231.0,241,231.0
2026-06-30 20:30:00+00:00,231.0,241,231.0
2026-06-30 21:00:00+00:00,231.0,245,231.0
2026-06-30 21:30:00+00:00,230.0,248,230.0
2026-06-30 22:00:00+00:00,232.0,247,232.0
2026-06-30 22:30:00+00:00,233.0,249,233.0
2026-06-30 23:00:00+00:00,233.0,249,233.0
2026-06-30 23:30:00+00:00,237.0,245,237.0
2026-07-01 00:00:00+00:00,237.0,237,237.0
2026-07-01 00:30:00+00:00,236.0,247,236.0
2026-07-01 01:00:00+00:00,240.0,246,240.0
2026-07-01 01:30:00+00:00,240.0,251,240.0
2026-07-01 02:00:00+00:00,240.0,249,240.0
2026-07-01 02:30:00+00:00,238.0,248,238.0
2026-07-01 03:00:00+00:00,240.0,245,240.0
2026-07-01 03:30:00+00:00,238.0,242,238.0
2026-07-01 04:00:00+00:00,239.0,251,239.0
2026-07-01 04:30:00+00:00,231.0,248,231.0
2026-07-01 05:00:00+00:00,227.0,242,227.0
2026-07-01 05:30:00+00:00,219.0,239,219.0
2026-07-01 06:00:00+00:00,213.0,234,213.0
2026-07-01 06:30:00+00:00,208.0,230,208.0
2026-07-01 07:00:00+00:00,198.0,207,198.0
2026-07-01 07:30:00+00:00,192.0,197,192.0
2026-07-01 08:00:00+00:00,181.0,198,181.0
2026-07-01 08:30:00+00:00,174.0,192,174.0
2026-07-01 09:00:00+00:00,172.0,180,172.0
2026-07-01 09:30:00+00:00,169.0,175,169.0
2026-07-01 10:00:00+00:00,168.0,175,168.0
2026-07-01 10:30:00+00:00,164.0,168,164.0
2026-07-01 11:00:00+00:00,160.0,166,160.0
2026-07-01 11:30:00+00:00,154.0,164,154.0
2026-07-01 12:00:00+00:00,151.0,156,151.0
2026-07-01 12:30:00+00:00,146.0,152,146.0
2026-07-01 13:00:00+00:00,142.0,150,142.0
2026-07-01 13:30:00+00:00,139.0,150,139.0
2026-07-01 14:00:00+00:00,132.0,145,132.0
2026-07-01 14:30:00+00:00,134.0,135,134.0
2026-07-01 15:00:00+00:00,131.0,126,131.0
2026-07-01 15:30:00+00:00,143.0,125,143.0
2026-07-01 16:00:00+00:00,142.0,127,142.0
2026-07-01 16:30:00+00:00,151.0,129,151.0
2026-07-01 17:00:00+00:00,152.0,148,152.0
2026-07-01 17:30:00+00:00,158.0,141,158.0
2026-07-01 18:00:00+00:00,158.0,151,158.0
2026-07-01 18:30:00+00:00,162.0,154,162.0
2026-07-01 19:00:00+00:00,166.0,162,166.0
2026-07-01 19:30:00+00:00,168.0,147,168.0
2026-07-01 20:00:00+00:00,168.0,164,168.0
2026-07-01 20:30:00+00:00,163.0,162,163.0
2026-07-01 21:00:00+00:00,149.0,162,149.0
2026-07-01 21:30:00+00:00,116.0,154,116.0
2026-07-01 22:00:00+00:00,100.0,143,100.0
2026-07-01 22:30:00+00:00,92.0,133,92.0
2026-07-01 23:00:00+00:00,83.0,122,83.0
2026-07-01 23:30:00+00:00,79.0,114,79.0
2026-07-02 00:00:00+00:00,75.0,78,75.0
2026-07-02 00:30:00+00:00,75.0,77,75.0
2026-07-02 01:00:00+00:00,70.0,69,70.0
2026-07-02 01:30:00+00:00,69.0,73,69.0
2026-07-02 02:00:00+00:00,70.0,63,70.0
2026-07-02 02:30:00+00:00,78.0,59,78.0
2026-07-02 03:00:00+00:00,80.0,63,80.0
2026-07-02 03:30:00+00:00,85.0,60,85.0
2026-07-02 04:00:00+00:00,85.0,75,85.0
2026-07-02 04:30:00+00:00,86.0,83,86.0
2026-07-02 05:00:00+00:00,87.0,79,87.0
2026-07-02 05:30:00+00:00,82.0,73,82.0
2026-07-02 06:00:00+00:00,77.0,76,77.0
2026-07-02 06:30:00+00:00,67.0,75,67.0
2026-07-02 07:00:00+00:00,61.0,64,61.0
2026-07-02 07:30:00+00:00,51.0,57,51.0
2026-07-02 08:00:00+00:00,50.0,53,50.0
2026-07-02 08:30:00+00:00,52.0,48,52.0
2026-07-02 09:00:00+00:00,50.0,43,50.0
2026-07-02 09:30:00+00:00,47.0,44,47.0
2026-07-02 10:00:00+00:00,46.0,43,46.0
2026-07-02 10:30:00+00:00,46.0,41,46.0
2026-07-02 11:00:00+00:00,47.0,37,47.0
2026-07-02 11:30:00+00:00,47.0,36,47.0
2026-07-02 12:00:00+00:00,47.0,45,47.0
2026-07-02 12:30:00+00:00,44.0,42,44.0
2026-07-02 13:00:00+00:00,42.0,38,42.0
2026-07-02 13:30:00+00:00,38.0,39,38.0
2026-07-02 14:00:00+00:00,39.0,37,39.0
2026-07-02 14:30:00+00:00,48.0,36,48.0
2026-07-02 15:00:00+00:00,58.0,39,58.0
2026-07-02 15:30:00+00:00,61.0,44,61.0
2026-07-02 16:00:00+00:00,71.0,58,71.0
2026-07-02 16:30:00+00:00,84.0,52,84.0
2026-07-02 17:00:00+00:00,92.0,75,92.0
2026-07-02 17:30:00+00:00,103.0,89,103.0
2026-07-02 18:00:00+00:00,111.0,94,111.0
2026-07-02 18:30:00+00:00,124.0,101,124.0
2026-07-02 19:00:00+00:00,129.0,118,129.0
2026-07-02 19:30:00+00:00,123.0,130,123.0
2026-07-02 20:00:00+00:00,117.0,123,117.0
2026-07-02 20:30:00+00:00,105.0,116,105.0
2026-07-02 21:00:00+00:00,103.0,108,103.0
2026-07-02 21:30:00+00:00,94.0,102,94.0
2026-07-02 22:00:00+00:00,87.0,100,87.0
2026-07-02 22:30:00+00:00,83.0,99,83.0
2026-07-02 23:00:00+00:00,82.0,100,82.0
2026-07-02 23:30:00+00:00,82.0,98,82.0
2026-07-03 00:00:00+00:00,83.0,81,83.0
2026-07-03 00:30:00+00:00,82.0,81,82.0
2026-07-03 01:00:00+00:00,83.0,81,83.0
2026-07-03 01:30:00+00:00,79.0,81,79.0
2026-07-03 02:00:00+00:00,81.0,80,81.0
2026-07-03 02:30:00+00:00,86.0,84,86.0
2026-07-03 03:00:00+00:00,87.0,83,87.0
2026-07-03 03:30:00+00:00,88.0,80,88.0
2026-07-03 04:00:00+00:00,90.0,83,90.0
2026-07-03 04:30:00+00:00,101.0,89,101.0
2026-07-03 05:00:00+00:00,99.0,86,99.0
2026-07-03 05:30:00+00:00,103.0,102,103.0
2026-07-03 06:00:00+00:00,102.0,93,102.0
2026-07-03 06:30:00+00:00,96.0,93,96.0
2026-07-03 07:00:00+00:00,90.0,88,90.0
2026-07-03 07:30:00+00:00,83.0,83,83.0
2026-07-03 08:00:00+00:00,82.0,75,82.0
2026-07-03 08:30:00+00:00,77.0,70,77.0
2026-07-03 09:00:00+00:00,77.0,72,77.0
2026-07-03 09:30:00+00:00,71.0,69,71.0
2026-07-03 10:00:00+00:00,66.0,73,66.0
2026-07-03 10:30:00+00:00,68.0,66,68.0
2026-07-03 11:00:00+00:00,67.0,63,67.0
2026-07-03 11:30:00+00:00,68.0,63,68.0
2026-07-03 12:00:00+00:00,65.0,62,65.0
2026-07-03 12:30:00+00:00,65.0,61,65.0
2026-07-03 13:00:00+00:00,69.0,62,69.0
2026-07-03 13:30:00+00:00,72.0,64,72.0
2026-07-03 14:00:00+00:00,74.0,63,74.0
2026-07-03 14:30:00+00:00,75.0,66,75.0
2026-07-03 15:00:00+00:00,78.0,73,78.0
2026-07-03 15:30:00+00:00,83.0,79,83.0
2026-07-03 16:00:00+00:00,93.0,87,93.0
2026-07-03 16:30:00+00:00,105.0,88,105.0
2026-07-03 17:00:00+00:00,113.0,93,113.0
2026-07-03 17:30:00+00:00,115.0,113,115.0
2026-07-03 18:00:00+00:00,118.0,111,118.0
2026-07-03 18:30:00+00:00,123.0,118,123.0
2026-07-03 19:00:00+00:00,123.0,121,123.0
2026-07-03 19:30:00+00:00,121.0,129,121.0
2026-07-03 20:00:00+00:00,123.0,127,123.0
2026-07-03 20:30:00+00:00,116.0,126,116.0
2026-07-03 21:00:00+00:00,112.0,125,112.0
2026-07-03 21:30:00+00:00,107.0,117,107.0
2026-07-03 22:00:00+00:00,107.0,118,107.0
2026-07-03 22:30:00+00:00,103.0,117,103.0
2026-07-03 23:00:00+00:00,97.0,115,97.0
2026-07-03 23:30:00+00:00,91.0,113,91.0
2026-07-04 00:00:00+00:00,83.0,93,83.0
2026-07-04 00:30:00+00:00,74.0,88,74.0
2026-07-04 01:00:00+00:00,67.0,81,67.0
2026-07-04 01:30:00+00:00,71.0,73,71.0
2026-07-04 02:00:00+00:00,66.0,65,66.0
2026-07-04 02:30:00+00:00,66.0,65,66.0
2026-07-04 03:00:00+00:00,62.0,62,62.0
2026-07-04 03:30:00+00:00,63.0,62,63.0
2026-07-04 04:00:00+00:00,63.0,58,63.0
2026-07-04 04:30:00+00:00,70.0,60,70.0
2026-07-04 05:00:00+00:00,67.0,58,67.0
2026-07-04 05:30:00+00:00,64.0,56,64.0
2026-07-04 06:00:00+00:00,58.0,56,58.0
2026-07-04 06:30:00+00:00,53.0,54,53.0
2026-07-04 07:00:00+00:00,48.0,44,48.0
2026-07-04 07:30:00+00:00,52.0,43,52.0
2026-07-04 08:00:00+00:00,49.0,40,49.0
2026-07-04 08:30:00+00:00,50.0,39,50.0
2026-07-04 09:00:00+00:00,48.0,41,48.0
2026-07-04 09:30:00+00:00,53.0,40,53.0
2026-07-04 10:00:00+00:00,50.0,44,50.0
2026-07-04 10:30:00+00:00,45.0,43,45.0
2026-07-04 11:00:00+00:00,42.0,44,42.0
2026-07-04 11:30:00+00:00,42.0,40,42.0
2026-07-04 12:00:00+00:00,41.0,38,41.0
2026-07-04 12:30:00+00:00,37.0,34,37.0
2026-07-04 13:00:00+00:00,37.0,36,37.0
2026-07-04 13:30:00+00:00,43.0,32,43.0
2026-07-04 14:00:00+00:00,45.0,32,45.0
2026-07-04 14:30:00+00:00,41.0,40,41.0
2026-07-04 15:00:00+00:00,41.0,41,41.0
2026-07-04 15:30:00+00:00,41.0,47,41.0
2026-07-04 16:00:00+00:00,44.0,43,44.0
2026-07-04 16:30:00+00:00,51.0,41,51.0
2026-07-04 17:00:00+00:00,56.0,46,56.0
2026-07-04 17:30:00+00:00,60.0,59,60.0
2026-07-04 18:00:00+00:00,60.0,50,60.0
2026-07-04 18:30:00+00:00,65.0,51,65.0
2026-07-04 19:00:00+00:00,71.0,56,71.0
2026-07-04 19:30:00+00:00,68.0,58,68.0
2026-07-04 20:00:00+00:00,72.0,62,72.0
2026-07-04 20:30:00+00:00,64.0,61,64.0
2026-07-04 21:00:00+00:00,59.0,63,59.0
2026-07-04 21:30:00+00:00,68.0,65,68.0
2026-07-04 22:00:00+00:00,64.0,58,64.0
2026-07-04 22:30:00+00:00,64.0,65,64.0
2026-07-04 23:00:00+00:00,64.0,66,64.0
2026-07-04 23:30:00+00:00,63.0,67,63.0
2026-07-05 00:00:00+00:00,63.0,67,63.0
2026-07-05 00:30:00+00:00,65.0,66,65.0
2026-07-05 01:00:00+00:00,64.0,60,64.0
2026-07-05 01:30:00+00:00,70.0,60,70.0
2026-07-05 02:00:00+00:00,71.0,60,71.0
2026-07-05 02:30:00+00:00,75.0,67,75.0
2026-07-05 03:00:00+00:00,74.0,73,74.0
2026-07-05 03:30:00+00:00,78.0,77,78.0
2026-07-05 04:00:00+00:00,79.0,75,79.0
2026-07-05 04:30:00+00:00,87.0,82,87.0
2026-07-05 05:00:00+00:00,88.0,76,88.0
2026-07-05 05:30:00+00:00,95.0,76,95.0
2026-07-05 06:00:00+00:00,97.0,98,97.0
2026-07-05 06:30:00+00:00,95.0,95,95.0
2026-07-05 07:00:00+00:00,88.0,86,88.0
2026-07-05 07:30:00+00:00,91.0,82,91.0
2026-07-05 08:00:00+00:00,88.0,76,88.0
2026-07-05 08:30:00+00:00,90.0,75,90.0
2026-07-05 09:00:00+00:00,87.0,73,87.0
2026-07-05 09:30:00+00:00,82.0,70,82.0
2026-07-05 10:00:00+00:00,78.0,70,78.0
2026-07-05 10:30:00+00:00,72.0,69,72.0
2026-07-05 11:00:00+00:00,69.0,68,69.0
2026-07-05 11:30:00+00:00,63.0,67,63.0
2026-07-05 12:00:00+00:00,61.0,60,61.0
2026-07-05 12:30:00+00:00,59.0,57,59.0
2026-07-05 13:00:00+00:00,59.0,58,59.0
2026-07-05 13:30:00+00:00,60.0,57,60.0
2026-07-05 14:00:00+00:00,64.0,57,64.0
2026-07-05 14:30:00+00:00,75.0,58,75.0
2026-07-05 15:00:00+00:00,81.0,65,81.0
2026-07-05 15:30:00+00:00,87.0,73,87.0
2026-07-05 16:00:00+00:00,96.0,90,96.0
2026-07-05 16:30:00+00:00,99.0,104,99.0
2026-07-05 17:00:00+00:00,111.0,102,111.0
2026-07-05 17:30:00+00:00,118.0,113,118.0
2026-07-05 18:00:00+00:00,122.0,106,122.0
2026-07-05 18:30:00+00:00,119.0,105,119.0
2026-07-05 19:00:00+00:00,123.0,110,123.0
2026-07-05 19:30:00+00:00,133.0,105,133.0
2026-07-05 20:00:00+00:00,128.0,114,128.0
2026-07-05 20:30:00+00:00,130.0,112,130.0
2026-07-05 21:00:00+00:00,115.0,124,115.0
2026-07-05 21:30:00+00:00,111.0,117,111.0
2026-07-05 22:00:00+00:00,101.0,115,101.0
2026-07-05 22:30:00+00:00,103.0,106,103.0
2026-07-05 23:00:00+00:00,97.0,105,97.0
2026-07-05 23:30:00+00:00,82.0,103,82.0
2026-07-06 00:00:00+00:00,84.0,92,84.0
2026-07-06 00:30:00+00:00,82.0,88,82.0
2026-07-06 01:00:00+00:00,81.0,85,81.0
2026-07-06 01:30:00+00:00,79.0,78,79.0
2026-07-06 02:00:00+00:00,70.0,80,70.0
2026-07-06 02:30:00+00:00,70.0,81,70.0
2026-07-06 03:00:00+00:00,67.0,71,67.0
2026-07-06 03:30:00+00:00,81.0,74,81.0
2026-07-06 04:00:00+00:00,81.0,76,81.0
2026-07-06 04:30:00+00:00,69.0,77,69.0
2026-07-06 05:00:00+00:00,71.0,76,71.0
2026-07-06 05:30:00+00:00,61.0,74,61.0
2026-07-06 06:00:00+00:00,61.0,64,61.0
2026-07-06 06:30:00+00:00,58.0,58,58.0
2026-07-06 07:00:00+00:00,51.0,52,51.0
2026-07-06 07:30:00+00:00,52.0,50,52.0
2026-07-06 08:00:00+00:00,49.0,42,49.0
2026-07-06 08:30:00+00:00,58.0,42,58.0
2026-07-06 09:00:00+00:00,56.0,42,56.0
2026-07-06 09:30:00+00:00,53.0,42,53.0
2026-07-06 10:00:00+00:00,55.0,45,55.0
2026-07-06 10:30:00+00:00,52.0,40,52.0
2026-07-06 11:00:00+00:00,50.0,48,50.0
2026-07-06 11:30:00+00:00,50.0,50,50.0
2026-07-06 12:00:00+00:00,48.0,42,48.0
2026-07-06 12:30:00+00:00,47.0,39,47.0
2026-07-06 13:00:00+00:00,48.0,52,48.0
2026-07-06 13:30:00+00:00,54.0,40,54.0
2026-07-06 14:00:00+00:00,55.0,43,55.0
2026-07-06 14:30:00+00:00,56.0,48,56.0
2026-07-06 15:00:00+00:00,64.0,48,64.0
2026-07-06 15:30:00+00:00,69.0,52,69.0
2026-07-06 16:00:00+00:00,75.0,65,75.0
2026-07-06 16:30:00+00:00,93.0,70,93.0
2026-07-06 17:00:00+00:00,105.0,79,105.0
2026-07-06 17:30:00+00:00,118.0,96,118.0
2026-07-06 18:00:00+00:00,121.0,105,121.0
2026-07-06 18:30:00+00:00,119.0,114,119.0
2026-07-06 19:00:00+00:00,127.0,124,127.0
2026-07-06 19:30:00+00:00,137.0,129,137.0
2026-07-06 20:00:00+00:00,137.0,121,137.0
2026-07-06 20:30:00+00:00,128.0,121,128.0
2026-07-06 21:00:00+00:00,123.0,129,123.0
2026-07-06 21:30:00+00:00,120.0,126,120.0
2026-07-06 22:00:00+00:00,116.0,123,116.0
2026-07-06 22:30:00+00:00,105.0,114,105.0
2026-07-06 23:00:00+00:00,99.0,110,99.0
2026-07-06 23:30:00+00:00,90.0,108,90.0
2026-07-07 00:00:00+00:00,84.0,99,84.0
2026-07-07 00:30:00+00:00,85.0,94,85.0
2026-07-07 01:00:00+00:00,84.0,85,84.0
2026-07-07 01:30:00+00:00,79.0,88,79.0
2026-07-07 02:00:00+00:00,78.0,81,78.0
2026-07-07 02:30:00+00:00,77.0,80,77.0
2026-07-07 03:00:00+00:00,74.0,77,74.0
2026-07-07 03:30:00+00:00,75.0,76,75.0
2026-07-07 04:00:00+00:00,82.0,75,82.0
2026-07-07 04:30:00+00:00,82.0,73,82.0
2026-07-07 05:00:00+00:00,85.0,76,85.0
2026-07-07 05:30:00+00:00,92.0,78,92.0
2026-07-07 06:00:00+00:00,87.0,75,87.0
2026-07-07 06:30:00+00:00,86.0,74,86.0
2026-07-07 07:00:00+00:00,81.0,75,81.0
2026-07-07 07:30:00+00:00,74.0,81,74.0
2026-07-07 08:00:00+00:00,67.0,71,67.0
2026-07-07 08:30:00+00:00,62.0,68,62.0
2026-07-07 09:00:00+00:00,60.0,59,60.0
2026-07-07 09:30:00+00:00,57.0,58,57.0
2026-07-07 10:00:00+00:00,55.0,57,55.0
2026-07-07 10:30:00+00:00,53.0,57,53.0
2026-07-07 11:00:00+00:00,51.0,57,51.0
2026-07-07 11:30:00+00:00,49.0,58,49.0
2026-07-07 12:00:00+00:00,47.0,57,47.0
2026-07-07 12:30:00+00:00,56.0,59,56.0
2026-07-07 13:00:00+00:00,57.0,48,57.0
2026-07-07 13:30:00+00:00,60.0,56,60.0
2026-07-07 14:00:00+00:00,67.0,56,67.0
2026-07-07 14:30:00+00:00,78.0,62,78.0
2026-07-07 15:00:00+00:00,97.0,71,97.0
2026-07-07 15:30:00+00:00,112.0,82,112.0
2026-07-07 16:00:00+00:00,128.0,99,128.0
2026-07-07 16:30:00+00:00,145.0,118,145.0
2026-07-07 17:00:00+00:00,160.0,138,160.0
2026-07-07 17:30:00+00:00,168.0,146,168.0
2026-07-07 18:00:00+00:00,177.0,171,177.0
2026-07-07 18:30:00+00:00,184.0,189,184.0
2026-07-07 19:00:00+00:00,194.0,194,194.0
2026-07-07 19:30:00+00:00,196.0,200,196.0
2026-07-07 20:00:00+00:00,196.0,206,196.0
2026-07-07 20:30:00+00:00,199.0,203,199.0
2026-07-07 21:00:00+00:00,202.0,213,202.0
2026-07-07 21:30:00+00:00,196.0,206,196.0
2026-07-07 22:00:00+00:00,197.0,209,197.0
2026-07-07 22:30:00+00:00,195.0,209,195.0
2026-07-07 23:00:00+00:00,192.0,212,192.0
2026-07-07 23:30:00+00:00,188.0,207,188.0
2026-07-08 00:00:00+00:00,186.0,204,186.0
2026-07-08 00:30:00+00:00,184.0,198,184.0
2026-07-08 01:00:00+00:00,183.0,187,183.0
2026-07-08 01:30:00+00:00,185.0,189,185.0
2026-07-08 02:00:00+00:00,184.0,191,184.0
2026-07-08 02:30:00+00:00,184.0,192,184.0
2026-07-08 03:00:00+00:00,186.0,188,186.0
2026-07-08 03:30:00+00:00,189.0,191,189.0
2026-07-08 04:00:00+00:00,189.0,194,189.0
2026-07-08 04:30:00+00:00,187.0,199,187.0
2026-07-08 05:00:00+00:00,189.0,194,189.0
2026-07-08 05:30:00+00:00,188.0,191,188.0
2026-07-08 06:00:00+00:00,180.0,183,180.0
2026-07-08 06:30:00+00:00,174.0,183,174.0
2026-07-08 07:00:00+00:00,166.0,176,166.0
2026-07-08 07:30:00+00:00,159.0,167,159.0
2026-07-08 08:00:00+00:00,149.0,161,149.0
2026-07-08 08:30:00+00:00,140.0,150,140.0
2026-07-08 09:00:00+00:00,133.0,142,133.0
2026-07-08 09:30:00+00:00,129.0,135,129.0
2026-07-08 10:00:00+00:00,124.0,131,124.0
2026-07-08 10:30:00+00:00,125.0,130,125.0
2026-07-08 11:00:00+00:00,124.0,124,124.0
2026-07-08 11:30:00+00:00,124.0,128,124.0
2026-07-08 12:00:00+00:00,123.0,121,123.0
2026-07-08 12:30:00+00:00,123.0,122,123.0
2026-07-08 13:00:00+00:00,125.0,123,125.0
2026-07-08 13:30:00+00:00,130.0,124,130.0
2026-07-08 14:00:00+00:00,134.0,127,134.0
2026-07-08 14:30:00+00:00,142.0,133,142.0
2026-07-08 15:00:00+00:00,153.0,142,153.0
2026-07-08 15:30:00+00:00,166.0,148,166.0
2026-07-08 16:00:00+00:00,175.0,156,175.0
2026-07-08 16:30:00+00:00,177.0,174,177.0
2026-07-08 17:00:00+00:00,186.0,191,186.0
2026-07-08 17:30:00+00:00,195.0,209,195.0
2026-07-08 18:00:00+00:00,202.0,201,202.0
2026-07-08 18:30:00+00:00,207.0,209,207.0
2026-07-08 19:00:00+00:00,210.0,220,210.0
2026-07-08 19:30:00+00:00,215.0,223,215.0
2026-07-08 20:00:00+00:00,218.0,230,218.0
2026-07-08 20:30:00+00:00,221.0,231,221.0
2026-07-08 21:00:00+00:00,222.0,233,222.0
2026-07-08 21:30:00+00:00,227.0,231,227.0
2026-07-08 22:00:00+00:00,227.0,234,227.0
2026-07-08 22:30:00+00:00,229.0,236,229.0
2026-07-08 23:00:00+00:00,232.0,237,232.0
2026-07-08 23:30:00+00:00,229.0,234,229.0
2026-07-09 00:00:00+00:00,230.0,236,230.0
2026-07-09 00:30:00+00:00,226.0,232,226.0
2026-07-09 01:00:00+00:00,228.0,237,228.0
2026-07-09 01:30:00+00:00,227.0,233,227.0
2026-07-09 02:00:00+00:00,226.0,231,226.0
2026-07-09 02:30:00+00:00,226.0,232,226.0
2026-07-09 03:00:00+00:00,226.0,234,226.0
2026-07-09 03:30:00+00:00,223.0,232,223.0
2026-07-09 04:00:00+00:00,223.0,237,223.0
2026-07-09 04:30:00+00:00,222.0,237,222.0
2026-07-09 05:00:00+00:00,217.0,232,217.0
2026-07-09 05:30:00+00:00,209.0,227,209.0
2026-07-09 06:00:00+00:00,202.0,215,202.0
2026-07-09 06:30:00+00:00,192.0,206,192.0
2026-07-09 07:00:00+00:00,180.0,195,180.0
2026-07-09 07:30:00+00:00,170.0,184,170.0
2026-07-09 08:00:00+00:00,155.0,171,155.0
2026-07-09 08:30:00+00:00,146.0,162,146.0
2026-07-09 09:00:00+00:00,138.0,151,138.0
2026-07-09 09:30:00+00:00,135.0,144,135.0
2026-07-09 10:00:00+00:00,125.0,135,125.0
2026-07-09 10:30:00+00:00,122.0,132,122.0
2026-07-09 11:00:00+00:00,119.0,123,119.0
2026-07-09 11:30:00+00:00,116.0,118,116.0
2026-07-09 12:00:00+00:00,116.0,116,116.0
2026-07-09 12:30:00+00:00,118.0,114,118.0
2026-07-09 13:00:00+00:00,119.0,115,119.0
2026-07-09 13:30:00+00:00,123.0,118,123.0
2026-07-09 14:00:00+00:00,130.0,127,130.0
2026-07-09 14:30:00+00:00,138.0,127,138.0
2026-07-09 15:00:00+00:00,146.0,132,146.0
2026-07-09 15:30:00+00:00,153.0,145,153.0
2026-07-09 16:00:00+00:00,162.0,155,162.0
2026-07-09 16:30:00+00:00,172.0,162,172.0
2026-07-09 17:00:00+00:00,181.0,185,181.0
2026-07-09 17:30:00+00:00,195.0,197,195.0
2026-07-09 18:00:00+00:00,201.0,196,201.0
2026-07-09 18:30:00+00:00,208.0,210,208.0
2026-07-09 19:00:00+00:00,214.0,217,214.0
2026-07-09 19:30:00+00:00,222.0,227,222.0
2026-07-09 20:00:00+00:00,227.0,227,227.0
2026-07-09 20:30:00+00:00,223.0,231,223.0
2026-07-09 21:00:00+00:00,224.0,236,224.0
2026-07-09 21:30:00+00:00,225.0,233,225.0
2026-07-09 22:00:00+00:00,226.0,232,226.0
2026-07-09 22:30:00+00:00,227.0,236,227.0
2026-07-09 23:00:00+00:00,228.0,236,228.0
2026-07-09 23:30:00+00:00,227.0,233,227.0
2026-07-10 00:00:00+00:00,227.0,236,227.0
2026-07-10 00:30:00+00:00,227.0,232,227.0
2026-07-10 01:00:00+00:00,227.0,235,227.0
2026-07-10 01:30:00+00:00,228.0,233,228.0
2026-07-10 02:00:00+00:00,229.0,233,229.0
2026-07-10 02:30:00+00:00,231.0,235,231.0
2026-07-10 03:00:00+00:00,230.0,238,230.0
2026-07-10 03:30:00+00:00,235.0,240,235.0
2026-07-10 04:00:00+00:00,232.0,237,232.0
2026-07-10 04:30:00+00:00,234.0,234,234.0
2026-07-10 05:00:00+00:00,227.0,236,227.0
2026-07-10 05:30:00+00:00,218.0,229,218.0
2026-07-10 06:00:00+00:00,208.0,221,208.0
2026-07-10 06:30:00+00:00,194.0,212,194.0
2026-07-10 07:00:00+00:00,181.0,197,181.0
2026-07-10 07:30:00+00:00,176.0,186,176.0
2026-07-10 08:00:00+00:00,164.0,164,164.0
2026-07-10 08:30:00+00:00,155.0,165,155.0
2026-07-10 09:00:00+00:00,149.0,155,149.0
2026-07-10 09:30:00+00:00,143.0,150,143.0
2026-07-10 10:00:00+00:00,138.0,140,138.0
2026-07-10 10:30:00+00:00,135.0,141,135.0
2026-07-10 11:00:00+00:00,133.0,131,133.0
2026-07-10 11:30:00+00:00,133.0,138,133.0
2026-07-10 12:00:00+00:00,133.0,129,133.0
2026-07-10 12:30:00+00:00,132.0,134,132.0
2026-07-10 13:00:00+00:00,132.0,136,132.0
2026-07-10 13:30:00+00:00,134.0,131,134.0
2026-07-10 14:00:00+00:00,132.0,136,132.0
2026-07-10 14:30:00+00:00,133.0,146,133.0
2026-07-10 15:00:00+00:00,143.0,141,143.0
2026-07-10 15:30:00+00:00,154.0,146,154.0
2026-07-10 16:00:00+00:00,163.0,150,163.0
2026-07-10 16:30:00+00:00,172.0,171,172.0
2026-07-10 17:00:00+00:00,181.0,174,181.0
2026-07-10 17:30:00+00:00,185.0,181,185.0
2026-07-10 18:00:00+00:00,191.0,186,191.0
2026-07-10 18:30:00+00:00,192.0,195,192.0
2026-07-10 19:00:00+00:00,192.0,202,192.0
2026-07-10 19:30:00+00:00,199.0,207,199.0
2026-07-10 20:00:00+00:00,199.0,211,199.0
2026-07-10 20:30:00+00:00,202.0,211,202.0
2026-07-10 21:00:00+00:00,208.0,212,208.0
2026-07-10 21:30:00+00:00,198.0,213,198.0
2026-07-10 22:00:00+00:00,194.0,213,194.0
2026-07-10 22:30:00+00:00,193.0,214,193.0
2026-07-10 23:00:00+00:00,192.0,213,192.0
2026-07-10 23:30:00+00:00,188.0,211,188.0
2026-07-11 00:00:00+00:00,190.0,210,190.0
2026-07-11 00:30:00+00:00,191.0,209,191.0
2026-07-11 01:00:00+00:00,192.0,207,192.0
2026-07-11 01:30:00+00:00,194.0,206,194.0
2026-07-11 02:00:00+00:00,193.0,197,193.0
2026-07-11 02:30:00+00:00,201.0,195,201.0
2026-07-11 03:00:00+00:00,199.0,197,199.0
2026-07-11 03:30:00+00:00,200.0,203,200.0
2026-07-11 04:00:00+00:00,193.0,202,193.0
2026-07-11 04:30:00+00:00,183.0,199,183.0
2026-07-11 05:00:00+00:00,171.0,196,171.0
2026-07-11 05:30:00+00:00,145.0,184,145.0
2026-07-11 06:00:00+00:00,135.0,167,135.0
2026-07-11 06:30:00+00:00,127.0,156,127.0
2026-07-11 07:00:00+00:00,117.0,126,117.0
2026-07-11 07:30:00+00:00,103.0,114,103.0
2026-07-11 08:00:00+00:00,89.0,95,89.0
2026-07-11 08:30:00+00:00,80.0,80,80.0
2026-07-11 09:00:00+00:00,75.0,79,75.0
2026-07-11 09:30:00+00:00,71.0,63,71.0
2026-07-11 10:00:00+00:00,67.0,72,67.0
2026-07-11 10:30:00+00:00,66.0,65,66.0
2026-07-11 11:00:00+00:00,66.0,64,66.0
2026-07-11 11:30:00+00:00,68.0,64,68.0
2026-07-11 12:00:00+00:00,67.0,63,67.0
2026-07-11 12:30:00+00:00,68.0,66,68.0
2026-07-11 13:00:00+00:00,67.0,67,67.0
2026-07-11 13:30:00+00:00,70.0,69,70.0
2026-07-11 14:00:00+00:00,79.0,73,79.0
2026-07-11 14:30:00+00:00,78.0,78,78.0
2026-07-11 15:00:00+00:00,88.0,82,88.0
2026-07-11 15:30:00+00:00,105.0,83,105.0
2026-07-11 16:00:00+00:00,120.0,91,120.0
2026-07-11 16:30:00+00:00,127.0,108,127.0
2026-07-11 17:00:00+00:00,133.0,131,133.0
2026-07-11 17:30:00+00:00,135.0,136,135.0
2026-07-11 18:00:00+00:00,136.0,142,136.0
2026-07-11 18:30:00+00:00,141.0,152,141.0
2026-07-11 19:00:00+00:00,141.0,146,141.0
2026-07-11 19:30:00+00:00,151.0,149,151.0
2026-07-11 20:00:00+00:00,152.0,147,152.0
2026-07-11 20:30:00+00:00,148.0,148,148.0
2026-07-11 21:00:00+00:00,145.0,149,145.0
2026-07-11 21:30:00+00:00,137.0,149,137.0
2026-07-11 22:00:00+00:00,133.0,141,133.0
2026-07-11 22:30:00+00:00,127.0,140,127.0
2026-07-11 23:00:00+00:00,123.0,127,123.0
2026-07-11 23:30:00+00:00,116.0,128,116.0
2026-07-12 00:00:00+00:00,115.0,124,115.0
2026-07-12 00:30:00+00:00,114.0,125,114.0
2026-07-12 01:00:00+00:00,106.0,110,106.0
2026-07-12 01:30:00+00:00,98.0,107,98.0
2026-07-12 02:00:00+00:00,99.0,104,99.0
2026-07-12 02:30:00+00:00,94.0,106,94.0
2026-07-12 03:00:00+00:00,91.0,98,91.0
2026-07-12 03:30:00+00:00,100.0,96,100.0
2026-07-12 04:00:00+00:00,94.0,87,94.0
2026-07-12 04:30:00+00:00,93.0,85,93.0
2026-07-12 05:00:00+00:00,92.0,88,92.0
2026-07-12 05:30:00+00:00,89.0,88,89.0
2026-07-12 06:00:00+00:00,90.0,91,90.0
2026-07-12 06:30:00+00:00,94.0,82,94.0
2026-07-12 07:00:00+00:00,86.0,81,86.0
2026-07-12 07:30:00+00:00,80.0,75,80.0
2026-07-12 08:00:00+00:00,73.0,79,73.0
2026-07-12 08:30:00+00:00,68.0,70,68.0
2026-07-12 09:00:00+00:00,62.0,62,62.0
2026-07-12 09:30:00+00:00,59.0,56,59.0
2026-07-12 10:00:00+00:00,54.0,53,54.0
2026-07-12 10:30:00+00:00,45.0,47,45.0
2026-07-12 11:00:00+00:00,45.0,52,45.0
2026-07-12 11:30:00+00:00,47.0,56,47.0
2026-07-12 12:00:00+00:00,47.0,42,47.0
2026-07-12 12:30:00+00:00,48.0,44,48.0
2026-07-12 13:00:00+00:00,50.0,47,50.0
2026-07-12 13:30:00+00:00,52.0,48,52.0
2026-07-12 14:00:00+00:00,53.0,47,53.0
2026-07-12 14:30:00+00:00,53.0,52,53.0
2026-07-12 15:00:00+00:00,55.0,53,55.0
2026-07-12 15:30:00+00:00,57.0,57,57.0
2026-07-12 16:00:00+00:00,63.0,53,63.0
2026-07-12 16:30:00+00:00,66.0,57,66.0
2026-07-12 17:00:00+00:00,77.0,65,77.0
2026-07-12 17:30:00+00:00,91.0,68,91.0
2026-07-12 18:00:00+00:00,98.0,77,98.0
2026-07-12 18:30:00+00:00,100.0,91,100.0
2026-07-12 19:00:00+00:00,103.0,97,103.0
2026-07-12 19:30:00+00:00,107.0,101,107.0
2026-07-12 20:00:00+00:00,105.0,105,105.0
2026-07-12 20:30:00+00:00,104.0,106,104.0
2026-07-12 21:00:00+00:00,103.0,114,103.0
2026-07-12 21:30:00+00:00,106.0,116,106.0
2026-07-12 22:00:00+00:00,108.0,111,108.0
2026-07-12 22:30:00+00:00,108.0,109,108.0
2026-07-12 23:00:00+00:00,111.0,106,111.0
2026-07-12 23:30:00+00:00,112.0,108,112.0
2026-07-13 00:00:00+00:00,114.0,111,114.0
2026-07-13 00:30:00+00:00,115.0,106,115.0
2026-07-13 01:00:00+00:00,118.0,115,118.0
2026-07-13 01:30:00+00:00,116.0,116,116.0
2026-07-13 02:00:00+00:00,113.0,115,113.0
2026-07-13 02:30:00+00:00,118.0,115,118.0
2026-07-13 03:00:00+00:00,115.0,110,115.0
2026-07-13 03:30:00+00:00,119.0,106,119.0
2026-07-13 04:00:00+00:00,123.0,112,123.0
2026-07-13 04:30:00+00:00,117.0,109,117.0
2026-07-13 05:00:00+00:00,123.0,114,123.0
2026-07-13 05:30:00+00:00,120.0,112,120.0
2026-07-13 06:00:00+00:00,115.0,112,115.0
2026-07-13 06:30:00+00:00,94.0,112,94.0
2026-07-13 07:00:00+00:00,84.0,118,84.0
2026-07-13 07:30:00+00:00,79.0,115,79.0
2026-07-13 08:00:00+00:00,68.0,83,68.0
2026-07-13 08:30:00+00:00,63.0,74,63.0
2026-07-13 09:00:00+00:00,58.0,64,58.0
2026-07-13 09:30:00+00:00,58.0,60,58.0
2026-07-13 10:00:00+00:00,55.0,55,55.0
2026-07-13 10:30:00+00:00,54.0,54,54.0
2026-07-13 11:00:00+00:00,53.0,53,53.0
2026-07-13 11:30:00+00:00,52.0,53,52.0
2026-07-13 12:00:00+00:00,53.0,51,53.0
2026-07-13 12:30:00+00:00,53.0,52,53.0
2026-07-13 13:00:00+00:00,52.0,48,52.0
2026-07-13 13:30:00+00:00,52.0,49,52.0
2026-07-13 14:00:00+00:00,57.0,44,57.0
2026-07-13 14:30:00+00:00,60.0,40,60.0
2026-07-13 15:00:00+00:00,72.0,53,72.0
2026-07-13 15:30:00+00:00,89.0,54,89.0
2026-07-13 16:00:00+00:00,104.0,68,104.0
2026-07-13 16:30:00+00:00,113.0,89,113.0
2026-07-13 17:00:00+00:00,124.0,109,124.0
2026-07-13 17:30:00+00:00,134.0,122,134.0
2026-07-13 18:00:00+00:00,138.0,135,138.0
2026-07-13 18:30:00+00:00,144.0,138,144.0
2026-07-13 19:00:00+00:00,147.0,142,147.0
2026-07-13 19:30:00+00:00,154.0,146,154.0
2026-07-13 20:00:00+00:00,162.0,153,162.0
2026-07-13 20:30:00+00:00,162.0,162,162.0
2026-07-13 21:00:00+00:00,160.0,162,160.0
2026-07-13 21:30:00+00:00,160.0,161,160.0
2026-07-13 22:00:00+00:00,159.0,159,159.0
2026-07-13 22:30:00+00:00,156.0,160,156.0
2026-07-13 23:00:00+00:00,157.0,155,157.0
2026-07-13 23:30:00+00:00,160.0,150,160.0
2026-07-14 00:00:00+00:00,154.0,150,154.0
2026-07-14 00:30:00+00:00,154.0,144,154.0
2026-07-14 01:00:00+00:00,153.0,158,153.0
2026-07-14 01:30:00+00:00,148.0,154,148.0
2026-07-14 02:00:00+00:00,147.0,142,147.0
2026-07-14 02:30:00+00:00,145.0,142,145.0
2026-07-14 03:00:00+00:00,137.0,132,137.0
2026-07-14 03:30:00+00:00,135.0,145,135.0
2026-07-14 04:00:00+00:00,136.0,133,136.0
2026-07-14 04:30:00+00:00,130.0,130,130.0
2026-07-14 05:00:00+00:00,141.0,136,141.0
2026-07-14 05:30:00+00:00,123.0,129,123.0
2026-07-14 06:00:00+00:00,115.0,130,115.0
2026-07-14 06:30:00+00:00,104.0,135,104.0
2026-07-14 07:00:00+00:00,93.0,150,93.0
2026-07-14 07:30:00+00:00,85.0,150,85.0
2026-07-14 08:00:00+00:00,69.0,96,69.0
2026-07-14 08:30:00+00:00,63.0,78,63.0
2026-07-14 09:00:00+00:00,60.0,62,60.0
2026-07-14 09:30:00+00:00,58.0,56,58.0
2026-07-14 10:00:00+00:00,56.0,55,56.0
2026-07-14 10:30:00+00:00,55.0,53,55.0
2026-07-14 11:00:00+00:00,54.0,52,54.0
2026-07-14 11:30:00+00:00,56.0,50,56.0
2026-07-14 12:00:00+00:00,55.0,49,55.0
2026-07-14 12:30:00+00:00,56.0,50,56.0
2026-07-14 13:00:00+00:00,59.0,51,59.0
2026-07-14 13:30:00+00:00,61.0,53,61.0
2026-07-14 14:00:00+00:00,63.0,55,63.0
2026-07-14 14:30:00+00:00,74.0,60,74.0
2026-07-14 15:00:00+00:00,88.0,65,88.0
2026-07-14 15:30:00+00:00,121.0,73,121.0
2026-07-14 16:00:00+00:00,131.0,94,131.0
2026-07-14 16:30:00+00:00,146.0,112,146.0
2026-07-14 17:00:00+00:00,158.0,155,158.0
2026-07-14 17:30:00+00:00,172.0,155,172.0
2026-07-14 18:00:00+00:00,177.0,170,177.0
2026-07-14 18:30:00+00:00,179.0,174,179.0
2026-07-14 19:00:00+00:00,181.0,181,181.0
2026-07-14 19:30:00+00:00,186.0,188,186.0
2026-07-14 20:00:00+00:00,186.0,193,186.0
2026-07-14 20:30:00+00:00,187.0,190,187.0
2026-07-14 21:00:00+00:00,190.0,192,190.0
2026-07-14 21:30:00+00:00,191.0,189,191.0
2026-07-14 22:00:00+00:00,191.0,189,191.0
2026-07-14 22:30:00+00:00,181.0,192,181.0
2026-07-14 23:00:00+00:00,178.0,192,178.0
2026-07-14 23:30:00+00:00,179.0,189,179.0
2026-07-15 00:00:00+00:00,183.0,177,183.0
2026-07-15 00:30:00+00:00,184.0,173,184.0
2026-07-15 01:00:00+00:00,180.0,177,180.0
2026-07-15 01:30:00+00:00,178.0,187,178.0
2026-07-15 02:00:00+00:00,173.0,175,173.0
2026-07-15 02:30:00+00:00,177.0,182,177.0
2026-07-15 03:00:00+00:00,178.0,163,178.0
2026-07-15 03:30:00+00:00,183.0,178,183.0
2026-07-15 04:00:00+00:00,184.0,180,184.0
2026-07-15 04:30:00+00:00,190.0,188,190.0
2026-07-15 05:00:00+00:00,192.0,194,192.0
2026-07-15 05:30:00+00:00,183.0,193,183.0
2026-07-15 06:00:00+00:00,177.0,193,177.0
2026-07-15 06:30:00+00:00,161.0,178,161.0
2026-07-15 07:00:00+00:00,153.0,165,153.0
2026-07-15 07:30:00+00:00,134.0,152,134.0
2026-07-15 08:00:00+00:00,123.0,135,123.0
2026-07-15 08:30:00+00:00,106.0,118,106.0
2026-07-15 09:00:00+00:00,103.0,107,103.0
2026-07-15 09:30:00+00:00,96.0,97,96.0
2026-07-15 10:00:00+00:00,87.0,89,87.0
2026-07-15 10:30:00+00:00,83.0,84,83.0
2026-07-15 11:00:00+00:00,82.0,78,82.0
2026-07-15 11:30:00+00:00,85.0,72,85.0
2026-07-15 12:00:00+00:00,84.0,80,84.0
2026-07-15 12:30:00+00:00,86.0,78,86.0
2026-07-15 13:00:00+00:00,84.0,79,84.0
2026-07-15 13:30:00+00:00,85.0,81,85.0
2026-07-15 14:00:00+00:00,88.0,79,88.0
2026-07-15 14:30:00+00:00,100.0,88,100.0
2026-07-15 15:00:00+00:00,123.0,104,123.0
2026-07-15 15:30:00+00:00,154.0,107,154.0
2026-07-15 16:00:00+00:00,167.0,132,167.0
2026-07-15 16:30:00+00:00,176.0,164,176.0
2026-07-15 17:00:00+00:00,184.0,188,184.0
2026-07-15 17:30:00+00:00,192.0,183,192.0
2026-07-15 18:00:00+00:00,198.0,190,198.0
2026-07-15 18:30:00+00:00,201.0,198,201.0
2026-07-15 19:00:00+00:00,208.0,204,208.0
2026-07-15 19:30:00+00:00,215.0,217,215.0
2026-07-15 20:00:00+00:00,217.0,220,217.0
2026-07-15 20:30:00+00:00,217.0,225,217.0
2026-07-15 21:00:00+00:00,222.0,226,222.0
2026-07-15 21:30:00+00:00,224.0,225,224.0
2026-07-15 22:00:00+00:00,224.0,226,224.0
2026-07-15 22:30:00+00:00,221.0,227,221.0
2026-07-15 23:00:00+00:00,221.0,230,221.0
2026-07-15 23:30:00+00:00,217.0,225,217.0
2026-07-16 00:00:00+00:00,219.0,223,219.0
2026-07-16 00:30:00+00:00,218.0,225,218.0
2026-07-16 01:00:00+00:00,216.0,222,216.0
2026-07-16 01:30:00+00:00,220.0,221,220.0
2026-07-16 02:00:00+00:00,216.0,219,216.0
2026-07-16 02:30:00+00:00,219.0,215,219.0
2026-07-16 03:00:00+00:00,219.0,215,219.0
2026-07-16 03:30:00+00:00,226.0,217,226.0
2026-07-16 04:00:00+00:00,226.0,220,226.0
2026-07-16 04:30:00+00:00,223.0,220,223.0
2026-07-16 05:00:00+00:00,218.0,224,218.0
2026-07-16 05:30:00+00:00,207.0,220,207.0
2026-07-16 06:00:00+00:00,197.0,215,197.0
2026-07-16 06:30:00+00:00,174.0,209,174.0
2026-07-16 07:00:00+00:00,158.0,188,158.0
2026-07-16 07:30:00+00:00,140.0,165,140.0
2026-07-16 08:00:00+00:00,130.0,144,130.0
2026-07-16 08:30:00+00:00,121.0,131,121.0
2026-07-16 09:00:00+00:00,112.0,122,112.0
2026-07-16 09:30:00+00:00,107.0,116,107.0
2026-07-16 10:00:00+00:00,104.0,111,104.0
2026-07-16 10:30:00+00:00,101.0,110,101.0
2026-07-16 11:00:00+00:00,100.0,96,100.0
2026-07-16 11:30:00+00:00,101.0,94,101.0
2026-07-16 12:00:00+00:00,102.0,94,102.0
2026-07-16 12:30:00+00:00,104.0,93,104.0
2026-07-16 13:00:00+00:00,109.0,105,109.0
2026-07-16 13:30:00+00:00,117.0,114,117.0
2026-07-16 14:00:00+00:00,124.0,112,124.0
2026-07-16 14:30:00+00:00,132.0,121,132.0
2026-07-16 15:00:00+00:00,151.0,128,151.0
2026-07-16 15:30:00+00:00,169.0,140,169.0
2026-07-16 16:00:00+00:00,173.0,157,173.0
2026-07-16 16:30:00+00:00,183.0,172,183.0
2026-07-16 17:00:00+00:00,192.0,189,192.0
2026-07-16 17:30:00+00:00,199.0,192,199.0
2026-07-16 18:00:00+00:00,206.0,205,206.0
2026-07-16 18:30:00+00:00,207.0,207,207.0
2026-07-16 19:00:00+00:00,210.0,219,210.0
2026-07-16 19:30:00+00:00,211.0,229,211.0
2026-07-16 20:00:00+00:00,220.0,223,220.0
2026-07-16 20:30:00+00:00,220.0,224,220.0
2026-07-16 21:00:00+00:00,225.0,231,225.0
2026-07-16 21:30:00+00:00,231.0,230,231.0
2026-07-16 22:00:00+00:00,229.0,233,229.0
2026-07-16 22:30:00+00:00,236.0,232,236.0
2026-07-16 23:00:00+00:00,235.0,233,235.0
2026-07-16 23:30:00+00:00,232.0,232,232.0
2026-07-17 00:00:00+00:00,230.0,237,230.0
2026-07-17 00:30:00+00:00,231.0,234,231.0
2026-07-17 01:00:00+00:00,229.0,232,229.0
2026-07-17 01:30:00+00:00,228.0,229,228.0
2026-07-17 02:00:00+00:00,229.0,227,229.0
2026-07-17 02:30:00+00:00,232.0,222,232.0
2026-07-17 03:00:00+00:00,233.0,229,233.0
2026-07-17 03:30:00+00:00,231.0,231,231.0
2026-07-17 04:00:00+00:00,228.0,233,228.0
2026-07-17 04:30:00+00:00,220.0,235,220.0
2026-07-17 05:00:00+00:00,216.0,228,216.0
2026-07-17 05:30:00+00:00,208.0,225,208.0
2026-07-17 06:00:00+00:00,200.0,214,200.0
2026-07-17 06:30:00+00:00,178.0,210,178.0
2026-07-17 07:00:00+00:00,158.0,190,158.0
2026-07-17 07:30:00+00:00,133.0,167,133.0
2026-07-17 08:00:00+00:00,119.0,140,119.0
2026-07-17 08:30:00+00:00,106.0,120,106.0
2026-07-17 09:00:00+00:00,99.0,115,99.0
2026-07-17 09:30:00+00:00,96.0,98,96.0
2026-07-17 10:00:00+00:00,88.0,94,88.0
2026-07-17 10:30:00+00:00,84.0,88,84.0
2026-07-17 11:00:00+00:00,82.0,82,82.0
2026-07-17 11:30:00+00:00,80.0,76,80.0
2026-07-17 12:00:00+00:00,78.0,73,78.0
2026-07-17 12:30:00+00:00,79.0,75,79.0
2026-07-17 13:00:00+00:00,81.0,68,81.0
2026-07-17 13:30:00+00:00,81.0,73,81.0
2026-07-17 14:00:00+00:00,87.0,81,87.0
2026-07-17 14:30:00+00:00,93.0,86,93.0
2026-07-17 15:00:00+00:00,106.0,99,106.0
2026-07-17 15:30:00+00:00,136.0,97,136.0
2026-07-17 16:00:00+00:00,151.0,115,151.0
2026-07-17 16:30:00+00:00,169.0,129,169.0
2026-07-17 17:00:00+00:00,176.0,159,176.0
2026-07-17 17:30:00+00:00,174.0,184,174.0
2026-07-17 18:00:00+00:00,180.0,188,180.0
2026-07-17 18:30:00+00:00,183.0,182,183.0
2026-07-17 19:00:00+00:00,185.0,184,185.0
2026-07-17 19:30:00+00:00,190.0,191,190.0
2026-07-17 20:00:00+00:00,190.0,192,190.0
2026-07-17 20:30:00+00:00,194.0,194,194.0
2026-07-17 21:00:00+00:00,191.0,195,191.0
2026-07-17 21:30:00+00:00,174.0,195,174.0
2026-07-17 22:00:00+00:00,164.0,195,164.0
2026-07-17 22:30:00+00:00,160.0,179,160.0
2026-07-17 23:00:00+00:00,157.0,178,157.0
2026-07-17 23:30:00+00:00,152.0,175,152.0
2026-07-18 00:00:00+00:00,144.0,157,144.0
2026-07-18 00:30:00+00:00,132.0,151,132.0
2026-07-18 01:00:00+00:00,123.0,140,123.0
2026-07-18 01:30:00+00:00,123.0,136,123.0
2026-07-18 02:00:00+00:00,114.0,121,114.0
2026-07-18 02:30:00+00:00,109.0,118,109.0
2026-07-18 03:00:00+00:00,97.0,108,97.0
2026-07-18 03:30:00+00:00,90.0,105,90.0
2026-07-18 04:00:00+00:00,90.0,99,90.0
2026-07-18 04:30:00+00:00,95.0,103,95.0
2026-07-18 05:00:00+00:00,92.0,94,92.0
2026-07-18 05:30:00+00:00,87.0,95,87.0
2026-07-18 06:00:00+00:00,88.0,93,88.0
2026-07-18 06:30:00+00:00,92.0,86,92.0
2026-07-18 07:00:00+00:00,84.0,72,84.0
2026-07-18 07:30:00+00:00,79.0,77,79.0
2026-07-18 08:00:00+00:00,72.0,70,72.0
2026-07-18 08:30:00+00:00,71.0,65,71.0
2026-07-18 09:00:00+00:00,66.0,63,66.0
2026-07-18 09:30:00+00:00,63.0,62,63.0
2026-07-18 10:00:00+00:00,61.0,59,61.0
2026-07-18 10:30:00+00:00,57.0,56,57.0
2026-07-18 11:00:00+00:00,56.0,54,56.0
2026-07-18 11:30:00+00:00,58.0,51,58.0
2026-07-18 12:00:00+00:00,59.0,52,59.0
2026-07-18 12:30:00+00:00,58.0,52,58.0
2026-07-18 13:00:00+00:00,57.0,53,57.0
2026-07-18 13:30:00+00:00,56.0,54,56.0
2026-07-18 14:00:00+00:00,57.0,53,57.0
2026-07-18 14:30:00+00:00,58.0,55,58.0
2026-07-18 15:00:00+00:00,57.0,60,57.0
2026-07-18 15:30:00+00:00,58.0,65,58.0
2026-07-18 16:00:00+00:00,61.0,57,61.0
2026-07-18 16:30:00+00:00,68.0,59,68.0
2026-07-18 17:00:00+00:00,75.0,63,75.0
2026-07-18 17:30:00+00:00,82.0,69,82.0
2026-07-18 18:00:00+00:00,81.0,69,81.0
2026-07-18 18:30:00+00:00,97.0,73,97.0
2026-07-18 19:00:00+00:00,94.0,69,94.0
2026-07-18 19:30:00+00:00,104.0,79,104.0
2026-07-18 20:00:00+00:00,104.0,75,104.0
2026-07-18 20:30:00+00:00,94.0,81,94.0
2026-07-18 21:00:00+00:00,93.0,82,93.0
2026-07-18 21:30:00+00:00,89.0,76,89.0
2026-07-18 22:00:00+00:00,83.0,80,83.0
2026-07-18 22:30:00+00:00,83.0,75,83.0
2026-07-18 23:00:00+00:00,82.0,78,82.0
2026-07-18 23:30:00+00:00,85.0,78,85.0
2026-07-19 00:00:00+00:00,83.0,71,83.0
2026-07-19 00:30:00+00:00,78.0,70,78.0
2026-07-19 01:00:00+00:00,79.0,71,79.0
2026-07-19 01:30:00+00:00,68.0,70,68.0
2026-07-19 02:00:00+00:00,67.0,69,67.0
2026-07-19 02:30:00+00:00,70.0,63,70.0
2026-07-19 03:00:00+00:00,69.0,68,69.0
2026-07-19 03:30:00+00:00,78.0,71,78.0
2026-07-19 04:00:00+00:00,83.0,74,83.0
2026-07-19 04:30:00+00:00,88.0,78,88.0
2026-07-19 05:00:00+00:00,85.0,77,85.0
2026-07-19 05:30:00+00:00,85.0,84,85.0
2026-07-19 06:00:00+00:00,81.0,80,81.0
2026-07-19 06:30:00+00:00,82.0,80,82.0
2026-07-19 07:00:00+00:00,77.0,75,77.0
2026-07-19 07:30:00+00:00,75.0,74,75.0
2026-07-19 08:00:00+00:00,72.0,70,72.0
2026-07-19 08:30:00+00:00,72.0,65,72.0
2026-07-19 09:00:00+00:00,71.0,65,71.0
2026-07-19 09:30:00+00:00,69.0,65,69.0
2026-07-19 10:00:00+00:00,71.0,66,71.0
2026-07-19 10:30:00+00:00,64.0,56,64.0
2026-07-19 11:00:00+00:00,62.0,62,62.0
2026-07-19 11:30:00+00:00,60.0,61,60.0
2026-07-19 12:00:00+00:00,57.0,55,57.0
2026-07-19 12:30:00+00:00,56.0,53,56.0
2026-07-19 13:00:00+00:00,58.0,53,58.0
2026-07-19 13:30:00+00:00,58.0,52,58.0
2026-07-19 14:00:00+00:00,58.0,56,58.0
2026-07-19 14:30:00+00:00,58.0,55,58.0
2026-07-19 15:00:00+00:00,63.0,62,63.0
2026-07-19 15:30:00+00:00,68.0,63,68.0
2026-07-19 16:00:00+00:00,73.0,63,73.0
2026-07-19 16:30:00+00:00,83.0,74,83.0
2026-07-19 17:00:00+00:00,92.0,86,92.0
2026-07-19 17:30:00+00:00,100.0,97,100.0
2026-07-19 18:00:00+00:00,110.0,97,110.0
2026-07-19 18:30:00+00:00,115.0,105,115.0
2026-07-19 19:00:00+00:00,119.0,113,119.0
2026-07-19 19:30:00+00:00,129.0,121,129.0
2026-07-19 20:00:00+00:00,128.0,117,128.0
2026-07-19 20:30:00+00:00,131.0,118,131.0
2026-07-19 21:00:00+00:00,129.0,126,129.0
2026-07-19 21:30:00+00:00,123.0,123,123.0
2026-07-19 22:00:00+00:00,116.0,124,116.0
2026-07-19 22:30:00+00:00,115.0,133,115.0
2026-07-19 23:00:00+00:00,113.0,138,113.0
2026-07-19 23:30:00+00:00,108.0,148,108.0
2026-07-20 00:00:00+00:00,106.0,106,106.0
2026-07-20 00:30:00+00:00,107.0,96,107.0
2026-07-20 01:00:00+00:00,102.0,92,102.0
2026-07-20 01:30:00+00:00,103.0,92,103.0
2026-07-20 02:00:00+00:00,99.0,86,99.0
2026-07-20 02:30:00+00:00,104.0,88,104.0
2026-07-20 03:00:00+00:00,103.0,96,103.0
2026-07-20 03:30:00+00:00,105.0,83,105.0
2026-07-20 04:00:00+00:00,110.0,154,110.0
2026-07-20 04:30:00+00:00,121.0,108,121.0
2026-07-20 05:00:00+00:00,127.0,122,127.0
2026-07-20 05:30:00+00:00,131.0,135,131.0
2026-07-20 06:00:00+00:00,132.0,128,132.0
2026-07-20 06:30:00+00:00,130.0,132,130.0
2026-07-20 07:00:00+00:00,123.0,128,123.0
2026-07-20 07:30:00+00:00,114.0,118,114.0
2026-07-20 08:00:00+00:00,108.0,110,108.0
2026-07-20 08:30:00+00:00,99.0,98,99.0
2026-07-20 09:00:00+00:00,93.0,94,93.0
2026-07-20 09:30:00+00:00,90.0,89,90.0
2026-07-20 10:00:00+00:00,85.0,84,85.0
2026-07-20 10:30:00+00:00,85.0,85,85.0
2026-07-20 11:00:00+00:00,84.0,84,84.0
2026-07-20 11:30:00+00:00,83.0,79,83.0
2026-07-20 12:00:00+00:00,82.0,78,82.0
2026-07-20 12:30:00+00:00,84.0,81,84.0
2026-07-20 13:00:00+00:00,86.0,78,86.0
2026-07-20 13:30:00+00:00,91.0,84,91.0
2026-07-20 14:00:00+00:00,95.0,85,95.0
2026-07-20 14:30:00+00:00,97.0,88,97.0
2026-07-20 15:00:00+00:00,109.0,116,109.0
2026-07-20 15:30:00+00:00,126.0,111,126.0
2026-07-20 16:00:00+00:00,136.0,127,136.0
2026-07-20 16:30:00+00:00,148.0,149,148.0
2026-07-20 17:00:00+00:00,153.0,153,153.0
2026-07-20 17:30:00+00:00,160.0,158,160.0
2026-07-20 18:00:00+00:00,161.0,165,161.0
2026-07-20 18:30:00+00:00,172.0,172,172.0
2026-07-20 19:00:00+00:00,177.0,175,177.0
2026-07-20 19:30:00+00:00,182.0,176,182.0
2026-07-20 20:00:00+00:00,184.0,190,184.0
2026-07-20 20:30:00+00:00,182.0,185,182.0
2026-07-20 21:00:00+00:00,183.0,192,183.0
2026-07-20 21:30:00+00:00,177.0,183,177.0
2026-07-20 22:00:00+00:00,174.0,186,174.0
2026-07-20 22:30:00+00:00,172.0,184,172.0
2026-07-20 23:00:00+00:00,171.0,186,171.0
2026-07-20 23:30:00+00:00,164.0,186,164.0
2026-07-21 00:00:00+00:00,164.0,178,164.0
2026-07-21 00:30:00+00:00,162.0,175,162.0
2026-07-21 01:00:00+00:00,160.0,163,160.0
2026-07-21 01:30:00+00:00,158.0,169,158.0
2026-07-21 02:00:00+00:00,155.0,165,155.0
2026-07-21 02:30:00+00:00,156.0,152,156.0
2026-07-21 03:00:00+00:00,152.0,157,152.0
2026-07-21 03:30:00+00:00,152.0,160,152.0
2026-07-21 04:00:00+00:00,151.0,153,151.0
2026-07-21 04:30:00+00:00,149.0,172,149.0
2026-07-21 05:00:00+00:00,150.0,165,150.0
2026-07-21 05:30:00+00:00,149.0,165,149.0
2026-07-21 06:00:00+00:00,148.0,159,148.0
2026-07-21 06:30:00+00:00,144.0,141,144.0
2026-07-21 07:00:00+00:00,136.0,148,136.0
2026-07-21 07:30:00+00:00,129.0,139,129.0
2026-07-21 08:00:00+00:00,120.0,123,120.0
2026-07-21 08:30:00+00:00,112.0,115,112.0
2026-07-21 09:00:00+00:00,107.0,110,107.0
2026-07-21 09:30:00+00:00,104.0,105,104.0
2026-07-21 10:00:00+00:00,102.0,103,102.0
2026-07-21 10:30:00+00:00,99.0,100,99.0
2026-07-21 11:00:00+00:00,98.0,93,98.0
2026-07-21 11:30:00+00:00,99.0,91,99.0
2026-07-21 12:00:00+00:00,97.0,95,97.0
2026-07-21 12:30:00+00:00,96.0,86,96.0
2026-07-21 13:00:00+00:00,93.0,94,93.0
2026-07-21 13:30:00+00:00,94.0,87,94.0
2026-07-21 14:00:00+00:00,95.0,89,95.0
2026-07-21 14:30:00+00:00,96.0,81,96.0
2026-07-21 15:00:00+00:00,103.0,112,103.0
2026-07-21 15:30:00+00:00,117.0,119,117.0
2026-07-21 16:00:00+00:00,127.0,132,127.0
2026-07-21 16:30:00+00:00,132.0,138,132.0
2026-07-21 17:00:00+00:00,142.0,149,142.0
2026-07-21 17:30:00+00:00,153.0,156,153.0
2026-07-21 18:00:00+00:00,161.0,147,161.0
2026-07-21 18:30:00+00:00,168.0,157,168.0
2026-07-21 19:00:00+00:00,169.0,163,169.0
2026-07-21 19:30:00+00:00,164.0,169,164.0
2026-07-21 20:00:00+00:00,163.0,174,163.0
2026-07-21 20:30:00+00:00,165.0,179,165.0
2026-07-21 21:00:00+00:00,165.0,167,165.0
2026-07-21 21:30:00+00:00,163.0,164,163.0
2026-07-21 22:00:00+00:00,161.0,165,161.0
2026-07-21 22:30:00+00:00,159.0,167,159.0
2026-07-21 23:00:00+00:00,158.0,172,158.0
2026-07-21 23:30:00+00:00,152.0,172,152.0
2026-07-22 00:00:00+00:00,149.0,159,149.0
2026-07-22 00:30:00+00:00,144.0,157,144.0
2026-07-22 01:00:00+00:00,146.0,150,146.0
2026-07-22 01:30:00+00:00,145.0,141,145.0
2026-07-22 02:00:00+00:00,143.0,142,143.0
2026-07-22 02:30:00+00:00,146.0,141,146.0
2026-07-22 03:00:00+00:00,143.0,134,143.0
2026-07-22 03:30:00+00:00,142.0,123,142.0
2026-07-22 04:00:00+00:00,147.0,129,147.0
2026-07-22 04:30:00+00:00,146.0,119,146.0
2026-07-22 05:00:00+00:00,144.0,156,144.0
2026-07-22 05:30:00+00:00,140.0,149,140.0
2026-07-22 06:00:00+00:00,139.0,158,139.0
2026-07-22 06:30:00+00:00,132.0,172,132.0
2026-07-22 07:00:00+00:00,126.0,138,126.0
2026-07-22 07:30:00+00:00,119.0,135,119.0
2026-07-22 08:00:00+00:00,115.0,121,115.0
2026-07-22 08:30:00+00:00,105.0,115,105.0
2026-07-22 09:00:00+00:00,100.0,115,100.0
2026-07-22 09:30:00+00:00,97.0,110,97.0
2026-07-22 10:00:00+00:00,97.0,94,97.0
2026-07-22 10:30:00+00:00,98.0,94,98.0
2026-07-22 11:00:00+00:00,100.0,90,100.0
2026-07-22 11:30:00+00:00,99.0,87,99.0
2026-07-22 12:00:00+00:00,98.0,93,98.0
2026-07-22 12:30:00+00:00,98.0,89,98.0
2026-07-22 13:00:00+00:00,96.0,87,96.0
2026-07-22 13:30:00+00:00,97.0,88,97.0
2026-07-22 14:00:00+00:00,100.0,90,100.0
2026-07-22 14:30:00+00:00,101.0,90,101.0
2026-07-22 15:00:00+00:00,109.0,99,109.0
2026-07-22 15:30:00+00:00,125.0,104,125.0
2026-07-22 16:00:00+00:00,132.0,125,132.0
2026-07-22 16:30:00+00:00,134.0,159,134.0
2026-07-22 17:00:00+00:00,143.0,150,143.0
2026-07-22 17:30:00+00:00,154.0,163,154.0
2026-07-22 18:00:00+00:00,159.0,148,159.0
2026-07-22 18:30:00+00:00,164.0,159,164.0
2026-07-22 19:00:00+00:00,171.0,172,171.0
2026-07-22 19:30:00+00:00,176.0,181,176.0
2026-07-22 20:00:00+00:00,178.0,187,178.0
2026-07-22 20:30:00+00:00,177.0,192,177.0
2026-07-22 21:00:00+00:00,175.0,185,175.0
2026-07-22 21:30:00+00:00,160.0,187,160.0
2026-07-22 22:00:00+00:00,156.0,182,156.0
2026-07-22 22:30:00+00:00,157.0,179,157.0
2026-07-22 23:00:00+00:00,157.0,160,157.0
2026-07-22 23:30:00+00:00,161.0,160,161.0
2026-07-23 00:00:00+00:00,159.0,162,159.0
2026-07-23 00:30:00+00:00,155.0,164,155.0
2026-07-23 01:00:00+00:00,151.0,162,151.0
2026-07-23 01:30:00+00:00,139.0,153,139.0
2026-07-23 02:00:00+00:00,132.0,140,132.0
2026-07-23 02:30:00+00:00,126.0,121,126.0
2026-07-23 03:00:00+00:00,122.0,122,122.0
2026-07-23 03:30:00+00:00,132.0,99,132.0
2026-07-23 04:00:00+00:00,134.0,201,134.0
2026-07-23 04:30:00+00:00,136.0,255,136.0
2026-07-23 05:00:00+00:00,144.0,150,144.0
2026-07-23 05:30:00+00:00,143.0,168,143.0
2026-07-23 06:00:00+00:00,144.0,158,144.0
2026-07-23 06:30:00+00:00,143.0,168,143.0
2026-07-23 07:00:00+00:00,141.0,142,141.0
2026-07-23 07:30:00+00:00,129.0,131,129.0
2026-07-23 08:00:00+00:00,121.0,128,121.0
2026-07-23 08:30:00+00:00,115.0,121,115.0
2026-07-23 09:00:00+00:00,110.0,111,110.0
2026-07-23 09:30:00+00:00,107.0,108,107.0
2026-07-23 10:00:00+00:00,105.0,109,105.0
2026-07-23 10:30:00+00:00,101.0,114,101.0
2026-07-23 11:00:00+00:00,100.0,103,100.0
2026-07-23 11:30:00+00:00,96.0,101,96.0
2026-07-23 12:00:00+00:00,95.0,97,95.0
2026-07-23 12:30:00+00:00,95.0,97,95.0
2026-07-23 13:00:00+00:00,93.0,91,93.0
2026-07-23 13:30:00+00:00,90.0,89,90.0
2026-07-23 14:00:00+00:00,92.0,91,92.0
2026-07-23 14:30:00+00:00,97.0,90,97.0
2026-07-23 15:00:00+00:00,103.0,86,103.0
2026-07-23 15:30:00+00:00,116.0,90,116.0
2026-07-23 16:00:00+00:00,126.0,115,126.0
2026-07-23 16:30:00+00:00,135.0,129,135.0
2026-07-23 17:00:00+00:00,141.0,133,141.0
2026-07-23 17:30:00+00:00,144.0,143,144.0
2026-07-23 18:00:00+00:00,151.0,153,151.0
2026-07-23 18:30:00+00:00,156.0,165,156.0
2026-07-23 19:00:00+00:00,161.0,166,161.0
2026-07-23 19:30:00+00:00,165.0,176,165.0
2026-07-23 20:00:00+00:00,166.0,171,166.0
2026-07-23 20:30:00+00:00,164.0,172,164.0
2026-07-23 21:00:00+00:00,163.0,167,163.0
2026-07-23 21:30:00+00:00,158.0,166,158.0
2026-07-23 22:00:00+00:00,160.0,169,160.0
2026-07-23 22:30:00+00:00,163.0,167,163.0
2026-07-23 23:00:00+00:00,159.0,154,159.0
2026-07-23 23:30:00+00:00,152.0,137,152.0
2026-07-24 00:00:00+00:00,150.0,142,150.0
2026-07-24 00:30:00+00:00,142.0,128,142.0
2026-07-24 01:00:00+00:00,143.0,130,143.0
2026-07-24 01:30:00+00:00,143.0,119,143.0
2026-07-24 02:00:00+00:00,143.0,130,143.0
2026-07-24 02:30:00+00:00,152.0,127,152.0
2026-07-24 03:00:00+00:00,154.0,144,154.0
2026-07-24 03:30:00+00:00,166.0,141,166.0
2026-07-24 04:00:00+00:00,166.0,136,166.0
2026-07-24 04:30:00+00:00,159.0,132,159.0
2026-07-24 05:00:00+00:00,156.0,165,156.0
2026-07-24 05:30:00+00:00,144.0,159,144.0
2026-07-24 06:00:00+00:00,133.0,154,133.0
2026-07-24 06:30:00+00:00,111.0,147,111.0
2026-07-24 07:00:00+00:00,97.0,121,97.0
2026-07-24 07:30:00+00:00,82.0,110,82.0
2026-07-24 08:00:00+00:00,74.0,86,74.0
2026-07-24 08:30:00+00:00,69.0,78,69.0
2026-07-24 09:00:00+00:00,66.0,66,66.0
2026-07-24 09:30:00+00:00,62.0,63,62.0
2026-07-24 10:00:00+00:00,59.0,57,59.0
2026-07-24 10:30:00+00:00,58.0,56,58.0
2026-07-24 11:00:00+00:00,56.0,52,56.0
2026-07-24 11:30:00+00:00,58.0,51,58.0
2026-07-24 12:00:00+00:00,57.0,53,57.0
2026-07-24 12:30:00+00:00,59.0,53,59.0
2026-07-24 13:00:00+00:00,61.0,54,61.0
2026-07-24 13:30:00+00:00,65.0,55,65.0
2026-07-24 14:00:00+00:00,67.0,57,67.0
2026-07-24 14:30:00+00:00,73.0,57,73.0
2026-07-24 15:00:00+00:00,78.0,60,78.0
2026-07-24 15:30:00+00:00,84.0,59,84.0
2026-07-24 16:00:00+00:00,97.0,71,97.0
2026-07-24 16:30:00+00:00,116.0,69,116.0
2026-07-24 17:00:00+00:00,126.0,103,126.0
2026-07-24 17:30:00+00:00,137.0,123,137.0
2026-07-24 18:00:00+00:00,144.0,136,144.0
2026-07-24 18:30:00+00:00,146.0,137,146.0
2026-07-24 19:00:00+00:00,147.0,139,147.0
2026-07-24 19:30:00+00:00,147.0,143,147.0
2026-07-24 20:00:00+00:00,149.0,150,149.0
2026-07-24 20:30:00+00:00,148.0,147,148.0
2026-07-24 21:00:00+00:00,145.0,138,145.0
2026-07-24 21:30:00+00:00,139.0,136,139.0
2026-07-24 22:00:00+00:00,134.0,134,134.0
2026-07-24 22:30:00+00:00,129.0,126,129.0
2026-07-24 23:00:00+00:00,129.0,125,129.0
2026-07-24 23:30:00+00:00,114.0,114,114.0
2026-07-25 00:00:00+00:00,113.0,118,113.0
2026-07-25 00:30:00+00:00,113.0,108,113.0
2026-07-25 01:00:00+00:00,113.0,101,113.0
2026-07-25 01:30:00+00:00,119.0,98,119.0
2026-07-25 02:00:00+00:00,118.0,106,118.0
2026-07-25 02:30:00+00:00,127.0,103,127.0
2026-07-25 03:00:00+00:00,126.0,117,126.0
2026-07-25 03:30:00+00:00,130.0,115,130.0
2026-07-25 04:00:00+00:00,126.0,122,126.0
2026-07-25 04:30:00+00:00,118.0,120,118.0
2026-07-25 05:00:00+00:00,113.0,118,113.0
2026-07-25 05:30:00+00:00,92.0,113,92.0
2026-07-25 06:00:00+00:00,84.0,102,84.0
2026-07-25 06:30:00+00:00,74.0,95,74.0
2026-07-25 07:00:00+00:00,65.0,72,65.0
2026-07-25 07:30:00+00:00,59.0,65,59.0
2026-07-25 08:00:00+00:00,52.0,59,52.0
2026-07-25 08:30:00+00:00,49.0,60,49.0
2026-07-25 09:00:00+00:00,45.0,47,45.0
2026-07-25 09:30:00+00:00,46.0,45,46.0
2026-07-25 10:00:00+00:00,43.0,39,43.0
2026-07-25 10:30:00+00:00,41.0,38,41.0
2026-07-25 11:00:00+00:00,40.0,39,40.0
2026-07-25 11:30:00+00:00,39.0,39,39.0
2026-07-25 12:00:00+00:00,38.0,35,38.0
2026-07-25 12:30:00+00:00,40.0,34,40.0
2026-07-25 13:00:00+00:00,41.0,40,41.0
2026-07-25 13:30:00+00:00,43.0,43,43.0
2026-07-25 14:00:00+00:00,44.0,32,44.0
2026-07-25 14:30:00+00:00,38.0,34,38.0
2026-07-25 15:00:00+00:00,43.0,41,43.0
2026-07-25 15:30:00+00:00,51.0,45,51.0
2026-07-25 16:00:00+00:00,52.0,40,52.0
2026-07-25 16:30:00+00:00,58.0,44,58.0
2026-07-25 17:00:00+00:00,68.0,49,68.0
2026-07-25 17:30:00+00:00,64.0,48,64.0
2026-07-25 18:00:00+00:00,69.0,72,69.0
2026-07-25 18:30:00+00:00,79.0,77,79.0
2026-07-25 19:00:00+00:00,80.0,67,80.0
2026-07-25 19:30:00+00:00,85.0,79,85.0
2026-07-25 20:00:00+00:00,90.0,65,90.0
2026-07-25 20:30:00+00:00,90.0,73,90.0
2026-07-25 21:00:00+00:00,88.0,68,88.0
2026-07-25 21:30:00+00:00,90.0,71,90.0
2026-07-25 22:00:00+00:00,89.0,68,89.0
2026-07-25 22:30:00+00:00,86.0,67,86.0
2026-07-25 23:00:00+00:00,86.0,66,86.0
2026-07-25 23:30:00+00:00,86.0,65,86.0
2026-07-26 00:00:00+00:00,83.0,70,83.0
2026-07-26 00:30:00+00:00,68.0,66,68.0
2026-07-26 01:00:00+00:00,68.0,67,68.0
2026-07-26 01:30:00+00:00,72.0,66,72.0
2026-07-26 02:00:00+00:00,69.0,66,69.0
2026-07-26 02:30:00+00:00,72.0,63,72.0
2026-07-26 03:00:00+00:00,69.0,69,69.0
2026-07-26 03:30:00+00:00,67.0,67,67.0
2026-07-26 04:00:00+00:00,67.0,69,67.0
2026-07-26 04:30:00+00:00,67.0,68,67.0
2026-07-26 05:00:00+00:00,66.0,64,66.0
2026-07-26 05:30:00+00:00,66.0,59,66.0
2026-07-26 06:00:00+00:00,66.0,54,66.0
2026-07-26 06:30:00+00:00,59.0,52,59.0
2026-07-26 07:00:00+00:00,57.0,53,57.0
2026-07-26 07:30:00+00:00,52.0,49,52.0
2026-07-26 08:00:00+00:00,51.0,47,51.0
2026-07-26 08:30:00+00:00,53.0,45,53.0
2026-07-26 09:00:00+00:00,49.0,44,49.0
2026-07-26 09:30:00+00:00,48.0,41,48.0
2026-07-26 10:00:00+00:00,45.0,42,45.0
2026-07-26 10:30:00+00:00,48.0,38,48.0
2026-07-26 11:00:00+00:00,46.0,38,46.0
2026-07-26 11:30:00+00:00,43.0,35,43.0
2026-07-26 12:00:00+00:00,44.0,40,44.0
2026-07-26 12:30:00+00:00,51.0,40,51.0
2026-07-26 13:00:00+00:00,51.0,39,51.0
2026-07-26 13:30:00+00:00,58.0,40,58.0
2026-07-26 14:00:00+00:00,56.0,49,56.0
2026-07-26 14:30:00+00:00,60.0,59,60.0
2026-07-26 15:00:00+00:00,65.0,55,65.0
2026-07-26 15:30:00+00:00,70.0,61,70.0
2026-07-26 16:00:00+00:00,76.0,64,76.0
2026-07-26 16:30:00+00:00,74.0,70,74.0
2026-07-26 17:00:00+00:00,81.0,70,81.0
2026-07-26 17:30:00+00:00,71.0,75,71.0
2026-07-26 18:00:00+00:00,74.0,78,74.0
2026-07-26 18:30:00+00:00,81.0,85,81.0
2026-07-26 19:00:00+00:00,83.0,72,83.0
2026-07-26 19:30:00+00:00,83.0,77,83.0
2026-07-26 20:00:00+00:00,85.0,79,85.0
2026-07-26 20:30:00+00:00,83.0,81,83.0
2026-07-26 21:00:00+00:00,78.0,77,78.0
2026-07-26 21:30:00+00:00,75.0,78,75.0
2026-07-26 22:00:00+00:00,74.0,77,74.0
2026-07-26 22:30:00+00:00,74.0,78,74.0
2026-07-26 23:00:00+00:00,73.0,79,73.0
2026-07-26 23:30:00+00:00,76.0,82,76.0
2026-07-27 00:00:00+00:00,77.0,70,77.0
2026-07-27 00:30:00+00:00,79.0,69,79.0
2026-07-27 01:00:00+00:00,80.0,76,80.0
2026-07-27 01:30:00+00:00,79.0,81,79.0
2026-07-27 02:00:00+00:00,80.0,75,80.0
2026-07-27 02:30:00+00:00,75.0,72,75.0
2026-07-27 03:00:00+00:00,78.0,74,78.0
2026-07-27 03:30:00+00:00,77.0,71,77.0
2026-07-27 04:00:00+00:00,79.0,106,79.0
2026-07-27 04:30:00+00:00,91.0,124,91.0
2026-07-27 05:00:00+00:00,95.0,88,95.0
2026-07-27 05:30:00+00:00,98.0,91,98.0
2026-07-27 06:00:00+00:00,96.0,97,96.0
2026-07-27 06:30:00+00:00,98.0,101,98.0
2026-07-27 07:00:00+00:00,93.0,93,93.0
2026-07-27 07:30:00+00:00,91.0,91,91.0
2026-07-27 08:00:00+00:00,86.0,83,86.0
2026-07-27 08:30:00+00:00,83.0,81,83.0
2026-07-27 09:00:00+00:00,84.0,76,84.0
2026-07-27 09:30:00+00:00,85.0,68,85.0
2026-07-27 10:00:00+00:00,76.0,71,76.0
2026-07-27 10:30:00+00:00,71.0,68,71.0
2026-07-27 11:00:00+00:00,70.0,72,70.0
2026-07-27 11:30:00+00:00,68.0,68,68.0
2026-07-27 12:00:00+00:00,67.0,65,67.0
2026-07-27 12:30:00+00:00,68.0,63,68.0
2026-07-27 13:00:00+00:00,69.0,60,69.0
2026-07-27 13:30:00+00:00,72.0,62,72.0
2026-07-27 14:00:00+00:00,75.0,65,75.0
2026-07-27 14:30:00+00:00,85.0,73,85.0
2026-07-27 15:00:00+00:00,94.0,86,94.0
2026-07-27 15:30:00+00:00,108.0,98,108.0
2026-07-27 16:00:00+00:00,126.0,100,126.0
2026-07-27 16:30:00+00:00,130.0,112,130.0
2026-07-27 17:00:00+00:00,136.0,134,136.0
2026-07-27 17:30:00+00:00,147.0,143,147.0
2026-07-27 18:00:00+00:00,152.0,152,152.0
2026-07-27 18:30:00+00:00,157.0,154,157.0
2026-07-27 19:00:00+00:00,163.0,159,163.0
2026-07-27 19:30:00+00:00,168.0,164,168.0
2026-07-27 20:00:00+00:00,169.0,170,169.0
2026-07-27 20:30:00+00:00,172.0,166,172.0
2026-07-27 21:00:00+00:00,172.0,166,172.0
2026-07-27 21:30:00+00:00,157.0,163,157.0
2026-07-27 22:00:00+00:00,154.0,176,154.0
2026-07-27 22:30:00+00:00,145.0,156,145.0
2026-07-27 23:00:00+00:00,141.0,158,141.0
2026-07-27 23:30:00+00:00,134.0,160,134.0
2026-07-28 00:00:00+00:00,130.0,142,130.0
2026-07-28 00:30:00+00:00,124.0,123,124.0
2026-07-28 01:00:00+00:00,122.0,121,122.0
2026-07-28 01:30:00+00:00,114.0,116,114.0
2026-07-28 02:00:00+00:00,106.0,114,106.0
2026-07-28 02:30:00+00:00,103.0,111,103.0
2026-07-28 03:00:00+00:00,100.0,107,100.0
2026-07-28 03:30:00+00:00,109.0,98,109.0
2026-07-28 04:00:00+00:00,100.0,94,100.0
2026-07-28 04:30:00+00:00,95.0,92,95.0
2026-07-28 05:00:00+00:00,94.0,87,94.0
2026-07-28 05:30:00+00:00,78.0,87,78.0
2026-07-28 06:00:00+00:00,72.0,76,72.0
2026-07-28 06:30:00+00:00,73.0,69,73.0
2026-07-28 07:00:00+00:00,68.0,60,68.0
2026-07-28 07:30:00+00:00,68.0,56,68.0
2026-07-28 08:00:00+00:00,65.0,56,65.0
2026-07-28 08:30:00+00:00,59.0,50,59.0
2026-07-28 09:00:00+00:00,55.0,53,55.0
2026-07-28 09:30:00+00:00,55.0,58,55.0
2026-07-28 10:00:00+00:00,54.0,57,54.0
2026-07-28 10:30:00+00:00,53.0,48,53.0
2026-07-28 11:00:00+00:00,51.0,48,51.0
2026-07-28 11:30:00+00:00,52.0,48,52.0
2026-07-28 12:00:00+00:00,52.0,45,52.0
2026-07-28 12:30:00+00:00,56.0,43,56.0
2026-07-28 13:00:00+00:00,58.0,44,58.0
2026-07-28 13:30:00+00:00,60.0,47,60.0
2026-07-28 14:00:00+00:00,63.0,50,63.0
2026-07-28 14:30:00+00:00,71.0,53,71.0
2026-07-28 15:00:00+00:00,83.0,55,83.0
2026-07-28 15:30:00+00:00,88.0,55,88.0
2026-07-28 16:00:00+00:00,107.0,72,107.0
2026-07-28 16:30:00+00:00,129.0,93,129.0
2026-07-28 17:00:00+00:00,148.0,111,148.0
2026-07-28 17:30:00+00:00,164.0,131,164.0
2026-07-28 18:00:00+00:00,172.0,138,172.0
2026-07-28 18:30:00+00:00,178.0,150,178.0
2026-07-28 19:00:00+00:00,179.0,171,179.0
2026-07-28 19:30:00+00:00,182.0,175,182.0
2026-07-28 20:00:00+00:00,178.0,179,178.0
2026-07-28 20:30:00+00:00,166.0,177,166.0
2026-07-28 21:00:00+00:00,165.0,179,165.0
2026-07-28 21:30:00+00:00,156.0,170,156.0
2026-07-28 22:00:00+00:00,152.0,168,152.0
2026-07-28 22:30:00+00:00,155.0,165,155.0
2026-07-28 23:00:00+00:00,156.0,168,156.0
2026-07-28 23:30:00+00:00,156.0,169,156.0
2026-07-29 00:00:00+00:00,158.0,161,158.0
2026-07-29 00:30:00+00:00,160.0,160,160.0
2026-07-29 01:00:00+00:00,160.0,163,160.0
2026-07-29 01:30:00+00:00,161.0,163,161.0
2026-07-29 02:00:00+00:00,159.0,165,159.0
2026-07-29 02:30:00+00:00,155.0,165,155.0
2026-07-29 03:00:00+00:00,155.0,167,155.0
2026-07-29 03:30:00+00:00,161.0,161,161.0
2026-07-29 04:00:00+00:00,163.0,157,163.0
2026-07-29 04:30:00+00:00,170.0,162,170.0
2026-07-29 05:00:00+00:00,171.0,167,171.0
2026-07-29 05:30:00+00:00,164.0,175,164.0
2026-07-29 06:00:00+00:00,155.0,172,155.0
2026-07-29 06:30:00+00:00,147.0,165,147.0
2026-07-29 07:00:00+00:00,138.0,150,138.0
2026-07-29 07:30:00+00:00,122.0,135,122.0
2026-07-29 08:00:00+00:00,113.0,130,113.0
2026-07-29 08:30:00+00:00,106.0,109,106.0
2026-07-29 09:00:00+00:00,102.0,102,102.0
2026-07-29 09:30:00+00:00,97.0,97,97.0
2026-07-29 10:00:00+00:00,94.0,97,94.0
2026-07-29 10:30:00+00:00,95.0,92,95.0
2026-07-29 11:00:00+00:00,95.0,90,95.0
2026-07-29 11:30:00+00:00,100.0,90,100.0
2026-07-29 12:00:00+00:00,104.0,92,104.0
2026-07-29 12:30:00+00:00,111.0,94,111.0
2026-07-29 13:00:00+00:00,112.0,98,112.0
2026-07-29 13:30:00+00:00,117.0,111,117.0
2026-07-29 14:00:00+00:00,121.0,111,121.0
2026-07-29 14:30:00+00:00,131.0,118,131.0
2026-07-29 15:00:00+00:00,145.0,119,145.0
2026-07-29 15:30:00+00:00,156.0,132,156.0
2026-07-29 16:00:00+00:00,166.0,145,166.0
2026-07-29 16:30:00+00:00,174.0,158,174.0
2026-07-29 17:00:00+00:00,186.0,172,186.0
2026-07-29 17:30:00+00:00,195.0,183,195.0
2026-07-29 18:00:00+00:00,202.0,197,202.0
2026-07-29 18:30:00+00:00,210.0,206,210.0
2026-07-29 19:00:00+00:00,217.0,217,217.0
2026-07-29 19:30:00+00:00,210.0,223,210.0
2026-07-29 20:00:00+00:00,212.0,224,212.0
2026-07-29 20:30:00+00:00,210.0,221,210.0
2026-07-29 21:00:00+00:00,204.0,213,204.0
2026-07-29 21:30:00+00:00,190.0,203,190.0
2026-07-29 22:00:00+00:00,185.0,198,185.0
2026-07-29 22:30:00+00:00,179.0,192,179.0
2026-07-29 23:00:00+00:00,176.0,190,176.0
2026-07-29 23:30:00+00:00,175.0,187,175.0
2026-07-30 00:00:00+00:00,176.0,175,176.0
2026-07-30 00:30:00+00:00,173.0,172,173.0
2026-07-30 01:00:00+00:00,174.0,174,174.0
2026-07-30 01:30:00+00:00,165.0,169,165.0
2026-07-30 02:00:00+00:00,165.0,166,165.0
2026-07-30 02:30:00+00:00,171.0,160,171.0
2026-07-30 03:00:00+00:00,167.0,167,167.0
2026-07-30 03:30:00+00:00,165.0,161,165.0
2026-07-30 04:00:00+00:00,162.0,157,162.0
2026-07-30 04:30:00+00:00,166.0,160,166.0
2026-07-30 05:00:00+00:00,169.0,161,169.0
2026-07-30 05:30:00+00:00,162.0,161,162.0
2026-07-30 06:00:00+00:00,151.0,168,151.0
2026-07-30 06:30:00+00:00,140.0,161,140.0
2026-07-30 07:00:00+00:00,130.0,139,130.0
2026-07-30 07:30:00+00:00,114.0,125,114.0
2026-07-30 08:00:00+00:00,105.0,116,105.0
2026-07-30 08:30:00+00:00,99.0,107,99.0
2026-07-30 09:00:00+00:00,98.0,82,98.0
2026-07-30 09:30:00+00:00,92.0,78,92.0
2026-07-30 10:00:00+00:00,92.0,85,92.0
2026-07-30 10:30:00+00:00,93.0,81,93.0
2026-07-30 11:00:00+00:00,91.0,81,91.0
2026-07-30 11:30:00+00:00,88.0,72,88.0
2026-07-30 12:00:00+00:00,89.0,84,89.0
2026-07-30 12:30:00+00:00,92.0,79,92.0
2026-07-30 13:00:00+00:00,95.0,82,95.0
2026-07-30 13:30:00+00:00,92.0,82,92.0
2026-07-30 14:00:00+00:00,98.0,85,98.0
2026-07-30 14:30:00+00:00,107.0,83,107.0
2026-07-30 15:00:00+00:00,121.0,94,121.0
2026-07-30 15:30:00+00:00,135.0,97,135.0
2026-07-30 16:00:00+00:00,150.0,144,150.0
2026-07-30 16:30:00+00:00,165.0,166,165.0
2026-07-30 17:00:00+00:00,171.0,162,171.0
2026-07-30 17:30:00+00:00,183.0,178,183.0
2026-07-30 18:00:00+00:00,189.0,180,189.0
2026-07-30 18:30:00+00:00,192.0,194,192.0
2026-07-30 19:00:00+00:00,196.0,200,196.0
2026-07-30 19:30:00+00:00,192.0,206,192.0
2026-07-30 20:00:00+00:00,195.0,205,195.0
2026-07-30 20:30:00+00:00,195.0,206,195.0
2026-07-30 21:00:00+00:00,191.0,191,191.0
2026-07-30 21:30:00+00:00,194.0,188,194.0
2026-07-30 22:00:00+00:00,194.0,188,194.0
2026-07-30 22:30:00+00:00,194.0,182,194.0
2026-07-30 23:00:00+00:00,193.0,174,193.0
2026-07-30 23:30:00+00:00,190.0,168,190.0
2026-07-31 00:00:00+00:00,193.0,184,193.0
2026-07-31 00:30:00+00:00,190.0,179,190.0
2026-07-31 01:00:00+00:00,188.0,192,188.0
2026-07-31 01:30:00+00:00,186.0,187,186.0
2026-07-31 02:00:00+00:00,186.0,187,186.0
2026-07-31 02:30:00+00:00,191.0,183,191.0
2026-07-31 03:00:00+00:00,194.0,179,194.0
2026-07-31 03:30:00+00:00,201.0,183,201.0
2026-07-31 04:00:00+00:00,202.0,201,202.0
2026-07-31 04:30:00+00:00,202.0,151,202.0
2026-07-31 05:00:00+00:00,202.0,151,202.0
2026-07-31 05:30:00+00:00,190.0,135,190.0
2026-07-31 06:00:00+00:00,182.0,120,182.0
2026-07-31 06:30:00+00:00,167.0,96,167.0
2026-07-31 07:00:00+00:00,151.0,164,151.0
2026-07-31 07:30:00+00:00,130.0,148,130.0
2026-07-31 08:00:00+00:00,114.0,129,114.0
2026-07-31 08:30:00+00:00,102.0,118,102.0
2026-07-31 09:00:00+00:00,94.0,98,94.0
2026-07-31 09:30:00+00:00,87.0,89,87.0
2026-07-31 10:00:00+00:00,87.0,88,87.0
2026-07-31 10:30:00+00:00,86.0,84,86.0
2026-07-31 11:00:00+00:00,84.0,79,84.0
2026-07-31 11:30:00+00:00,85.0,74,85.0
2026-07-31 12:00:00+00:00,85.0,79,85.0
2026-07-31 12:30:00+00:00,82.0,79,82.0
2026-07-31 13:00:00+00:00,79.0,81,79.0
2026-07-31 13:30:00+00:00,78.0,82,78.0
2026-07-31 14:00:00+00:00,82.0,72,82.0
2026-07-31 14:30:00+00:00,92.0,70,92.0
2026-07-31 15:00:00+00:00,101.0,79,101.0
2026-07-31 15:30:00+00:00,120.0,84,120.0
2026-07-31 16:00:00+00:00,135.0,103,135.0
2026-07-31 16:30:00+00:00,147.0,119,147.0
2026-07-31 17:00:00+00:00,151.0,148,151.0
2026-07-31 17:30:00+00:00,153.0,161,153.0
2026-07-31 18:00:00+00:00,160.0,167,160.0
2026-07-31 18:30:00+00:00,172.0,175,172.0
2026-07-31 19:00:00+00:00,176.0,175,176.0
2026-07-31 19:30:00+00:00,183.0,180,183.0
2026-07-31 20:00:00+00:00,184.0,179,184.0
2026-07-31 20:30:00+00:00,184.0,173,184.0
2026-07-31 21:00:00+00:00,182.0,171,182.0
2026-07-31 21:30:00+00:00,176.0,161,176.0
2026-07-31 22:00:00+00:00,174.0,171,174.0
2026-07-31 22:30:00+00:00,173.0,169,173.0
2026-07-31 23:00:00+00:00,167.0,164,167.0
2026-07-31 23:30:00+00:00,166.0,156,166.0
2026-08-01 00:00:00+00:00,165.0,167,165.0
2026-08-01 00:30:00+00:00,149.0,164,149.0
2026-08-01 01:00:00+00:00,139.0,160,139.0
2026-08-01 01:30:00+00:00,129.0,157,129.0
2026-08-01 02:00:00+00:00,123.0,149,123.0
2026-08-01 02:30:00+00:00,119.0,149,119.0
2026-08-01 03:00:00+00:00,117.0,126,117.0
2026-08-01 03:30:00+00:00,121.0,124,121.0
2026-08-01 04:00:00+00:00,118.0,46,118.0
2026-08-01 04:30:00+00:00,113.0,31,113.0
2026-08-01 05:00:00+00:00,112.0,119,112.0
2026-08-01 05:30:00+00:00,112.0,119,112.0
2026-08-01 06:00:00+00:00,100.0,108,100.0
2026-08-01 06:30:00+00:00,88.0,102,88.0
2026-08-01 07:00:00+00:00,80.0,91,80.0
2026-08-01 07:30:00+00:00,70.0,83,70.0
2026-08-01 08:00:00+00:00,67.0,60,67.0
2026-08-01 08:30:00+00:00,66.0,58,66.0
2026-08-01 09:00:00+00:00,63.0,60,63.0
2026-08-01 09:30:00+00:00,64.0,59,64.0
2026-08-01 10:00:00+00:00,62.0,56,62.0
2026-08-01 10:30:00+00:00,62.0,54,62.0
2026-08-01 11:00:00+00:00,60.0,53,60.0
2026-08-01 11:30:00+00:00,61.0,53,61.0
2026-08-01 12:00:00+00:00,60.0,54,60.0
2026-08-01 12:30:00+00:00,62.0,53,62.0
2026-08-01 13:00:00+00:00,60.0,55,60.0
2026-08-01 13:30:00+00:00,58.0,54,58.0
2026-08-01 14:00:00+00:00,60.0,56,60.0
2026-08-01 14:30:00+00:00,66.0,58,66.0
2026-08-01 15:00:00+00:00,72.0,54,72.0
2026-08-01 15:30:00+00:00,84.0,53,84.0
2026-08-01 16:00:00+00:00,98.0,72,98.0
2026-08-01 16:30:00+00:00,121.0,74,121.0
2026-08-01 17:00:00+00:00,135.0,107,135.0
2026-08-01 17:30:00+00:00,147.0,118,147.0
2026-08-01 18:00:00+00:00,153.0,127,153.0
2026-08-01 18:30:00+00:00,165.0,135,165.0
2026-08-01 19:00:00+00:00,171.0,162,171.0
2026-08-01 19:30:00+00:00,173.0,164,173.0
2026-08-01 20:00:00+00:00,173.0,157,173.0
2026-08-01 20:30:00+00:00,162.0,151,162.0
2026-08-01 21:00:00+00:00,160.0,167,160.0
2026-08-01 21:30:00+00:00,161.0,169,161.0
2026-08-01 22:00:00+00:00,162.0,161,162.0
2026-08-01 22:30:00+00:00,162.0,166,162.0
2026-08-01 23:00:00+00:00,161.0,170,161.0
2026-08-01 23:30:00+00:00,158.0,175,158.0
2026-08-02 00:00:00+00:00,156.0,166,156.0
2026-08-02 00:30:00+00:00,147.0,168,147.0
2026-08-02 01:00:00+00:00,146.0,157,146.0
2026-08-02 01:30:00+00:00,149.0,157,149.0
2026-08-02 02:00:00+00:00,147.0,142,147.0
2026-08-02 02:30:00+00:00,154.0,137,154.0
2026-08-02 03:00:00+00:00,154.0,145,154.0
2026-08-02 03:30:00+00:00,161.0,146,161.0
2026-08-02 04:00:00+00:00,156.0,120,156.0
2026-08-02 04:30:00+00:00,139.0,90,139.0
2026-08-02 05:00:00+00:00,138.0,153,138.0
2026-08-02 05:30:00+00:00,134.0,156,134.0
2026-08-02 06:00:00+00:00,124.0,139,124.0
2026-08-02 06:30:00+00:00,112.0,140,112.0
2026-08-02 07:00:00+00:00,105.0,120,105.0
2026-08-02 07:30:00+00:00,97.0,119,97.0
2026-08-02 08:00:00+00:00,88.0,97,88.0
2026-08-02 08:30:00+00:00,84.0,90,84.0
2026-08-02 09:00:00+00:00,79.0,81,79.0
2026-08-02 09:30:00+00:00,77.0,77,77.0
2026-08-02 10:00:00+00:00,75.0,70,75.0
2026-08-02 10:30:00+00:00,73.0,68,73.0
2026-08-02 11:00:00+00:00,73.0,67,73.0
2026-08-02 11:30:00+00:00,71.0,63,71.0
2026-08-02 12:00:00+00:00,71.0,64,71.0
2026-08-02 12:30:00+00:00,71.0,63,71.0
2026-08-02 13:00:00+00:00,71.0,66,71.0
2026-08-02 13:30:00+00:00,74.0,66,74.0
2026-08-02 14:00:00+00:00,79.0,67,79.0
2026-08-02 14:30:00+00:00,100.0,72,100.0
2026-08-02 15:00:00+00:00,115.0,84,115.0
2026-08-02 15:30:00+00:00,130.0,90,130.0
2026-08-02 16:00:00+00:00,138.0,133,138.0
2026-08-02 16:30:00+00:00,147.0,151,147.0
2026-08-02 17:00:00+00:00,153.0,146,153.0
2026-08-02 17:30:00+00:00,162.0,156,162.0
2026-08-02 18:00:00+00:00,168.0,163,168.0
2026-08-02 18:30:00+00:00,175.0,175,175.0
2026-08-02 19:00:00+00:00,180.0,170,180.0
2026-08-02 19:30:00+00:00,178.0,169,178.0
2026-08-02 20:00:00+00:00,176.0,185,176.0
2026-08-02 20:30:00+00:00,174.0,173,174.0
2026-08-02 21:00:00+00:00,170.0,172,170.0
2026-08-02 21:30:00+00:00,162.0,158,162.0
2026-08-02 22:00:00+00:00,158.0,162,158.0
2026-08-02 22:30:00+00:00,160.0,150,160.0
2026-08-02 23:00:00+00:00,155.0,142,155.0
2026-08-02 23:30:00+00:00,152.0,142,152.0
2026-08-03 00:00:00+00:00,151.0,148,151.0
2026-08-03 00:30:00+00:00,150.0,142,150.0
2026-08-03 01:00:00+00:00,145.0,150,145.0
2026-08-03 01:30:00+00:00,136.0,149,136.0
2026-08-03 02:00:00+00:00,132.0,146,132.0
2026-08-03 02:30:00+00:00,135.0,153,135.0
2026-08-03 03:00:00+00:00,137.0,121,137.0
2026-08-03 03:30:00+00:00,150.0,116,150.0
2026-08-03 04:00:00+00:00,148.0,121,148.0
2026-08-03 04:30:00+00:00,150.0,125,150.0
2026-08-03 05:00:00+00:00,146.0,149,146.0
2026-08-03 05:30:00+00:00,134.0,163,134.0
2026-08-03 06:00:00+00:00,130.0,141,130.0
2026-08-03 06:30:00+00:00,117.0,134,117.0
2026-08-03 07:00:00+00:00,108.0,123,108.0
2026-08-03 07:30:00+00:00,98.0,116,98.0
2026-08-03 08:00:00+00:00,85.0,98,85.0
2026-08-03 08:30:00+00:00,73.0,83,73.0
2026-08-03 09:00:00+00:00,67.0,75,67.0
2026-08-03 09:30:00+00:00,64.0,72,64.0
2026-08-03 10:00:00+00:00,61.0,59,61.0
2026-08-03 10:30:00+00:00,60.0,59,60.0
2026-08-03 11:00:00+00:00,58.0,56,58.0
2026-08-03 11:30:00+00:00,58.0,54,58.0
2026-08-03 12:00:00+00:00,58.0,53,58.0
2026-08-03 12:30:00+00:00,60.0,51,60.0
2026-08-03 13:00:00+00:00,63.0,55,63.0
2026-08-03 13:30:00+00:00,63.0,56,63.0
2026-08-03 14:00:00+00:00,68.0,59,68.0
2026-08-03 14:30:00+00:00,83.0,62,83.0
2026-08-03 15:00:00+00:00,98.0,77,98.0
2026-08-03 15:30:00+00:00,118.0,85,118.0
2026-08-03 16:00:00+00:00,129.0,104,129.0
2026-08-03 16:30:00+00:00,134.0,111,134.0
2026-08-03 17:00:00+00:00,143.0,118,143.0
2026-08-03 17:30:00+00:00,154.0,125,154.0
2026-08-03 18:00:00+00:00,159.0,142,159.0
2026-08-03 18:30:00+00:00,167.0,150,167.0
2026-08-03 19:00:00+00:00,170.0,155,170.0
2026-08-03 19:30:00+00:00,175.0,154,175.0
2026-08-03 20:00:00+00:00,172.0,170,172.0
2026-08-03 20:30:00+00:00,165.0,168,165.0
2026-08-03 21:00:00+00:00,167.0,169,167.0
2026-08-03 21:30:00+00:00,161.0,161,161.0
2026-08-03 22:00:00+00:00,156.0,158,156.0
2026-08-03 22:30:00+00:00,152.0,149,152.0
2026-08-03 23:00:00+00:00,158.0,146,158.0
2026-08-03 23:30:00+00:00,158.0,141,158.0
2026-08-04 00:00:00+00:00,167.0,158,167.0
2026-08-04 00:30:00+00:00,169.0,157,169.0
2026-08-04 01:00:00+00:00,170.0,155,170.0
2026-08-04 01:30:00+00:00,167.0,153,167.0
2026-08-04 02:00:00+00:00,165.0,162,165.0
2026-08-04 02:30:00+00:00,169.0,159,169.0
2026-08-04 03:00:00+00:00,173.0,161,173.0
2026-08-04 03:30:00+00:00,175.0,153,175.0
2026-08-04 04:00:00+00:00,176.0,94,176.0
2026-08-04 04:30:00+00:00,171.0,83,171.0
2026-08-04 05:00:00+00:00,172.0,165,172.0
2026-08-04 05:30:00+00:00,160.0,174,160.0
2026-08-04 06:00:00+00:00,153.0,160,153.0
2026-08-04 06:30:00+00:00,148.0,156,148.0
2026-08-04 07:00:00+00:00,139.0,138,139.0
2026-08-04 07:30:00+00:00,127.0,127,127.0
2026-08-04 08:00:00+00:00,122.0,120,122.0
2026-08-04 08:30:00+00:00,112.0,93,112.0
2026-08-04 09:00:00+00:00,105.0,106,105.0
2026-08-04 09:30:00+00:00,101.0,97,101.0
2026-08-04 10:00:00+00:00,98.0,96,98.0
2026-08-04 10:30:00+00:00,96.0,91,96.0
2026-08-04 11:00:00+00:00,91.0,91,91.0
2026-08-04 11:30:00+00:00,89.0,81,89.0
2026-08-04 12:00:00+00:00,87.0,80,87.0
2026-08-04 12:30:00+00:00,89.0,80,89.0
2026-08-04 13:00:00+00:00,87.0,83,87.0
2026-08-04 13:30:00+00:00,86.0,82,86.0
2026-08-04 14:00:00+00:00,84.0,77,84.0
2026-08-04 14:30:00+00:00,79.0,74,79.0
2026-08-04 15:00:00+00:00,88.0,79,88.0
2026-08-04 15:30:00+00:00,100.0,80,100.0
2026-08-04 16:00:00+00:00,104.0,100,104.0
2026-08-04 16:30:00+00:00,116.0,116,116.0
2026-08-04 17:00:00+00:00,121.0,107,121.0
2026-08-04 17:30:00+00:00,134.0,112,134.0
2026-08-04 18:00:00+00:00,139.0,126,139.0
2026-08-04 18:30:00+00:00,140.0,131,140.0
2026-08-04 19:00:00+00:00,137.0,137,137.0
2026-08-04 19:30:00+00:00,136.0,132,136.0
2026-08-04 20:00:00+00:00,130.0,130,130.0
2026-08-04 20:30:00+00:00,133.0,128,133.0
2026-08-04 21:00:00+00:00,130.0,122,130.0
2026-08-04 21:30:00+00:00,117.0,114,117.0
2026-08-04 22:00:00+00:00,115.0,122,115.0
2026-08-04 22:30:00+00:00,106.0,116,106.0
2026-08-04 23:00:00+00:00,105.0,115,105.0
2026-08-04 23:30:00+00:00,96.0,107,96.0
2026-08-05 00:00:00+00:00,94.0,96,94.0
2026-08-05 00:30:00+00:00,89.0,87,89.0
2026-08-05 01:00:00+00:00,86.0,89,86.0
2026-08-05 01:30:00+00:00,76.0,84,76.0
2026-08-05 02:00:00+00:00,67.0,80,67.0
2026-08-05 02:30:00+00:00,58.0,79,58.0
2026-08-05 03:00:00+00:00,55.0,66,55.0
2026-08-05 03:30:00+00:00,55.0,65,55.0
2026-08-05 04:00:00+00:00,57.0,48,57.0
2026-08-05 04:30:00+00:00,56.0,36,56.0
2026-08-05 05:00:00+00:00,59.0,54,59.0
2026-08-05 05:30:00+00:00,57.0,55,57.0
2026-08-05 06:00:00+00:00,56.0,52,56.0
2026-08-05 06:30:00+00:00,61.0,49,61.0
2026-08-05 07:00:00+00:00,60.0,48,60.0
2026-08-05 07:30:00+00:00,58.0,47,58.0
2026-08-05 08:00:00+00:00,54.0,47,54.0
2026-08-05 08:30:00+00:00,50.0,46,50.0
2026-08-05 09:00:00+00:00,49.0,46,49.0
2026-08-05 09:30:00+00:00,47.0,45,47.0
2026-08-05 10:00:00+00:00,46.0,43,46.0
2026-08-05 10:30:00+00:00,47.0,43,47.0
2026-08-05 11:00:00+00:00,45.0,42,45.0
2026-08-05 11:30:00+00:00,43.0,42,43.0
2026-08-05 12:00:00+00:00,42.0,40,42.0
2026-08-05 12:30:00+00:00,41.0,39,41.0
2026-08-05 13:00:00+00:00,41.0,36,41.0
2026-08-05 13:30:00+00:00,37.0,34,37.0
2026-08-05 14:00:00+00:00,40.0,36,40.0
2026-08-05 14:30:00+00:00,40.0,33,40.0
2026-08-05 15:00:00+00:00,41.0,37,41.0
2026-08-05 15:30:00+00:00,43.0,36,43.0
2026-08-05 16:00:00+00:00,44.0,41,44.0
2026-08-05 16:30:00+00:00,53.0,43,53.0
2026-08-05 17:00:00+00:00,59.0,43,59.0
2026-08-05 17:30:00+00:00,72.0,43,72.0
2026-08-05 18:00:00+00:00,79.0,53,79.0
2026-08-05 18:30:00+00:00,86.0,53,86.0
2026-08-05 19:00:00+00:00,95.0,78,95.0
2026-08-05 19:30:00+00:00,99.0,81,99.0
2026-08-05 20:00:00+00:00,104.0,87,104.0
2026-08-05 20:30:00+00:00,103.0,85,103.0
2026-08-05 21:00:00+00:00,100.0,94,100.0
2026-08-05 21:30:00+00:00,97.0,92,97.0
2026-08-05 22:00:00+00:00,95.0,95,95.0
2026-08-05 22:30:00+00:00,89.0,97,89.0
2026-08-05 23:00:00+00:00,87.0,97,87.0
2026-08-05 23:30:00+00:00,83.0,98,83.0
2026-08-06 00:00:00+00:00,78.0,81,78.0
2026-08-06 00:30:00+00:00,65.0,81,65.0
2026-08-06 01:00:00+00:00,66.0,75,66.0
2026-08-06 01:30:00+00:00,64.0,74,64.0
2026-08-06 02:00:00+00:00,60.0,64,60.0
2026-08-06 02:30:00+00:00,56.0,64,56.0
2026-08-06 03:00:00+00:00,55.0,57,55.0
2026-08-06 03:30:00+00:00,59.0,56,59.0
2026-08-06 04:00:00+00:00,62.0,53,62.0
2026-08-06 04:30:00+00:00,66.0,49,66.0
2026-08-06 05:00:00+00:00,72.0,57,72.0
2026-08-06 05:30:00+00:00,67.0,59,67.0
2026-08-06 06:00:00+00:00,66.0,57,66.0
2026-08-06 06:30:00+00:00,69.0,55,69.0
2026-08-06 07:00:00+00:00,66.0,63,66.0
2026-08-06 07:30:00+00:00,65.0,64,65.0
2026-08-06 08:00:00+00:00,65.0,60,65.0
2026-08-06 08:30:00+00:00,62.0,57,62.0
2026-08-06 09:00:00+00:00,64.0,60,64.0
2026-08-06 09:30:00+00:00,63.0,61,63.0
2026-08-06 10:00:00+00:00,61.0,62,61.0
2026-08-06 10:30:00+00:00,34.0,62,34.0
2026-08-06 11:00:00+00:00,0.0,62,0.0
2026-08-06 11:30:00+00:00,41.0,64,41.0
2026-08-06 12:00:00+00:00,56.0,69,56.0
2026-08-06 12:30:00+00:00,65.0,72,65.0
2026-08-06 13:00:00+00:00,72.0,74,72.0
2026-08-06 13:30:00+00:00,77.0,77,77.0
2026-08-06 14:00:00+00:00,81.0,85,81.0
2026-08-06 14:30:00+00:00,91.0,93,91.0
2026-08-06 15:00:00+00:00,103.0,108,103.0
2026-08-06 15:30:00+00:00,125.0,124,125.0
2026-08-06 16:00:00+00:00,140.0,136,140.0
2026-08-06 16:30:00+00:00,155.0,152,155.0
2026-08-06 17:00:00+00:00,163.0,158,163.0
2026-08-06 17:30:00+00:00,172.0,162,172.0
2026-08-06 18:00:00+00:00,179.0,168,179.0
2026-08-06 18:30:00+00:00,191.0,176,191.0
2026-08-06 19:00:00+00:00,198.0,184,198.0
2026-08-06 19:30:00+00:00,203.0,186,203.0
2026-08-06 20:00:00+00:00,201.0,186,201.0
2026-08-06 20:30:00+00:00,194.0,181,194.0
2026-08-06 21:00:00+00:00,190.0,178,190.0
2026-08-06 21:30:00+00:00,181.0,169,181.0
2026-08-06 22:00:00+00:00,176.0,164,176.0
2026-08-06 22:30:00+00:00,179.0,157,179.0
2026-08-06 23:00:00+00:00,173.0,155,173.0
2026-08-06 23:30:00+00:00,158.0,153,158.0
2026-08-07 00:00:00+00:00,153.0,149,153.0
2026-08-07 00:30:00+00:00,150.0,146,150.0
2026-08-07 01:00:00+00:00,150.0,136,150.0
2026-08-07 01:30:00+00:00,156.0,138,156.0
2026-08-07 02:00:00+00:00,152.0,135,152.0
2026-08-07 02:30:00+00:00,159.0,132,159.0
2026-08-07 03:00:00+00:00,159.0,123,159.0
2026-08-07 03:30:00+00:00,162.0,126,162.0
2026-08-07 04:00:00+00:00,161.0,123,161.0
2026-08-07 04:30:00+00:00,158.0,120,158.0
2026-08-07 05:00:00+00:00,158.0,118,158.0
2026-08-07 05:30:00+00:00,133.0,118,133.0
2026-08-07 06:00:00+00:00,122.0,114,122.0
2026-08-07 06:30:00+00:00,113.0,109,113.0
2026-08-07 07:00:00+00:00,103.0,105,103.0
2026-08-07 07:30:00+00:00,91.0,92,91.0
2026-08-07 08:00:00+00:00,86.0,74,86.0
2026-08-07 08:30:00+00:00,79.0,57,79.0
2026-08-07 09:00:00+00:00,74.0,54,74.0
2026-08-07 09:30:00+00:00,74.0,51,74.0
2026-08-07 10:00:00+00:00,71.0,50,71.0
2026-08-07 10:30:00+00:00,73.0,44,73.0
2026-08-07 11:00:00+00:00,72.0,43,72.0
2026-08-07 11:30:00+00:00,71.0,44,71.0
2026-08-07 12:00:00+00:00,69.0,76,69.0
2026-08-07 12:30:00+00:00,68.0,79,68.0
2026-08-07 13:00:00+00:00,65.0,63,65.0
2026-08-07 13:30:00+00:00,63.0,63,63.0
2026-08-07 14:00:00+00:00,67.0,64,67.0
2026-08-07 14:30:00+00:00,74.0,68,74.0
2026-08-07 15:00:00+00:00,81.0,63,81.0
2026-08-07 15:30:00+00:00,99.0,71,99.0
2026-08-07 16:00:00+00:00,113.0,90,113.0
2026-08-07 16:30:00+00:00,131.0,111,131.0
2026-08-07 17:00:00+00:00,147.0,128,147.0
2026-08-07 17:30:00+00:00,168.0,152,168.0
2026-08-07 18:00:00+00:00,180.0,168,180.0
2026-08-07 18:30:00+00:00,189.0,178,189.0
2026-08-07 19:00:00+00:00,184.0,189,184.0
2026-08-07 19:30:00+00:00,182.0,190,182.0
2026-08-07 20:00:00+00:00,180.0,189,180.0
2026-08-07 20:30:00+00:00,176.0,183,176.0
2026-08-07 21:00:00+00:00,171.0,178,171.0
2026-08-07 21:30:00+00:00,155.0,159,155.0
2026-08-07 22:00:00+00:00,148.0,168,148.0
2026-08-07 22:30:00+00:00,143.0,161,143.0
2026-08-07 23:00:00+00:00,136.0,162,136.0
2026-08-07 23:30:00+00:00,123.0,161,123.0
2026-08-08 00:00:00+00:00,120.0,139,120.0
2026-08-08 00:30:00+00:00,123.0,137,123.0
2026-08-08 01:00:00+00:00,120.0,116,120.0
2026-08-08 01:30:00+00:00,121.0,114,121.0
2026-08-08 02:00:00+00:00,121.0,117,121.0
2026-08-08 02:30:00+00:00,120.0,110,120.0
2026-08-08 03:00:00+00:00,120.0,123,120.0
2026-08-08 03:30:00+00:00,120.0,123,120.0
2026-08-08 04:00:00+00:00,119.0,118,119.0
2026-08-08 04:30:00+00:00,103.0,114,103.0
2026-08-08 05:00:00+00:00,103.0,115,103.0
2026-08-08 05:30:00+00:00,105.0,113,105.0
2026-08-08 06:00:00+00:00,92.0,101,92.0
2026-08-08 06:30:00+00:00,88.0,97,88.0
2026-08-08 07:00:00+00:00,84.0,82,84.0
2026-08-08 07:30:00+00:00,78.0,74,78.0
2026-08-08 08:00:00+00:00,67.0,75,67.0
2026-08-08 08:30:00+00:00,64.0,72,64.0
2026-08-08 09:00:00+00:00,60.0,62,60.0
2026-08-08 09:30:00+00:00,57.0,60,57.0
2026-08-08 10:00:00+00:00,54.0,52,54.0
2026-08-08 10:30:00+00:00,52.0,49,52.0
2026-08-08 11:00:00+00:00,51.0,48,51.0
2026-08-08 11:30:00+00:00,51.0,47,51.0
2026-08-08 12:00:00+00:00,50.0,45,50.0
2026-08-08 12:30:00+00:00,53.0,44,53.0
2026-08-08 13:00:00+00:00,52.0,42,52.0
2026-08-08 13:30:00+00:00,54.0,38,54.0
2026-08-08 14:00:00+00:00,55.0,39,55.0
2026-08-08 14:30:00+00:00,51.0,35,51.0
2026-08-08 15:00:00+00:00,60.0,40,60.0
2026-08-08 15:30:00+00:00,68.0,40,68.0
2026-08-08 16:00:00+00:00,78.0,60,78.0
2026-08-08 16:30:00+00:00,104.0,65,104.0
2026-08-08 17:00:00+00:00,115.0,84,115.0
2026-08-08 17:30:00+00:00,124.0,93,124.0
2026-08-08 18:00:00+00:00,127.0,118,127.0
2026-08-08 18:30:00+00:00,125.0,127,125.0
2026-08-08 19:00:00+00:00,129.0,126,129.0
2026-08-08 19:30:00+00:00,132.0,121,132.0
2026-08-08 20:00:00+00:00,129.0,127,129.0
2026-08-08 20:30:00+00:00,125.0,135,125.0
2026-08-08 21:00:00+00:00,123.0,129,123.0
2026-08-08 21:30:00+00:00,110.0,130,110.0
2026-08-08 22:00:00+00:00,105.0,121,105.0
2026-08-08 22:30:00+00:00,94.0,120,94.0
2026-08-08 23:00:00+00:00,87.0,119,87.0
2026-08-08 23:30:00+00:00,72.0,121,72.0
2026-08-09 00:00:00+00:00,70.0,91,70.0
2026-08-09 00:30:00+00:00,71.0,95,71.0
2026-08-09 01:00:00+00:00,71.0,71,71.0
2026-08-09 01:30:00+00:00,71.0,72,71.0
2026-08-09 02:00:00+00:00,70.0,78,70.0
2026-08-09 02:30:00+00:00,72.0,86,72.0
2026-08-09 03:00:00+00:00,74.0,67,74.0
2026-08-09 03:30:00+00:00,85.0,70,85.0
2026-08-09 04:00:00+00:00,79.0,68,79.0
2026-08-09 04:30:00+00:00,76.0,56,76.0
2026-08-09 05:00:00+00:00,77.0,71,77.0
2026-08-09 05:30:00+00:00,80.0,73,80.0
2026-08-09 06:00:00+00:00,80.0,82,80.0
2026-08-09 06:30:00+00:00,76.0,84,76.0
2026-08-09 07:00:00+00:00,73.0,73,73.0
2026-08-09 07:30:00+00:00,74.0,68,74.0
2026-08-09 08:00:00+00:00,71.0,65,71.0
2026-08-09 08:30:00+00:00,65.0,59,65.0
2026-08-09 09:00:00+00:00,62.0,63,62.0
2026-08-09 09:30:00+00:00,60.0,59,60.0
2026-08-09 10:00:00+00:00,58.0,58,58.0
2026-08-09 10:30:00+00:00,57.0,59,57.0
2026-08-09 11:00:00+00:00,56.0,52,56.0
2026-08-09 11:30:00+00:00,54.0,49,54.0
2026-08-09 12:00:00+00:00,54.0,49,54.0
2026-08-09 12:30:00+00:00,57.0,51,57.0
2026-08-09 13:00:00+00:00,57.0,51,57.0
2026-08-09 13:30:00+00:00,63.0,54,63.0
2026-08-09 14:00:00+00:00,66.0,56,66.0
2026-08-09 14:30:00+00:00,73.0,58,73.0
2026-08-09 15:00:00+00:00,87.0,64,87.0
2026-08-09 15:30:00+00:00,101.0,66,101.0
2026-08-09 16:00:00+00:00,119.0,76,119.0
2026-08-09 16:30:00+00:00,140.0,102,140.0
2026-08-09 17:00:00+00:00,149.0,125,149.0
2026-08-09 17:30:00+00:00,160.0,134,160.0
2026-08-09 18:00:00+00:00,170.0,156,170.0
2026-08-09 18:30:00+00:00,174.0,161,174.0
2026-08-09 19:00:00+00:00,174.0,173,174.0
2026-08-09 19:30:00+00:00,171.0,174,171.0
2026-08-09 20:00:00+00:00,168.0,175,168.0
2026-08-09 20:30:00+00:00,167.0,173,167.0
2026-08-09 21:00:00+00:00,162.0,166,162.0
2026-08-09 21:30:00+00:00,157.0,162,157.0
2026-08-09 22:00:00+00:00,154.0,154,154.0
2026-08-09 22:30:00+00:00,152.0,150,152.0
2026-08-09 23:00:00+00:00,148.0,145,148.0
2026-08-09 23:30:00+00:00,144.0,137,144.0
2026-08-10 00:00:00+00:00,139.0,144,139.0
2026-08-10 00:30:00+00:00,139.0,137,139.0
2026-08-10 01:00:00+00:00,138.0,139,138.0
2026-08-10 01:30:00+00:00,143.0,137,143.0
2026-08-10 02:00:00+00:00,141.0,130,141.0
2026-08-10 02:30:00+00:00,141.0,112,141.0
2026-08-10 03:00:00+00:00,145.0,139,145.0
2026-08-10 03:30:00+00:00,155.0,142,155.0
2026-08-10 04:00:00+00:00,158.0,149,158.0
2026-08-10 04:30:00+00:00,166.0,149,166.0
2026-08-10 05:00:00+00:00,170.0,163,170.0
2026-08-10 05:30:00+00:00,157.0,169,157.0
2026-08-10 06:00:00+00:00,151.0,166,151.0
2026-08-10 06:30:00+00:00,133.0,162,133.0
2026-08-10 07:00:00+00:00,128.0,136,128.0
2026-08-10 07:30:00+00:00,113.0,120,113.0
2026-08-10 08:00:00+00:00,100.0,117,100.0
2026-08-10 08:30:00+00:00,86.0,101,86.0
2026-08-10 09:00:00+00:00,82.0,91,82.0
2026-08-10 09:30:00+00:00,76.0,84,76.0
2026-08-10 10:00:00+00:00,71.0,78,71.0
2026-08-10 10:30:00+00:00,69.0,73,69.0
2026-08-10 11:00:00+00:00,68.0,67,68.0
2026-08-10 11:30:00+00:00,67.0,66,67.0
2026-08-10 12:00:00+00:00,67.0,65,67.0
2026-08-10 12:30:00+00:00,67.0,69,67.0
2026-08-10 13:00:00+00:00,68.0,67,68.0
2026-08-10 13:30:00+00:00,76.0,74,76.0
2026-08-10 14:00:00+00:00,84.0,76,84.0
2026-08-10 14:30:00+00:00,95.0,82,95.0
2026-08-10 15:00:00+00:00,110.0,85,110.0
2026-08-10 15:30:00+00:00,134.0,93,134.0
2026-08-10 16:00:00+00:00,150.0,132,150.0
2026-08-10 16:30:00+00:00,160.0,149,160.0
2026-08-10 17:00:00+00:00,169.0,165,169.0
2026-08-10 17:30:00+00:00,179.0,177,179.0
2026-08-10 18:00:00+00:00,186.0,189,186.0
2026-08-10 18:30:00+00:00,191.0,198,191.0
2026-08-10 19:00:00+00:00,195.0,202,195.0
2026-08-10 19:30:00+00:00,204.0,205,204.0
2026-08-10 20:00:00+00:00,204.0,204,204.0
2026-08-10 20:30:00+00:00,206.0,206,206.0
2026-08-10 21:00:00+00:00,204.0,214,204.0
2026-08-10 21:30:00+00:00,191.0,210,191.0
2026-08-10 22:00:00+00:00,189.0,210,189.0
2026-08-10 22:30:00+00:00,177.0,206,177.0
2026-08-10 23:00:00+00:00,174.0,202,174.0
2026-08-10 23:30:00+00:00,169.0,204,169.0
2026-08-11 00:00:00+00:00,168.0,172,168.0
2026-08-11 00:30:00+00:00,169.0,173,169.0
2026-08-11 01:00:00+00:00,170.0,174,170.0
2026-08-11 01:30:00+00:00,167.0,173,167.0
2026-08-11 02:00:00+00:00,166.0,170,166.0
2026-08-11 02:30:00+00:00,170.0,165,170.0
2026-08-11 03:00:00+00:00,169.0,159,169.0
2026-08-11 03:30:00+00:00,162.0,154,162.0
2026-08-11 04:00:00+00:00,161.0,134,161.0
2026-08-11 04:30:00+00:00,164.0,108,164.0
2026-08-11 05:00:00+00:00,165.0,165,165.0
2026-08-11 05:30:00+00:00,157.0,165,157.0
2026-08-11 06:00:00+00:00,148.0,155,148.0
2026-08-11 06:30:00+00:00,137.0,153,137.0
2026-08-11 07:00:00+00:00,124.0,139,124.0
2026-08-11 07:30:00+00:00,106.0,131,106.0
2026-08-11 08:00:00+00:00,93.0,110,93.0
2026-08-11 08:30:00+00:00,74.0,99,74.0
2026-08-11 09:00:00+00:00,66.0,81,66.0
2026-08-11 09:30:00+00:00,61.0,76,61.0
2026-08-11 10:00:00+00:00,57.0,61,57.0
2026-08-11 10:30:00+00:00,56.0,61,56.0
2026-08-11 11:00:00+00:00,54.0,52,54.0
2026-08-11 11:30:00+00:00,53.0,52,53.0
2026-08-11 12:00:00+00:00,52.0,49,52.0
2026-08-11 12:30:00+00:00,53.0,49,53.0
2026-08-11 13:00:00+00:00,52.0,48,52.0
2026-08-11 13:30:00+00:00,53.0,50,53.0
2026-08-11 14:00:00+00:00,54.0,52,54.0
2026-08-11 14:30:00+00:00,57.0,55,57.0
2026-08-11 15:00:00+00:00,71.0,53,71.0
2026-08-11 15:30:00+00:00,97.0,61,97.0
2026-08-11 16:00:00+00:00,109.0,74,109.0
2026-08-11 16:30:00+00:00,126.0,79,126.0
2026-08-11 17:00:00+00:00,136.0,114,136.0
2026-08-11 17:30:00+00:00,152.0,127,152.0
2026-08-11 18:00:00+00:00,160.0,141,160.0
2026-08-11 18:30:00+00:00,163.0,148,163.0
2026-08-11 19:00:00+00:00,164.0,156,164.0
2026-08-11 19:30:00+00:00,161.0,154,161.0
2026-08-11 20:00:00+00:00,158.0,157,158.0
2026-08-11 20:30:00+00:00,157.0,155,157.0
2026-08-11 21:00:00+00:00,150.0,153,150.0
2026-08-11 21:30:00+00:00,148.0,145,148.0
2026-08-11 22:00:00+00:00,140.0,147,140.0
2026-08-11 22:30:00+00:00,132.0,141,132.0
2026-08-11 23:00:00+00:00,129.0,133,129.0
2026-08-11 23:30:00+00:00,129.0,125,129.0
2026-08-12 00:00:00+00:00,129.0,120,129.0
2026-08-12 00:30:00+00:00,125.0,115,125.0
2026-08-12 01:00:00+00:00,121.0,128,121.0
2026-08-12 01:30:00+00:00,124.0,121,124.0
2026-08-12 02:00:00+00:00,121.0,111,121.0
2026-08-12 02:30:00+00:00,117.0,102,117.0
2026-08-12 03:00:00+00:00,122.0,115,122.0
2026-08-12 03:30:00+00:00,129.0,124,129.0
2026-08-12 04:00:00+00:00,131.0,120,131.0
2026-08-12 04:30:00+00:00,137.0,84,137.0
2026-08-12 05:00:00+00:00,141.0,129,141.0
2026-08-12 05:30:00+00:00,119.0,130,119.0
2026-08-12 06:00:00+00:00,117.0,132,117.0
2026-08-12 06:30:00+00:00,97.0,120,97.0
2026-08-12 07:00:00+00:00,92.0,105,92.0
2026-08-12 07:30:00+00:00,79.0,98,79.0
2026-08-12 08:00:00+00:00,73.0,80,73.0
2026-08-12 08:30:00+00:00,68.0,74,68.0
2026-08-12 09:00:00+00:00,64.0,65,64.0
2026-08-12 09:30:00+00:00,63.0,63,63.0
2026-08-12 10:00:00+00:00,61.0,58,61.0
2026-08-12 10:30:00+00:00,58.0,60,58.0
2026-08-12 11:00:00+00:00,59.0,59,59.0
2026-08-12 11:30:00+00:00,58.0,59,58.0
2026-08-12 12:00:00+00:00,58.0,55,58.0
2026-08-12 12:30:00+00:00,62.0,57,62.0
2026-08-12 13:00:00+00:00,63.0,55,63.0
2026-08-12 13:30:00+00:00,68.0,59,68.0
2026-08-12 14:00:00+00:00,73.0,62,73.0
2026-08-12 14:30:00+00:00,90.0,64,90.0
2026-08-12 15:00:00+00:00,111.0,80,111.0
2026-08-12 15:30:00+00:00,146.0,95,146.0
2026-08-12 16:00:00+00:00,161.0,109,161.0
2026-08-12 16:30:00+00:00,165.0,119,165.0
2026-08-12 17:00:00+00:00,177.0,173,177.0
2026-08-12 17:30:00+00:00,188.0,192,188.0
2026-08-12 18:00:00+00:00,194.0,196,194.0
2026-08-12 18:30:00+00:00,191.0,190,191.0
2026-08-12 19:00:00+00:00,197.0,193,197.0
2026-08-12 19:30:00+00:00,200.0,191,200.0
2026-08-12 20:00:00+00:00,200.0,202,200.0
2026-08-12 20:30:00+00:00,205.0,193,205.0
2026-08-12 21:00:00+00:00,204.0,195,204.0
2026-08-12 21:30:00+00:00,195.0,184,195.0
2026-08-12 22:00:00+00:00,194.0,203,194.0
2026-08-12 22:30:00+00:00,188.0,205,188.0
2026-08-12 23:00:00+00:00,190.0,204,190.0
2026-08-12 23:30:00+00:00,189.0,201,189.0
2026-08-13 00:00:00+00:00,189.0,186,189.0
2026-08-13 00:30:00+00:00,191.0,190,191.0
2026-08-13 01:00:00+00:00,195.0,188,195.0
2026-08-13 01:30:00+00:00,205.0,188,205.0
2026-08-13 02:00:00+00:00,209.0,196,209.0
2026-08-13 02:30:00+00:00,217.0,170,217.0
2026-08-13 03:00:00+00:00,219.0,213,219.0
2026-08-13 03:30:00+00:00,222.0,208,222.0
2026-08-13 04:00:00+00:00,224.0,160,224.0
2026-08-13 04:30:00+00:00,221.0,154,221.0
2026-08-13 05:00:00+00:00,223.0,226,223.0
2026-08-13 05:30:00+00:00,206.0,228,206.0
2026-08-13 06:00:00+00:00,199.0,213,199.0
2026-08-13 06:30:00+00:00,192.0,199,192.0
2026-08-13 07:00:00+00:00,185.0,195,185.0
2026-08-13 07:30:00+00:00,170.0,181,170.0
2026-08-13 08:00:00+00:00,159.0,171,159.0
2026-08-13 08:30:00+00:00,149.0,158,149.0
2026-08-13 09:00:00+00:00,141.0,143,141.0
2026-08-13 09:30:00+00:00,135.0,134,135.0
2026-08-13 10:00:00+00:00,131.0,125,131.0
2026-08-13 10:30:00+00:00,130.0,123,130.0
2026-08-13 11:00:00+00:00,127.0,115,127.0
2026-08-13 11:30:00+00:00,126.0,112,126.0
2026-08-13 12:00:00+00:00,125.0,125,125.0
2026-08-13 12:30:00+00:00,124.0,128,124.0
2026-08-13 13:00:00+00:00,125.0,127,125.0
2026-08-13 13:30:00+00:00,130.0,128,130.0
2026-08-13 14:00:00+00:00,135.0,129,135.0
2026-08-13 14:30:00+00:00,142.0,135,142.0
2026-08-13 15:00:00+00:00,154.0,147,154.0
2026-08-13 15:30:00+00:00,167.0,169,167.0
2026-08-13 16:00:00+00:00,177.0,170,177.0
2026-08-13 16:30:00+00:00,188.0,181,188.0
2026-08-13 17:00:00+00:00,197.0,194,197.0
2026-08-13 17:30:00+00:00,201.0,203,201.0
2026-08-13 18:00:00+00:00,208.0,213,208.0
2026-08-13 18:30:00+00:00,214.0,223,214.0
2026-08-13 19:00:00+00:00,217.0,227,217.0
2026-08-13 19:30:00+00:00,213.0,229,213.0
2026-08-13 20:00:00+00:00,218.0,232,218.0
2026-08-13 20:30:00+00:00,223.0,232,223.0
2026-08-13 21:00:00+00:00,223.0,229,223.0
2026-08-13 21:30:00+00:00,234.0,223,234.0
2026-08-13 22:00:00+00:00,232.0,229,232.0
2026-08-13 22:30:00+00:00,222.0,171,222.0
2026-08-13 23:00:00+00:00,218.0,198,218.0
2026-08-13 23:30:00+00:00,218.0,215,218.0
2026-08-14 00:00:00+00:00,217.0,218,217.0
2026-08-14 00:30:00+00:00,212.0,212,212.0
2026-08-14 01:00:00+00:00,211.0,215,211.0
2026-08-14 01:30:00+00:00,216.0,210,216.0
2026-08-14 02:00:00+00:00,215.0,205,215.0
2026-08-14 02:30:00+00:00,215.0,187,215.0
2026-08-14 03:00:00+00:00,217.0,216,217.0
2026-08-14 03:30:00+00:00,215.0,209,215.0
2026-08-14 04:00:00+00:00,213.0,134,213.0
2026-08-14 04:30:00+00:00,208.0,83,208.0
2026-08-14 05:00:00+00:00,206.0,214,206.0
2026-08-14 05:30:00+00:00,193.0,214,193.0
2026-08-14 06:00:00+00:00,187.0,206,187.0
2026-08-14 06:30:00+00:00,169.0,201,169.0
2026-08-14 07:00:00+00:00,159.0,178,159.0
2026-08-14 07:30:00+00:00,143.0,163,143.0
2026-08-14 08:00:00+00:00,131.0,148,131.0
2026-08-14 08:30:00+00:00,117.0,133,117.0
2026-08-14 09:00:00+00:00,110.0,117,110.0
2026-08-14 09:30:00+00:00,103.0,111,103.0
2026-08-14 10:00:00+00:00,102.0,106,102.0
2026-08-14 10:30:00+00:00,98.0,104,98.0
2026-08-14 11:00:00+00:00,95.0,98,95.0
2026-08-14 11:30:00+00:00,94.0,98,94.0
2026-08-14 12:00:00+00:00,93.0,88,93.0
2026-08-14 12:30:00+00:00,94.0,92,94.0
2026-08-14 13:00:00+00:00,96.0,93,96.0
2026-08-14 13:30:00+00:00,102.0,98,102.0
2026-08-14 14:00:00+00:00,107.0,102,107.0
2026-08-14 14:30:00+00:00,124.0,107,124.0
2026-08-14 15:00:00+00:00,135.0,116,135.0
2026-08-14 15:30:00+00:00,153.0,130,153.0
2026-08-14 16:00:00+00:00,167.0,159,167.0
2026-08-14 16:30:00+00:00,174.0,184,174.0
2026-08-14 17:00:00+00:00,185.0,175,185.0
2026-08-14 17:30:00+00:00,196.0,186,196.0
2026-08-14 18:00:00+00:00,201.0,199,201.0
2026-08-14 18:30:00+00:00,203.0,206,203.0
2026-08-14 19:00:00+00:00,204.0,212,204.0
2026-08-14 19:30:00+00:00,206.0,214,206.0
2026-08-14 20:00:00+00:00,205.0,214,205.0
2026-08-14 20:30:00+00:00,206.0,215,206.0
2026-08-14 21:00:00+00:00,201.0,213,201.0
2026-08-14 21:30:00+00:00,190.0,205,190.0
2026-08-14 22:00:00+00:00,185.0,197,185.0
2026-08-14 22:30:00+00:00,183.0,197,183.0
2026-08-14 23:00:00+00:00,177.0,193,177.0
2026-08-14 23:30:00+00:00,169.0,178,169.0
2026-08-15 00:00:00+00:00,164.0,176,164.0
2026-08-15 00:30:00+00:00,166.0,171,166.0
2026-08-15 01:00:00+00:00,156.0,162,156.0
2026-08-15 01:30:00+00:00,145.0,153,145.0
2026-08-15 02:00:00+00:00,139.0,152,139.0
2026-08-15 02:30:00+00:00,143.0,145,143.0
2026-08-15 03:00:00+00:00,140.0,216,140.0
2026-08-15 03:30:00+00:00,140.0,245,140.0
2026-08-15 04:00:00+00:00,142.0,144,142.0
2026-08-15 04:30:00+00:00,139.0,101,139.0
2026-08-15 05:00:00+00:00,133.0,149,133.0
2026-08-15 05:30:00+00:00,109.0,145,109.0
2026-08-15 06:00:00+00:00,95.0,126,95.0
2026-08-15 06:30:00+00:00,88.0,136,88.0
2026-08-15 07:00:00+00:00,85.0,91,85.0
2026-08-15 07:30:00+00:00,80.0,81,80.0
2026-08-15 08:00:00+00:00,73.0,78,73.0
2026-08-15 08:30:00+00:00,69.0,74,69.0
2026-08-15 09:00:00+00:00,66.0,61,66.0
2026-08-15 09:30:00+00:00,63.0,60,63.0
2026-08-15 10:00:00+00:00,63.0,59,63.0
2026-08-15 10:30:00+00:00,62.0,58,62.0
2026-08-15 11:00:00+00:00,58.0,57,58.0
2026-08-15 11:30:00+00:00,56.0,56,56.0
2026-08-15 12:00:00+00:00,58.0,55,58.0
2026-08-15 12:30:00+00:00,60.0,53,60.0
2026-08-15 13:00:00+00:00,60.0,54,60.0
2026-08-15 13:30:00+00:00,61.0,54,61.0
2026-08-15 14:00:00+00:00,63.0,54,63.0
2026-08-15 14:30:00+00:00,73.0,53,73.0
2026-08-15 15:00:00+00:00,90.0,65,90.0
2026-08-15 15:30:00+00:00,121.0,80,121.0
2026-08-15 16:00:00+00:00,135.0,109,135.0
2026-08-15 16:30:00+00:00,153.0,137,153.0
2026-08-15 17:00:00+00:00,161.0,157,161.0
2026-08-15 17:30:00+00:00,171.0,168,171.0
2026-08-15 18:00:00+00:00,179.0,175,179.0
2026-08-15 18:30:00+00:00,180.0,186,180.0
2026-08-15 19:00:00+00:00,186.0,190,186.0
2026-08-15 19:30:00+00:00,186.0,198,186.0
2026-08-15 20:00:00+00:00,189.0,193,189.0
2026-08-15 20:30:00+00:00,193.0,194,193.0
2026-08-15 21:00:00+00:00,193.0,192,193.0
2026-08-15 21:30:00+00:00,189.0,187,189.0
2026-08-15 22:00:00+00:00,189.0,196,189.0
2026-08-15 22:30:00+00:00,195.0,197,195.0
2026-08-15 23:00:00+00:00,194.0,196,194.0
2026-08-15 23:30:00+00:00,194.0,192,194.0
2026-08-16 00:00:00+00:00,195.0,195,195.0
2026-08-16 00:30:00+00:00,198.0,192,198.0
2026-08-16 01:00:00+00:00,195.0,197,195.0
2026-08-16 01:30:00+00:00,186.0,192,186.0
2026-08-16 02:00:00+00:00,185.0,202,185.0
2026-08-16 02:30:00+00:00,186.0,197,186.0
2026-08-16 03:00:00+00:00,187.0,190,187.0
2026-08-16 03:30:00+00:00,191.0,192,191.0
2026-08-16 04:00:00+00:00,190.0,190,190.0
2026-08-16 04:30:00+00:00,184.0,145,184.0
2026-08-16 05:00:00+00:00,182.0,188,182.0
2026-08-16 05:30:00+00:00,173.0,189,173.0
2026-08-16 06:00:00+00:00,165.0,179,165.0
2026-08-16 06:30:00+00:00,160.0,182,160.0
2026-08-16 07:00:00+00:00,151.0,169,151.0
2026-08-16 07:30:00+00:00,146.0,161,146.0
2026-08-16 08:00:00+00:00,137.0,145,137.0
2026-08-16 08:30:00+00:00,129.0,134,129.0
2026-08-16 09:00:00+00:00,123.0,130,123.0
2026-08-16 09:30:00+00:00,121.0,120,121.0
2026-08-16 10:00:00+00:00,115.0,116,115.0
2026-08-16 10:30:00+00:00,107.0,113,107.0
2026-08-16 11:00:00+00:00,101.0,111,101.0
2026-08-16 11:30:00+00:00,96.0,111,96.0
2026-08-16 12:00:00+00:00,93.0,97,93.0
2026-08-16 12:30:00+00:00,93.0,97,93.0
2026-08-16 13:00:00+00:00,93.0,90,93.0
2026-08-16 13:30:00+00:00,99.0,89,99.0
2026-08-16 14:00:00+00:00,110.0,99,110.0
2026-08-16 14:30:00+00:00,126.0,111,126.0
2026-08-16 15:00:00+00:00,141.0,118,141.0
2026-08-16 15:30:00+00:00,168.0,132,168.0
2026-08-16 16:00:00+00:00,184.0,159,184.0
2026-08-16 16:30:00+00:00,195.0,180,195.0
2026-08-16 17:00:00+00:00,199.0,196,199.0
2026-08-16 17:30:00+00:00,211.0,208,211.0
2026-08-16 18:00:00+00:00,216.0,216,216.0
2026-08-16 18:30:00+00:00,226.0,229,226.0
2026-08-16 19:00:00+00:00,230.0,237,230.0
2026-08-16 19:30:00+00:00,226.0,243,226.0
2026-08-16 20:00:00+00:00,226.0,239,226.0
2026-08-16 20:30:00+00:00,233.0,236,233.0
2026-08-16 21:00:00+00:00,234.0,234,234.0
2026-08-16 21:30:00+00:00,241.0,233,241.0
2026-08-16 22:00:00+00:00,241.0,236,241.0
2026-08-16 22:30:00+00:00,235.0,233,235.0
2026-08-16 23:00:00+00:00,234.0,237,234.0
2026-08-16 23:30:00+00:00,235.0,238,235.0
2026-08-17 00:00:00+00:00,234.0,232,234.0
2026-08-17 00:30:00+00:00,229.0,230,229.0
2026-08-17 01:00:00+00:00,229.0,230,229.0
2026-08-17 01:30:00+00:00,232.0,227,232.0
2026-08-17 02:00:00+00:00,234.0,225,234.0
2026-08-17 02:30:00+00:00,240.0,221,240.0
2026-08-17 03:00:00+00:00,240.0,236,240.0
2026-08-17 03:30:00+00:00,243.0,234,243.0
2026-08-17 04:00:00+00:00,242.0,240,242.0
2026-08-17 04:30:00+00:00,239.0,199,239.0
2026-08-17 05:00:00+00:00,239.0,249,239.0
2026-08-17 05:30:00+00:00,232.0,246,232.0
2026-08-17 06:00:00+00:00,228.0,244,228.0
2026-08-17 06:30:00+00:00,224.0,239,224.0
2026-08-17 07:00:00+00:00,218.0,235,218.0
2026-08-17 07:30:00+00:00,207.0,227,207.0
2026-08-17 08:00:00+00:00,200.0,217,200.0
2026-08-17 08:30:00+00:00,194.0,209,194.0
2026-08-17 09:00:00+00:00,190.0,193,190.0
2026-08-17 09:30:00+00:00,191.0,190,191.0
2026-08-17 10:00:00+00:00,188.0,184,188.0
2026-08-17 10:30:00+00:00,184.0,179,184.0
2026-08-17 11:00:00+00:00,182.0,187,182.0
2026-08-17 11:30:00+00:00,181.0,181,181.0
2026-08-17 12:00:00+00:00,176.0,181,176.0
2026-08-17 12:30:00+00:00,182.0,178,182.0
2026-08-17 13:00:00+00:00,184.0,179,184.0
2026-08-17 13:30:00+00:00,180.0,181,180.0
2026-08-17 14:00:00+00:00,177.0,187,177.0
2026-08-17 14:30:00+00:00,176.0,186,176.0
2026-08-17 15:00:00+00:00,182.0,186,182.0
2026-08-17 15:30:00+00:00,195.0,194,195.0
2026-08-17 16:00:00+00:00,198.0,190,198.0
2026-08-17 16:30:00+00:00,198.0,192,198.0
2026-08-17 17:00:00+00:00,201.0,205,201.0
2026-08-17 17:30:00+00:00,207.0,207,207.0
2026-08-17 18:00:00+00:00,213.0,209,213.0
2026-08-17 18:30:00+00:00,215.0,213,215.0
2026-08-17 19:00:00+00:00,212.0,215,212.0
2026-08-17 19:30:00+00:00,209.0,212,209.0
2026-08-17 20:00:00+00:00,203.0,210,203.0
2026-08-17 20:30:00+00:00,195.0,201,195.0
2026-08-17 21:00:00+00:00,190.0,194,190.0
2026-08-17 21:30:00+00:00,187.0,183,187.0
2026-08-17 22:00:00+00:00,184.0,186,184.0
2026-08-17 22:30:00+00:00,187.0,180,187.0
2026-08-17 23:00:00+00:00,182.0,178,182.0
2026-08-17 23:30:00+00:00,177.0,173,177.0
2026-08-18 00:00:00+00:00,167.0,175,167.0
2026-08-18 00:30:00+00:00,157.0,163,157.0
2026-08-18 01:00:00+00:00,158.0,160,158.0
2026-08-18 01:30:00+00:00,159.0,151,159.0
2026-08-18 02:00:00+00:00,157.0,146,157.0
2026-08-18 02:30:00+00:00,163.0,135,163.0
2026-08-18 03:00:00+00:00,168.0,141,168.0
2026-08-18 03:30:00+00:00,167.0,136,167.0
2026-08-18 04:00:00+00:00,164.0,159,164.0
2026-08-18 04:30:00+00:00,163.0,149,163.0
2026-08-18 05:00:00+00:00,160.0,162,160.0
2026-08-18 05:30:00+00:00,157.0,151,157.0
2026-08-18 06:00:00+00:00,153.0,148,153.0
2026-08-18 06:30:00+00:00,149.0,149,149.0
2026-08-18 07:00:00+00:00,147.0,148,147.0
2026-08-18 07:30:00+00:00,136.0,140,136.0
2026-08-18 08:00:00+00:00,127.0,136,127.0
2026-08-18 08:30:00+00:00,117.0,122,117.0
2026-08-18 09:00:00+00:00,108.0,110,108.0
2026-08-18 09:30:00+00:00,102.0,94,102.0
2026-08-18 10:00:00+00:00,108.0,93,108.0
2026-08-18 10:30:00+00:00,94.0,86,94.0
2026-08-18 11:00:00+00:00,93.0,106,93.0
2026-08-18 11:30:00+00:00,88.0,102,88.0
2026-08-18 12:00:00+00:00,87.0,93,87.0
2026-08-18 12:30:00+00:00,90.0,95,90.0
2026-08-18 13:00:00+00:00,86.0,87,86.0
2026-08-18 13:30:00+00:00,87.0,93,87.0
2026-08-18 14:00:00+00:00,100.0,90,100.0
2026-08-18 14:30:00+00:00,119.0,95,119.0
2026-08-18 15:00:00+00:00,134.0,112,134.0
2026-08-18 15:30:00+00:00,145.0,126,145.0
2026-08-18 16:00:00+00:00,154.0,154,154.0
2026-08-18 16:30:00+00:00,162.0,173,162.0
2026-08-18 17:00:00+00:00,170.0,163,170.0
2026-08-18 17:30:00+00:00,183.0,167,183.0
2026-08-18 18:00:00+00:00,192.0,177,192.0
2026-08-18 18:30:00+00:00,196.0,183,196.0
2026-08-18 19:00:00+00:00,195.0,193,195.0
2026-08-18 19:30:00+00:00,193.0,194,193.0
2026-08-18 20:00:00+00:00,196.0,204,196.0
2026-08-18 20:30:00+00:00,198.0,204,198.0
2026-08-18 21:00:00+00:00,195.0,199,195.0
2026-08-18 21:30:00+00:00,201.0,192,201.0
2026-08-18 22:00:00+00:00,200.0,198,200.0
2026-08-18 22:30:00+00:00,203.0,203,203.0
2026-08-18 23:00:00+00:00,204.0,197,204.0
2026-08-18 23:30:00+00:00,205.0,194,205.0
2026-08-19 00:00:00+00:00,202.0,207,202.0
2026-08-19 00:30:00+00:00,203.0,206,203.0
2026-08-19 01:00:00+00:00,200.0,197,200.0
2026-08-19 01:30:00+00:00,201.0,190,201.0
2026-08-19 02:00:00+00:00,200.0,201,200.0
2026-08-19 02:30:00+00:00,199.0,194,199.0
2026-08-19 03:00:00+00:00,199.0,180,199.0
2026-08-19 03:30:00+00:00,200.0,191,200.0
2026-08-19 04:00:00+00:00,199.0,185,199.0
2026-08-19 04:30:00+00:00,203.0,205,203.0
2026-08-19 05:00:00+00:00,199.0,196,199.0
2026-08-19 05:30:00+00:00,191.0,191,191.0
2026-08-19 06:00:00+00:00,192.0,191,192.0
2026-08-19 06:30:00+00:00,180.0,183,180.0
2026-08-19 07:00:00+00:00,175.0,181,175.0
2026-08-19 07:30:00+00:00,164.0,172,164.0
2026-08-19 08:00:00+00:00,157.0,169,157.0
2026-08-19 08:30:00+00:00,148.0,162,148.0
2026-08-19 09:00:00+00:00,137.0,153,137.0
2026-08-19 09:30:00+00:00,137.0,145,137.0
2026-08-19 10:00:00+00:00,140.0,134,140.0
2026-08-19 10:30:00+00:00,137.0,133,137.0
2026-08-19 11:00:00+00:00,133.0,133,133.0
2026-08-19 11:30:00+00:00,131.0,123,131.0
2026-08-19 12:00:00+00:00,129.0,127,129.0
2026-08-19 12:30:00+00:00,129.0,126,129.0
2026-08-19 13:00:00+00:00,132.0,120,132.0
2026-08-19 13:30:00+00:00,125.0,118,125.0
2026-08-19 14:00:00+00:00,126.0,125,126.0
2026-08-19 14:30:00+00:00,136.0,140,136.0
2026-08-19 15:00:00+00:00,157.0,167,157.0
2026-08-19 15:30:00+00:00,165.0,152,165.0
2026-08-19 16:00:00+00:00,171.0,176,171.0
2026-08-19 16:30:00+00:00,178.0,175,178.0
2026-08-19 17:00:00+00:00,182.0,180,182.0
2026-08-19 17:30:00+00:00,188.0,191,188.0
2026-08-19 18:00:00+00:00,189.0,196,189.0
2026-08-19 18:30:00+00:00,196.0,200,196.0
2026-08-19 19:00:00+00:00,194.0,202,194.0
2026-08-19 19:30:00+00:00,196.0,203,196.0
2026-08-19 20:00:00+00:00,199.0,202,199.0
2026-08-19 20:30:00+00:00,205.0,89,205.0
2026-08-19 21:00:00+00:00,210.0,200,210.0
2026-08-19 21:30:00+00:00,195.0,199,195.0
2026-08-19 22:00:00+00:00,186.0,213,186.0
2026-08-19 22:30:00+00:00,184.0,196,184.0
2026-08-19 23:00:00+00:00,178.0,194,178.0
2026-08-19 23:30:00+00:00,181.0,177,181.0
2026-08-20 00:00:00+00:00,181.0,178,181.0
2026-08-20 00:30:00+00:00,183.0,167,183.0
2026-08-20 01:00:00+00:00,184.0,175,184.0
2026-08-20 01:30:00+00:00,185.0,180,185.0
2026-08-20 02:00:00+00:00,184.0,183,184.0
2026-08-20 02:30:00+00:00,188.0,181,188.0
2026-08-20 03:00:00+00:00,186.0,179,186.0
2026-08-20 03:30:00+00:00,189.0,177,189.0
2026-08-20 04:00:00+00:00,189.0,159,189.0
2026-08-20 04:30:00+00:00,180.0,183,180.0
2026-08-20 05:00:00+00:00,180.0,190,180.0
2026-08-20 05:30:00+00:00,170.0,174,170.0
2026-08-20 06:00:00+00:00,163.0,174,163.0
2026-08-20 06:30:00+00:00,147.0,166,147.0
2026-08-20 07:00:00+00:00,133.0,154,133.0
2026-08-20 07:30:00+00:00,111.0,139,111.0
2026-08-20 08:00:00+00:00,96.0,127,96.0
2026-08-20 08:30:00+00:00,93.0,107,93.0
2026-08-20 09:00:00+00:00,92.0,87,92.0
2026-08-20 09:30:00+00:00,91.0,82,91.0
2026-08-20 10:00:00+00:00,89.0,83,89.0
2026-08-20 10:30:00+00:00,87.0,85,87.0
2026-08-20 11:00:00+00:00,82.0,85,82.0
2026-08-20 11:30:00+00:00,80.0,81,80.0
2026-08-20 12:00:00+00:00,79.0,83,79.0
2026-08-20 12:30:00+00:00,80.0,78,80.0
2026-08-20 13:00:00+00:00,85.0,77,85.0
2026-08-20 13:30:00+00:00,90.0,76,90.0
2026-08-20 14:00:00+00:00,99.0,81,99.0
2026-08-20 14:30:00+00:00,108.0,83,108.0
2026-08-20 15:00:00+00:00,121.0,97,121.0
2026-08-20 15:30:00+00:00,146.0,105,146.0
2026-08-20 16:00:00+00:00,151.0,130,151.0
2026-08-20 16:30:00+00:00,158.0,157,158.0
2026-08-20 17:00:00+00:00,163.0,150,163.0
2026-08-20 17:30:00+00:00,166.0,165,166.0
2026-08-20 18:00:00+00:00,174.0,170,174.0
2026-08-20 18:30:00+00:00,182.0,172,182.0
2026-08-20 19:00:00+00:00,186.0,178,186.0
2026-08-20 19:30:00+00:00,187.0,186,187.0
2026-08-20 20:00:00+00:00,191.0,184,191.0
2026-08-20 20:30:00+00:00,197.0,107,197.0
2026-08-20 21:00:00+00:00,199.0,196,199.0
2026-08-20 21:30:00+00:00,192.0,195,192.0
2026-08-20 22:00:00+00:00,182.0,199,182.0
2026-08-20 22:30:00+00:00,173.0,193,173.0
2026-08-20 23:00:00+00:00,170.0,187,170.0
2026-08-20 23:30:00+00:00,165.0,184,165.0
2026-08-21 00:00:00+00:00,162.0,167,162.0
2026-08-21 00:30:00+00:00,160.0,149,160.0
2026-08-21 01:00:00+00:00,163.0,161,163.0
2026-08-21 01:30:00+00:00,165.0,160,165.0
2026-08-21 02:00:00+00:00,165.0,169,165.0
2026-08-21 02:30:00+00:00,171.0,131,171.0
2026-08-21 03:00:00+00:00,172.0,159,172.0
2026-08-21 03:30:00+00:00,169.0,170,169.0
2026-08-21 04:00:00+00:00,172.0,102,172.0
2026-08-21 04:30:00+00:00,165.0,170,165.0
2026-08-21 05:00:00+00:00,169.0,168,169.0
2026-08-21 05:30:00+00:00,162.0,165,162.0
2026-08-21 06:00:00+00:00,158.0,157,158.0
2026-08-21 06:30:00+00:00,147.0,147,147.0
2026-08-21 07:00:00+00:00,135.0,154,135.0
2026-08-21 07:30:00+00:00,122.0,147,122.0
2026-08-21 08:00:00+00:00,113.0,131,113.0
2026-08-21 08:30:00+00:00,103.0,121,103.0
2026-08-21 09:00:00+00:00,100.0,105,100.0
2026-08-21 09:30:00+00:00,95.0,96,95.0
2026-08-21 10:00:00+00:00,93.0,90,93.0
2026-08-21 10:30:00+00:00,90.0,90,90.0
2026-08-21 11:00:00+00:00,92.0,89,92.0
2026-08-21 11:30:00+00:00,94.0,82,94.0
2026-08-21 12:00:00+00:00,93.0,89,93.0
2026-08-21 12:30:00+00:00,97.0,90,97.0
2026-08-21 13:00:00+00:00,94.0,86,94.0
2026-08-21 13:30:00+00:00,88.0,85,88.0
2026-08-21 14:00:00+00:00,88.0,83,88.0
2026-08-21 14:30:00+00:00,96.0,93,96.0
2026-08-21 15:00:00+00:00,100.0,99,100.0
2026-08-21 15:30:00+00:00,119.0,102,119.0
2026-08-21 16:00:00+00:00,123.0,115,123.0
2026-08-21 16:30:00+00:00,132.0,116,132.0
2026-08-21 17:00:00+00:00,139.0,124,139.0
2026-08-21 17:30:00+00:00,144.0,128,144.0
2026-08-21 18:00:00+00:00,152.0,139,152.0
2026-08-21 18:30:00+00:00,157.0,153,157.0
2026-08-21 19:00:00+00:00,157.0,158,157.0
2026-08-21 19:30:00+00:00,154.0,161,154.0
2026-08-21 20:00:00+00:00,148.0,161,148.0
2026-08-21 20:30:00+00:00,141.0,64,141.0
2026-08-21 21:00:00+00:00,134.0,144,134.0
2026-08-21 21:30:00+00:00,106.0,142,106.0
2026-08-21 22:00:00+00:00,91.0,135,91.0
2026-08-21 22:30:00+00:00,84.0,117,84.0
2026-08-21 23:00:00+00:00,84.0,112,84.0
2026-08-21 23:30:00+00:00,74.0,115,74.0
2026-08-22 00:00:00+00:00,70.0,88,70.0
2026-08-22 00:30:00+00:00,69.0,77,69.0
2026-08-22 01:00:00+00:00,68.0,72,68.0
2026-08-22 01:30:00+00:00,64.0,70,64.0
2026-08-22 02:00:00+00:00,64.0,64,64.0
2026-08-22 02:30:00+00:00,64.0,60,64.0
2026-08-22 03:00:00+00:00,62.0,62,62.0
2026-08-22 03:30:00+00:00,64.0,61,64.0
2026-08-22 04:00:00+00:00,64.0,59,64.0
2026-08-22 04:30:00+00:00,64.0,64,64.0
2026-08-22 05:00:00+00:00,67.0,61,67.0
2026-08-22 05:30:00+00:00,70.0,64,70.0
2026-08-22 06:00:00+00:00,68.0,60,68.0
2026-08-22 06:30:00+00:00,68.0,66,68.0
2026-08-22 07:00:00+00:00,67.0,63,67.0
2026-08-22 07:30:00+00:00,66.0,60,66.0
2026-08-22 08:00:00+00:00,65.0,61,65.0
2026-08-22 08:30:00+00:00,62.0,61,62.0
2026-08-22 09:00:00+00:00,58.0,59,58.0
2026-08-22 09:30:00+00:00,57.0,58,57.0
2026-08-22 10:00:00+00:00,55.0,54,55.0
2026-08-22 10:30:00+00:00,55.0,51,55.0
2026-08-22 11:00:00+00:00,57.0,52,57.0
2026-08-22 11:30:00+00:00,55.0,53,55.0
2026-08-22 12:00:00+00:00,59.0,54,59.0
2026-08-22 12:30:00+00:00,59.0,54,59.0
2026-08-22 13:00:00+00:00,59.0,56,59.0
2026-08-22 13:30:00+00:00,60.0,57,60.0
2026-08-22 14:00:00+00:00,61.0,59,61.0
2026-08-22 14:30:00+00:00,65.0,59,65.0
2026-08-22 15:00:00+00:00,70.0,65,70.0
2026-08-22 15:30:00+00:00,78.0,72,78.0
2026-08-22 16:00:00+00:00,86.0,82,86.0
2026-08-22 16:30:00+00:00,100.0,92,100.0
2026-08-22 17:00:00+00:00,114.0,93,114.0
2026-08-22 17:30:00+00:00,120.0,111,120.0
2026-08-22 18:00:00+00:00,127.0,122,127.0
2026-08-22 18:30:00+00:00,133.0,130,133.0
2026-08-22 19:00:00+00:00,140.0,138,140.0
2026-08-22 19:30:00+00:00,140.0,132,140.0
2026-08-22 20:00:00+00:00,137.0,138,137.0
2026-08-22 20:30:00+00:00,139.0,17,139.0
2026-08-22 21:00:00+00:00,135.0,137,135.0
2026-08-22 21:30:00+00:00,129.0,137,129.0
2026-08-22 22:00:00+00:00,124.0,139,124.0
2026-08-22 22:30:00+00:00,116.0,133,116.0
2026-08-22 23:00:00+00:00,113.0,135,113.0
2026-08-22 23:30:00+00:00,111.0,136,111.0
2026-08-23 00:00:00+00:00,113.0,117,113.0
2026-08-23 00:30:00+00:00,113.0,118,113.0
2026-08-23 01:00:00+00:00,111.0,118,111.0
2026-08-23 01:30:00+00:00,108.0,119,108.0
2026-08-23 02:00:00+00:00,104.0,123,104.0
2026-08-23 02:30:00+00:00,109.0,114,109.0
2026-08-23 03:00:00+00:00,111.0,108,111.0
2026-08-23 03:30:00+00:00,111.0,111,111.0
2026-08-23 04:00:00+00:00,109.0,115,109.0
2026-08-23 04:30:00+00:00,111.0,114,111.0
2026-08-23 05:00:00+00:00,112.0,112,112.0
2026-08-23 05:30:00+00:00,107.0,116,107.0
2026-08-23 06:00:00+00:00,101.0,112,101.0
2026-08-23 06:30:00+00:00,97.0,107,97.0
2026-08-23 07:00:00+00:00,91.0,97,91.0
2026-08-23 07:30:00+00:00,85.0,92,85.0
2026-08-23 08:00:00+00:00,79.0,83,79.0
2026-08-23 08:30:00+00:00,73.0,73,73.0
2026-08-23 09:00:00+00:00,69.0,73,69.0
2026-08-23 09:30:00+00:00,71.0,67,71.0
2026-08-23 10:00:00+00:00,66.0,64,66.0
2026-08-23 10:30:00+00:00,67.0,64,67.0
2026-08-23 11:00:00+00:00,66.0,59,66.0
2026-08-23 11:30:00+00:00,68.0,62,68.0
2026-08-23 12:00:00+00:00,69.0,63,69.0
2026-08-23 12:30:00+00:00,69.0,63,69.0
2026-08-23 13:00:00+00:00,69.0,67,69.0
2026-08-23 13:30:00+00:00,70.0,68,70.0
2026-08-23 14:00:00+00:00,76.0,69,76.0
2026-08-23 14:30:00+00:00,88.0,75,88.0
2026-08-23 15:00:00+00:00,106.0,81,106.0
2026-08-23 15:30:00+00:00,121.0,97,121.0
2026-08-23 16:00:00+00:00,137.0,128,137.0
2026-08-23 16:30:00+00:00,145.0,125,145.0
2026-08-23 17:00:00+00:00,158.0,149,158.0
2026-08-23 17:30:00+00:00,170.0,157,170.0
2026-08-23 18:00:00+00:00,175.0,169,175.0
2026-08-23 18:30:00+00:00,173.0,176,173.0
2026-08-23 19:00:00+00:00,178.0,184,178.0
2026-08-23 19:30:00+00:00,174.0,179,174.0
2026-08-23 20:00:00+00:00,170.0,176,170.0
2026-08-23 20:30:00+00:00,169.0,5,169.0
2026-08-23 21:00:00+00:00,166.0,174,166.0
2026-08-23 21:30:00+00:00,163.0,175,163.0
2026-08-23 22:00:00+00:00,162.0,169,162.0
2026-08-23 22:30:00+00:00,162.0,165,162.0
2026-08-23 23:00:00+00:00,162.0,166,162.0
2026-08-23 23:30:00+00:00,161.0,165,161.0
2026-08-24 00:00:00+00:00,159.0,172,159.0
2026-08-24 00:30:00+00:00,158.0,168,158.0
2026-08-24 01:00:00+00:00,157.0,169,157.0
2026-08-24 01:30:00+00:00,159.0,164,159.0
2026-08-24 02:00:00+00:00,153.0,162,153.0
2026-08-24 02:30:00+00:00,151.0,160,151.0
2026-08-24 03:00:00+00:00,149.0,154,149.0
2026-08-24 03:30:00+00:00,153.0,158,153.0
2026-08-24 04:00:00+00:00,151.0,157,151.0
2026-08-24 04:30:00+00:00,154.0,159,154.0
2026-08-24 05:00:00+00:00,158.0,158,158.0
2026-08-24 05:30:00+00:00,160.0,153,160.0
2026-08-24 06:00:00+00:00,153.0,151,153.0
2026-08-24 06:30:00+00:00,143.0,153,143.0
2026-08-24 07:00:00+00:00,131.0,145,131.0
2026-08-24 07:30:00+00:00,118.0,138,118.0
2026-08-24 08:00:00+00:00,108.0,121,108.0
2026-08-24 08:30:00+00:00,94.0,111,94.0
2026-08-24 09:00:00+00:00,78.0,93,78.0
2026-08-24 09:30:00+00:00,75.0,83,75.0
2026-08-24 10:00:00+00:00,72.0,79,72.0
2026-08-24 10:30:00+00:00,66.0,72,66.0
2026-08-24 11:00:00+00:00,65.0,69,65.0
2026-08-24 11:30:00+00:00,63.0,62,63.0
2026-08-24 12:00:00+00:00,62.0,60,62.0
2026-08-24 12:30:00+00:00,60.0,59,60.0
2026-08-24 13:00:00+00:00,58.0,61,58.0
2026-08-24 13:30:00+00:00,53.0,62,53.0
2026-08-24 14:00:00+00:00,54.0,55,54.0
2026-08-24 14:30:00+00:00,66.0,52,66.0
2026-08-24 15:00:00+00:00,80.0,60,80.0
2026-08-24 15:30:00+00:00,91.0,64,91.0
2026-08-24 16:00:00+00:00,101.0,94,101.0
2026-08-24 16:30:00+00:00,115.0,98,115.0
2026-08-24 17:00:00+00:00,121.0,114,121.0
2026-08-24 17:30:00+00:00,126.0,121,126.0
2026-08-24 18:00:00+00:00,127.0,125,127.0
2026-08-24 18:30:00+00:00,122.0,126,122.0
2026-08-24 19:00:00+00:00,119.0,123,119.0
2026-08-24 19:30:00+00:00,114.0,123,114.0
2026-08-24 20:00:00+00:00,104.0,116,104.0
2026-08-24 20:30:00+00:00,100.0,37,100.0
2026-08-24 21:00:00+00:00,87.0,111,87.0
2026-08-24 21:30:00+00:00,78.0,103,78.0
2026-08-24 22:00:00+00:00,71.0,91,71.0
2026-08-24 22:30:00+00:00,71.0,85,71.0
2026-08-24 23:00:00+00:00,72.0,85,72.0
2026-08-24 23:30:00+00:00,74.0,86,74.0
2026-08-25 00:00:00+00:00,77.0,73,77.0
2026-08-25 00:30:00+00:00,74.0,74,74.0
2026-08-25 01:00:00+00:00,73.0,77,73.0
2026-08-25 01:30:00+00:00,71.0,76,71.0
2026-08-25 02:00:00+00:00,70.0,71,70.0
2026-08-25 02:30:00+00:00,65.0,66,65.0
2026-08-25 03:00:00+00:00,64.0,67,64.0
2026-08-25 03:30:00+00:00,71.0,63,71.0
2026-08-25 04:00:00+00:00,74.0,65,74.0
2026-08-25 04:30:00+00:00,92.0,74,92.0
2026-08-25 05:00:00+00:00,97.0,74,97.0
2026-08-25 05:30:00+00:00,99.0,86,99.0
2026-08-25 06:00:00+00:00,97.0,84,97.0
2026-08-25 06:30:00+00:00,84.0,101,84.0
2026-08-25 07:00:00+00:00,80.0,88,80.0
2026-08-25 07:30:00+00:00,73.0,74,73.0
2026-08-25 08:00:00+00:00,68.0,64,68.0
2026-08-25 08:30:00+00:00,63.0,60,63.0
2026-08-25 09:00:00+00:00,61.0,59,61.0
2026-08-25 09:30:00+00:00,61.0,54,61.0
2026-08-25 10:00:00+00:00,54.0,53,54.0
2026-08-25 10:30:00+00:00,51.0,49,51.0
2026-08-25 11:00:00+00:00,47.0,49,47.0
2026-08-25 11:30:00+00:00,44.0,46,44.0
2026-08-25 12:00:00+00:00,44.0,41,44.0
2026-08-25 12:30:00+00:00,40.0,37,40.0
2026-08-25 13:00:00+00:00,40.0,43,40.0
2026-08-25 13:30:00+00:00,47.0,37,47.0
2026-08-25 14:00:00+00:00,47.0,34,47.0
2026-08-25 14:30:00+00:00,50.0,38,50.0
2026-08-25 15:00:00+00:00,64.0,49,64.0
2026-08-25 15:30:00+00:00,91.0,55,91.0
2026-08-25 16:00:00+00:00,101.0,66,101.0
2026-08-25 16:30:00+00:00,110.0,90,110.0
2026-08-25 17:00:00+00:00,117.0,93,117.0
2026-08-25 17:30:00+00:00,121.0,104,121.0
2026-08-25 18:00:00+00:00,121.0,111,121.0
2026-08-25 18:30:00+00:00,125.0,113,125.0
2026-08-25 19:00:00+00:00,126.0,117,126.0
2026-08-25 19:30:00+00:00,126.0,112,126.0
2026-08-25 20:00:00+00:00,125.0,112,125.0
2026-08-25 20:30:00+00:00,121.0,71,121.0
2026-08-25 21:00:00+00:00,114.0,116,114.0
2026-08-25 21:30:00+00:00,95.0,112,95.0
2026-08-25 22:00:00+00:00,89.0,112,89.0
2026-08-25 22:30:00+00:00,93.0,113,93.0
2026-08-25 23:00:00+00:00,91.0,110,91.0
2026-08-25 23:30:00+00:00,93.0,110,93.0
2026-08-26 00:00:00+00:00,92.0,110,92.0
2026-08-26 00:30:00+00:00,92.0,112,92.0
2026-08-26 01:00:00+00:00,92.0,111,92.0
2026-08-26 01:30:00+00:00,97.0,114,97.0
2026-08-26 02:00:00+00:00,95.0,113,95.0
2026-08-26 02:30:00+00:00,94.0,114,94.0
2026-08-26 03:00:00+00:00,97.0,111,97.0
2026-08-26 03:30:00+00:00,102.0,102,102.0
2026-08-26 04:00:00+00:00,112.0,104,112.0
2026-08-26 04:30:00+00:00,124.0,104,124.0
2026-08-26 05:00:00+00:00,132.0,109,132.0
2026-08-26 05:30:00+00:00,125.0,113,125.0
2026-08-26 06:00:00+00:00,124.0,113,124.0
2026-08-26 06:30:00+00:00,115.0,111,115.0
2026-08-26 07:00:00+00:00,112.0,114,112.0
2026-08-26 07:30:00+00:00,108.0,109,108.0
2026-08-26 08:00:00+00:00,97.0,102,97.0
2026-08-26 08:30:00+00:00,86.0,93,86.0
2026-08-26 09:00:00+00:00,79.0,87,79.0
2026-08-26 09:30:00+00:00,77.0,80,77.0
2026-08-26 10:00:00+00:00,75.0,73,75.0
2026-08-26 10:30:00+00:00,74.0,70,74.0
2026-08-26 11:00:00+00:00,74.0,69,74.0
2026-08-26 11:30:00+00:00,73.0,69,73.0
2026-08-26 12:00:00+00:00,70.0,68,70.0
2026-08-26 12:30:00+00:00,70.0,72,70.0
2026-08-26 13:00:00+00:00,72.0,68,72.0
2026-08-26 13:30:00+00:00,74.0,68,74.0
2026-08-26 14:00:00+00:00,82.0,69,82.0
2026-08-26 14:30:00+00:00,91.0,74,91.0
2026-08-26 15:00:00+00:00,109.0,90,109.0
2026-08-26 15:30:00+00:00,127.0,106,127.0
2026-08-26 16:00:00+00:00,135.0,118,135.0
2026-08-26 16:30:00+00:00,151.0,132,151.0
2026-08-26 17:00:00+00:00,156.0,134,156.0
2026-08-26 17:30:00+00:00,147.0,145,147.0
2026-08-26 18:00:00+00:00,151.0,143,151.0
2026-08-26 18:30:00+00:00,152.0,141,152.0
2026-08-26 19:00:00+00:00,151.0,140,151.0
2026-08-26 19:30:00+00:00,148.0,141,148.0
2026-08-26 20:00:00+00:00,142.0,148,142.0
2026-08-26 20:30:00+00:00,136.0,108,136.0
2026-08-26 21:00:00+00:00,125.0,140,125.0
2026-08-26 21:30:00+00:00,107.0,128,107.0
2026-08-26 22:00:00+00:00,100.0,122,100.0
2026-08-26 22:30:00+00:00,93.0,106,93.0
2026-08-26 23:00:00+00:00,92.0,105,92.0
2026-08-26 23:30:00+00:00,90.0,104,90.0
2026-08-27 00:00:00+00:00,87.0,88,87.0
2026-08-27 00:30:00+00:00,93.0,89,93.0
2026-08-27 01:00:00+00:00,96.0,82,96.0
2026-08-27 01:30:00+00:00,92.0,88,92.0
2026-08-27 02:00:00+00:00,93.0,90,93.0
2026-08-27 02:30:00+00:00,90.0,91,90.0
2026-08-27 03:00:00+00:00,98.0,89,98.0
2026-08-27 03:30:00+00:00,104.0,84,104.0
2026-08-27 04:00:00+00:00,118.0,120,118.0
2026-08-27 04:30:00+00:00,131.0,103,131.0
2026-08-27 05:00:00+00:00,141.0,119,141.0
2026-08-27 05:30:00+00:00,150.0,131,150.0
2026-08-27 06:00:00+00:00,153.0,134,153.0
2026-08-27 06:30:00+00:00,142.0,151,142.0
2026-08-27 07:00:00+00:00,143.0,153,143.0
2026-08-27 07:30:00+00:00,130.0,142,130.0
2026-08-27 08:00:00+00:00,127.0,140,127.0
2026-08-27 08:30:00+00:00,127.0,130,127.0
2026-08-27 09:00:00+00:00,129.0,124,129.0
2026-08-27 09:30:00+00:00,129.0,127,129.0
2026-08-27 10:00:00+00:00,129.0,128,129.0
2026-08-27 10:30:00+00:00,126.0,129,126.0
2026-08-27 11:00:00+00:00,124.0,125,124.0
2026-08-27 11:30:00+00:00,122.0,123,122.0
2026-08-27 12:00:00+00:00,121.0,121,121.0
2026-08-27 12:30:00+00:00,125.0,126,125.0
2026-08-27 13:00:00+00:00,130.0,124,130.0
2026-08-27 13:30:00+00:00,141.0,126,141.0
2026-08-27 14:00:00+00:00,143.0,129,143.0
2026-08-27 14:30:00+00:00,156.0,134,156.0
2026-08-27 15:00:00+00:00,160.0,148,160.0
2026-08-27 15:30:00+00:00,165.0,157,165.0
2026-08-27 16:00:00+00:00,175.0,166,175.0
2026-08-27 16:30:00+00:00,198.0,177,198.0
2026-08-27 17:00:00+00:00,207.0,188,207.0
2026-08-27 17:30:00+00:00,210.0,209,210.0
2026-08-27 18:00:00+00:00,216.0,221,216.0
2026-08-27 18:30:00+00:00,213.0,223,213.0
2026-08-27 19:00:00+00:00,218.0,226,218.0
2026-08-27 19:30:00+00:00,220.0,222,220.0
2026-08-27 20:00:00+00:00,220.0,223,220.0
2026-08-27 20:30:00+00:00,224.0,201,224.0
2026-08-27 21:00:00+00:00,212.0,222,212.0
2026-08-27 21:30:00+00:00,194.0,228,194.0
2026-08-27 22:00:00+00:00,190.0,216,190.0
2026-08-27 22:30:00+00:00,176.0,198,176.0
2026-08-27 23:00:00+00:00,173.0,197,173.0
2026-08-27 23:30:00+00:00,158.0,194,158.0
2026-08-28 00:00:00+00:00,144.0,178,144.0
2026-08-28 00:30:00+00:00,151.0,169,151.0
2026-08-28 01:00:00+00:00,144.0,148,144.0
2026-08-28 01:30:00+00:00,140.0,155,140.0
2026-08-28 02:00:00+00:00,149.0,149,149.0
2026-08-28 02:30:00+00:00,168.0,142,168.0
2026-08-28 03:00:00+00:00,168.0,148,168.0
2026-08-28 03:30:00+00:00,165.0,166,165.0
2026-08-28 04:00:00+00:00,160.0,170,160.0
2026-08-28 04:30:00+00:00,159.0,161,159.0
2026-08-28 05:00:00+00:00,160.0,153,160.0
2026-08-28 05:30:00+00:00,148.0,156,148.0
2026-08-28 06:00:00+00:00,145.0,149,145.0
2026-08-28 06:30:00+00:00,135.0,148,135.0
2026-08-28 07:00:00+00:00,125.0,138,125.0
2026-08-28 07:30:00+00:00,109.0,126,109.0
2026-08-28 08:00:00+00:00,100.0,114,100.0
2026-08-28 08:30:00+00:00,83.0,97,83.0
2026-08-28 09:00:00+00:00,68.0,93,68.0
2026-08-28 09:30:00+00:00,55.0,71,55.0
2026-08-28 10:00:00+00:00,53.0,53,53.0
2026-08-28 10:30:00+00:00,53.0,51,53.0
2026-08-28 11:00:00+00:00,52.0,43,52.0
2026-08-28 11:30:00+00:00,55.0,43,55.0
2026-08-28 12:00:00+00:00,54.0,45,54.0
2026-08-28 12:30:00+00:00,55.0,54,55.0
2026-08-28 13:00:00+00:00,56.0,49,56.0
2026-08-28 13:30:00+00:00,51.0,48,51.0
2026-08-28 14:00:00+00:00,52.0,51,52.0
2026-08-28 14:30:00+00:00,55.0,53,55.0
2026-08-28 15:00:00+00:00,60.0,48,60.0
2026-08-28 15:30:00+00:00,64.0,47,64.0
2026-08-28 16:00:00+00:00,76.0,52,76.0
2026-08-28 16:30:00+00:00,88.0,61,88.0
2026-08-28 17:00:00+00:00,92.0,73,92.0
2026-08-28 17:30:00+00:00,100.0,83,100.0
2026-08-28 18:00:00+00:00,97.0,87,97.0
2026-08-28 18:30:00+00:00,99.0,89,99.0
2026-08-28 19:00:00+00:00,98.0,88,98.0
2026-08-28 19:30:00+00:00,102.0,86,102.0
2026-08-28 20:00:00+00:00,92.0,90,92.0
2026-08-28 20:30:00+00:00,88.0,29,88.0
2026-08-28 21:00:00+00:00,78.0,99,78.0
2026-08-28 21:30:00+00:00,69.0,74,69.0
2026-08-28 22:00:00+00:00,65.0,66,65.0
2026-08-28 22:30:00+00:00,67.0,56,67.0
2026-08-28 23:00:00+00:00,68.0,61,68.0
2026-08-28 23:30:00+00:00,65.0,64,65.0
2026-08-29 00:00:00+00:00,65.0,53,65.0
2026-08-29 00:30:00+00:00,66.0,58,66.0
2026-08-29 01:00:00+00:00,66.0,62,66.0
2026-08-29 01:30:00+00:00,65.0,53,65.0
2026-08-29 02:00:00+00:00,66.0,58,66.0
2026-08-29 02:30:00+00:00,67.0,51,67.0
2026-08-29 03:00:00+00:00,67.0,50,67.0
2026-08-29 03:30:00+00:00,68.0,49,68.0
2026-08-29 04:00:00+00:00,73.0,51,73.0
2026-08-29 04:30:00+00:00,73.0,48,73.0
2026-08-29 05:00:00+00:00,79.0,52,79.0
2026-08-29 05:30:00+00:00,83.0,55,83.0
2026-08-29 06:00:00+00:00,88.0,54,88.0
2026-08-29 06:30:00+00:00,100.0,61,100.0
2026-08-29 07:00:00+00:00,105.0,90,105.0
2026-08-29 07:30:00+00:00,112.0,99,112.0
2026-08-29 08:00:00+00:00,112.0,115,112.0
2026-08-29 08:30:00+00:00,116.0,116,116.0
2026-08-29 09:00:00+00:00,118.0,119,118.0
2026-08-29 09:30:00+00:00,119.0,112,119.0
2026-08-29 10:00:00+00:00,119.0,113,119.0
2026-08-29 10:30:00+00:00,118.0,118,118.0
2026-08-29 11:00:00+00:00,116.0,120,116.0
2026-08-29 11:30:00+00:00,117.0,120,117.0
2026-08-29 12:00:00+00:00,114.0,119,114.0
2026-08-29 12:30:00+00:00,117.0,113,117.0
2026-08-29 13:00:00+00:00,120.0,113,120.0
2026-08-29 13:30:00+00:00,120.0,117,120.0
2026-08-29 14:00:00+00:00,125.0,122,125.0
2026-08-29 14:30:00+00:00,132.0,127,132.0
2026-08-29 15:00:00+00:00,138.0,131,138.0
2026-08-29 15:30:00+00:00,144.0,141,144.0
2026-08-29 16:00:00+00:00,148.0,153,148.0
2026-08-29 16:30:00+00:00,154.0,151,154.0
2026-08-29 17:00:00+00:00,157.0,154,157.0
2026-08-29 17:30:00+00:00,159.0,159,159.0
2026-08-29 18:00:00+00:00,161.0,163,161.0
2026-08-29 18:30:00+00:00,160.0,163,160.0
2026-08-29 19:00:00+00:00,154.0,159,154.0
2026-08-29 19:30:00+00:00,147.0,161,147.0
2026-08-29 20:00:00+00:00,140.0,148,140.0
2026-08-29 20:30:00+00:00,126.0,144,126.0
2026-08-29 21:00:00+00:00,124.0,138,124.0
2026-08-29 21:30:00+00:00,119.0,120,119.0
2026-08-29 22:00:00+00:00,117.0,113,117.0
2026-08-29 22:30:00+00:00,115.0,110,115.0
2026-08-29 23:00:00+00:00,113.0,118,113.0
2026-08-29 23:30:00+00:00,113.0,119,113.0
2026-08-30 00:00:00+00:00,116.0,106,116.0
2026-08-30 00:30:00+00:00,114.0,101,114.0
2026-08-30 01:00:00+00:00,112.0,102,112.0
2026-08-30 01:30:00+00:00,109.0,103,109.0
2026-08-30 02:00:00+00:00,108.0,101,108.0
2026-08-30 02:30:00+00:00,107.0,92,107.0
2026-08-30 03:00:00+00:00,109.0,89,109.0
2026-08-30 03:30:00+00:00,109.0,93,109.0
2026-08-30 04:00:00+00:00,101.0,110,101.0
2026-08-30 04:30:00+00:00,100.0,113,100.0
2026-08-30 05:00:00+00:00,104.0,102,104.0
2026-08-30 05:30:00+00:00,107.0,105,107.0
2026-08-30 06:00:00+00:00,107.0,101,107.0
2026-08-30 06:30:00+00:00,105.0,107,105.0
2026-08-30 07:00:00+00:00,105.0,102,105.0
2026-08-30 07:30:00+00:00,99.0,91,99.0
2026-08-30 08:00:00+00:00,96.0,89,96.0
2026-08-30 08:30:00+00:00,89.0,87,89.0
2026-08-30 09:00:00+00:00,82.0,86,82.0
2026-08-30 09:30:00+00:00,82.0,84,82.0
2026-08-30 10:00:00+00:00,81.0,84,81.0
2026-08-30 10:30:00+00:00,84.0,86,84.0
2026-08-30 11:00:00+00:00,84.0,86,84.0
2026-08-30 11:30:00+00:00,91.0,86,91.0
2026-08-30 12:00:00+00:00,90.0,85,90.0
2026-08-30 12:30:00+00:00,88.0,83,88.0
2026-08-30 13:00:00+00:00,92.0,83,92.0
2026-08-30 13:30:00+00:00,92.0,85,92.0
2026-08-30 14:00:00+00:00,100.0,87,100.0
2026-08-30 14:30:00+00:00,107.0,95,107.0
2026-08-30 15:00:00+00:00,115.0,104,115.0
2026-08-30 15:30:00+00:00,120.0,116,120.0
2026-08-30 16:00:00+00:00,121.0,128,121.0
2026-08-30 16:30:00+00:00,120.0,136,120.0
2026-08-30 17:00:00+00:00,121.0,145,121.0
2026-08-30 17:30:00+00:00,129.0,150,129.0
2026-08-30 18:00:00+00:00,136.0,157,136.0
2026-08-30 18:30:00+00:00,144.0,161,144.0
2026-08-30 19:00:00+00:00,135.0,162,135.0
2026-08-30 19:30:00+00:00,130.0,163,130.0
2026-08-30 20:00:00+00:00,129.0,161,129.0
2026-08-30 20:30:00+00:00,126.0,157,126.0
2026-08-30 21:00:00+00:00,123.0,153,123.0
2026-08-30 21:30:00+00:00,99.0,142,99.0
2026-08-30 22:00:00+00:00,86.0,133,86.0
2026-08-30 22:30:00+00:00,91.0,126,91.0
2026-08-30 23:00:00+00:00,86.0,125,86.0
2026-08-30 23:30:00+00:00,85.0,125,85.0
2026-08-31 00:00:00+00:00,86.0,127,86.0
2026-08-31 00:30:00+00:00,86.0,130,86.0
2026-08-31 01:00:00+00:00,83.0,125,83.0
2026-08-31 01:30:00+00:00,90.0,125,90.0
2026-08-31 02:00:00+00:00,87.0,127,87.0
2026-08-31 02:30:00+00:00,88.0,148,88.0
2026-08-31 03:00:00+00:00,90.0,155,90.0
2026-08-31 03:30:00+00:00,79.0,159,79.0
2026-08-31 04:00:00+00:00,82.0,160,82.0
2026-08-31 04:30:00+00:00,92.0,162,92.0
2026-08-31 05:00:00+00:00,92.0,159,92.0
2026-08-31 05:30:00+00:00,81.0,161,81.0
2026-08-31 06:00:00+00:00,78.0,160,78.0
2026-08-31 06:30:00+00:00,73.0,149,73.0
2026-08-31 07:00:00+00:00,70.0,143,70.0
2026-08-31 07:30:00+00:00,70.0,131,70.0
2026-08-31 08:00:00+00:00,65.0,118,65.0
2026-08-31 08:30:00+00:00,64.0,104,64.0
2026-08-31 09:00:00+00:00,60.0,96,60.0
2026-08-31 09:30:00+00:00,57.0,89,57.0
2026-08-31 10:00:00+00:00,54.0,85,54.0
2026-08-31 10:30:00+00:00,53.0,79,53.0
2026-08-31 11:00:00+00:00,52.0,76,52.0
2026-08-31 11:30:00+00:00,52.0,75,52.0
2026-08-31 12:00:00+00:00,54.0,75,54.0
2026-08-31 12:30:00+00:00,51.0,76,51.0
2026-08-31 13:00:00+00:00,50.0,76,50.0
2026-08-31 13:30:00+00:00,54.0,79,54.0
2026-08-31 14:00:00+00:00,61.0,82,61.0
2026-08-31 14:30:00+00:00,70.0,87,70.0
2026-08-31 15:00:00+00:00,78.0,93,78.0
2026-08-31 15:30:00+00:00,90.0,100,90.0
2026-08-31 16:00:00+00:00,99.0,110,99.0
2026-08-31 16:30:00+00:00,118.0,118,118.0
2026-08-31 17:00:00+00:00,125.0,127,125.0
2026-08-31 17:30:00+00:00,124.0,136,124.0
2026-08-31 18:00:00+00:00,131.0,139,131.0
2026-08-31 18:30:00+00:00,129.0,140,129.0
2026-08-31 19:00:00+00:00,122.0,140,122.0
2026-08-31 19:30:00+00:00,126.0,144,126.0
2026-08-31 20:00:00+00:00,122.0,144,122.0
2026-08-31 20:30:00+00:00,114.0,145,114.0
2026-08-31 21:00:00+00:00,109.0,146,109.0
2026-08-31 21:30:00+00:00,84.0,150,84.0
2026-08-31 22:00:00+00:00,76.0,147,76.0
2026-08-31 22:30:00+00:00,76.0,147,76.0
2026-08-31 23:00:00+00:00,73.0,146,73.0
2026-08-31 23:30:00+00:00,73.0,145,73.0
2026-09-01 00:00:00+00:00,71.0,137,71.0
2026-09-01 00:30:00+00:00,68.0,136,68.0
2026-09-01 01:00:00+00:00,66.0,134,66.0
2026-09-01 01:30:00+00:00,63.0,130,63.0
2026-09-01 02:00:00+00:00,61.0,128,61.0
2026-09-01 02:30:00+00:00,59.0,129,59.0
2026-09-01 03:00:00+00:00,56.0,131,56.0
2026-09-01 03:30:00+00:00,60.0,125,60.0
2026-09-01 04:00:00+00:00,72.0,114,72.0
2026-09-01 04:30:00+00:00,86.0,112,86.0
2026-09-01 05:00:00+00:00,98.0,112,98.0
2026-09-01 05:30:00+00:00,95.0,111,95.0
2026-09-01 06:00:00+00:00,99.0,111,99.0
2026-09-01 06:30:00+00:00,95.0,100,95.0
2026-09-01 07:00:00+00:00,87.0,89,87.0
2026-09-01 07:30:00+00:00,77.0,84,77.0
2026-09-01 08:00:00+00:00,70.0,83,70.0
2026-09-01 08:30:00+00:00,60.0,77,60.0
2026-09-01 09:00:00+00:00,54.0,75,54.0
2026-09-01 09:30:00+00:00,56.0,69,56.0
2026-09-01 10:00:00+00:00,56.0,67,56.0
2026-09-01 10:30:00+00:00,59.0,65,59.0
2026-09-01 11:00:00+00:00,59.0,45,59.0
2026-09-01 11:30:00+00:00,58.0,46,58.0
2026-09-01 12:00:00+00:00,54.0,48,54.0
2026-09-01 12:30:00+00:00,56.0,50,56.0
2026-09-01 13:00:00+00:00,61.0,51,61.0
2026-09-01 13:30:00+00:00,63.0,55,63.0
2026-09-01 14:00:00+00:00,64.0,63,64.0
2026-09-01 14:30:00+00:00,67.0,65,67.0
2026-09-01 15:00:00+00:00,82.0,66,82.0
2026-09-01 15:30:00+00:00,100.0,71,100.0
2026-09-01 16:00:00+00:00,118.0,78,118.0
2026-09-01 16:30:00+00:00,139.0,87,139.0
2026-09-01 17:00:00+00:00,148.0,102,148.0
2026-09-01 17:30:00+00:00,158.0,113,158.0
2026-09-01 18:00:00+00:00,161.0,119,161.0
2026-09-01 18:30:00+00:00,159.0,132,159.0
2026-09-01 19:00:00+00:00,160.0,136,160.0
2026-09-01 19:30:00+00:00,159.0,134,159.0
2026-09-01 20:00:00+00:00,160.0,127,160.0
2026-09-01 20:30:00+00:00,163.0,122,163.0
2026-09-01 21:00:00+00:00,163.0,107,163.0
2026-09-01 21:30:00+00:00,164.0,96,164.0
2026-09-01 22:00:00+00:00,164.0,90,164.0
2026-09-01 22:30:00+00:00,160.0,95,160.0
2026-09-01 23:00:00+00:00,164.0,94,164.0
2026-09-01 23:30:00+00:00,159.0,94,159.0
2026-09-02 00:00:00+00:00,160.0,102,160.0
2026-09-02 00:30:00+00:00,156.0,98,156.0
2026-09-02 01:00:00+00:00,156.0,99,156.0
2026-09-02 01:30:00+00:00,166.0,100,166.0
2026-09-02 02:00:00+00:00,167.0,100,167.0
2026-09-02 02:30:00+00:00,169.0,102,169.0
2026-09-02 03:00:00+00:00,172.0,107,172.0
2026-09-02 03:30:00+00:00,178.0,104,178.0
2026-09-02 04:00:00+00:00,180.0,106,180.0
2026-09-02 04:30:00+00:00,181.0,118,181.0
2026-09-02 05:00:00+00:00,181.0,131,181.0
2026-09-02 05:30:00+00:00,173.0,144,173.0
2026-09-02 06:00:00+00:00,175.0,143,175.0
2026-09-02 06:30:00+00:00,166.0,135,166.0
2026-09-02 07:00:00+00:00,167.0,127,167.0
2026-09-02 07:30:00+00:00,164.0,118,164.0
2026-09-02 08:00:00+00:00,160.0,109,160.0
2026-09-02 08:30:00+00:00,154.0,101,154.0
2026-09-02 09:00:00+00:00,152.0,95,152.0
2026-09-02 09:30:00+00:00,150.0,89,150.0
2026-09-02 10:00:00+00:00,145.0,87,145.0
2026-09-02 10:30:00+00:00,140.0,86,140.0
2026-09-02 11:00:00+00:00,134.0,85,134.0
2026-09-02 11:30:00+00:00,135.0,81,135.0
2026-09-02 12:00:00+00:00,128.0,79,128.0
2026-09-02 12:30:00+00:00,132.0,77,132.0
2026-09-02 13:00:00+00:00,131.0,78,131.0
2026-09-02 13:30:00+00:00,127.0,81,127.0
2026-09-02 14:00:00+00:00,126.0,85,126.0
2026-09-02 14:30:00+00:00,123.0,86,123.0
2026-09-02 15:00:00+00:00,129.0,90,129.0
2026-09-02 15:30:00+00:00,134.0,95,134.0
2026-09-02 16:00:00+00:00,135.0,101,135.0
2026-09-02 16:30:00+00:00,147.0,135,147.0
2026-09-02 17:00:00+00:00,145.0,136,145.0
2026-09-02 17:30:00+00:00,145.0,141,145.0
2026-09-02 18:00:00+00:00,142.0,136,142.0
2026-09-02 18:30:00+00:00,143.0,134,143.0
2026-09-02 19:00:00+00:00,138.0,125,138.0
2026-09-02 19:30:00+00:00,136.0,121,136.0
2026-09-02 20:00:00+00:00,130.0,126,130.0
2026-09-02 20:30:00+00:00,124.0,115,124.0
2026-09-02 21:00:00+00:00,106.0,119,106.0
2026-09-02 21:30:00+00:00,81.0,110,81.0
2026-09-02 22:00:00+00:00,78.0,92,78.0
2026-09-02 22:30:00+00:00,69.0,72,69.0
2026-09-02 23:00:00+00:00,64.0,67,64.0
2026-09-02 23:30:00+00:00,67.0,65,67.0
2026-09-03 00:00:00+00:00,64.0,59,64.0
2026-09-03 00:30:00+00:00,60.0,59,60.0
2026-09-03 01:00:00+00:00,57.0,60,57.0
2026-09-03 01:30:00+00:00,57.0,56,57.0
2026-09-03 02:00:00+00:00,56.0,56,56.0
2026-09-03 02:30:00+00:00,63.0,58,63.0
2026-09-03 03:00:00+00:00,66.0,54,66.0
2026-09-03 03:30:00+00:00,75.0,57,75.0
2026-09-03 04:00:00+00:00,81.0,64,81.0
2026-09-03 04:30:00+00:00,88.0,67,88.0
2026-09-03 05:00:00+00:00,100.0,72,100.0
2026-09-03 05:30:00+00:00,87.0,82,87.0
2026-09-03 06:00:00+00:00,87.0,78,87.0
2026-09-03 06:30:00+00:00,77.0,82,77.0
2026-09-03 07:00:00+00:00,71.0,81,71.0
2026-09-03 07:30:00+00:00,63.0,75,63.0
2026-09-03 08:00:00+00:00,58.0,69,58.0
2026-09-03 08:30:00+00:00,53.0,61,53.0
2026-09-03 09:00:00+00:00,46.0,59,46.0
2026-09-03 09:30:00+00:00,44.0,50,44.0
2026-09-03 10:00:00+00:00,40.0,40,40.0
2026-09-03 10:30:00+00:00,39.0,40,39.0
2026-09-03 11:00:00+00:00,42.0,38,42.0
2026-09-03 11:30:00+00:00,42.0,36,42.0
2026-09-03 12:00:00+00:00,40.0,37,40.0
2026-09-03 12:30:00+00:00,38.0,34,38.0
2026-09-03 13:00:00+00:00,42.0,34,42.0
2026-09-03 13:30:00+00:00,41.0,33,41.0
2026-09-03 14:00:00+00:00,50.0,41,50.0
2026-09-03 14:30:00+00:00,62.0,45,62.0
2026-09-03 15:00:00+00:00,74.0,49,74.0
2026-09-03 15:30:00+00:00,86.0,61,86.0
2026-09-03 16:00:00+00:00,92.0,73,92.0
2026-09-03 16:30:00+00:00,99.0,89,99.0
2026-09-03 17:00:00+00:00,109.0,101,109.0
2026-09-03 17:30:00+00:00,115.0,114,115.0
2026-09-03 18:00:00+00:00,117.0,107,117.0
2026-09-03 18:30:00+00:00,108.0,110,108.0
2026-09-03 19:00:00+00:00,106.0,107,106.0
2026-09-03 19:30:00+00:00,108.0,98,108.0
2026-09-03 20:00:00+00:00,105.0,102,105.0
2026-09-03 20:30:00+00:00,104.0,108,104.0
2026-09-03 21:00:00+00:00,101.0,98,101.0
2026-09-03 21:30:00+00:00,89.0,90,89.0
2026-09-03 22:00:00+00:00,86.0,87,86.0
2026-09-03 22:30:00+00:00,82.0,73,82.0
2026-09-03 23:00:00+00:00,77.0,66,77.0
2026-09-03 23:30:00+00:00,74.0,62,74.0
2026-09-04 00:00:00+00:00,71.0,67,71.0
2026-09-04 00:30:00+00:00,67.0,66,67.0
2026-09-04 01:00:00+00:00,67.0,63,67.0
2026-09-04 01:30:00+00:00,63.0,63,63.0
2026-09-04 02:00:00+00:00,62.0,60,62.0
2026-09-04 02:30:00+00:00,67.0,58,67.0
2026-09-04 03:00:00+00:00,66.0,63,66.0
2026-09-04 03:30:00+00:00,81.0,66,81.0
2026-09-04 04:00:00+00:00,88.0,63,88.0
2026-09-04 04:30:00+00:00,109.0,67,109.0
2026-09-04 05:00:00+00:00,118.0,76,118.0
2026-09-04 05:30:00+00:00,118.0,94,118.0
2026-09-04 06:00:00+00:00,112.0,96,112.0
2026-09-04 06:30:00+00:00,93.0,90,93.0
2026-09-04 07:00:00+00:00,82.0,89,82.0
2026-09-04 07:30:00+00:00,58.0,84,58.0
2026-09-04 08:00:00+00:00,53.0,71,53.0
2026-09-04 08:30:00+00:00,49.0,52,49.0
2026-09-04 09:00:00+00:00,49.0,43,49.0
2026-09-04 09:30:00+00:00,54.0,42,54.0
2026-09-04 10:00:00+00:00,51.0,45,51.0
2026-09-04 10:30:00+00:00,43.0,51,43.0
2026-09-04 11:00:00+00:00,43.0,48,43.0
2026-09-04 11:30:00+00:00,46.0,41,46.0
2026-09-04 12:00:00+00:00,43.0,38,43.0
2026-09-04 12:30:00+00:00,40.0,40,40.0
2026-09-04 13:00:00+00:00,41.0,39,41.0
2026-09-04 13:30:00+00:00,40.0,37,40.0
2026-09-04 14:00:00+00:00,42.0,38,42.0
2026-09-04 14:30:00+00:00,46.0,37,46.0
2026-09-04 15:00:00+00:00,53.0,39,53.0
2026-09-04 15:30:00+00:00,65.0,43,65.0
2026-09-04 16:00:00+00:00,73.0,49,73.0
2026-09-04 16:30:00+00:00,84.0,59,84.0
2026-09-04 17:00:00+00:00,91.0,67,91.0
2026-09-04 17:30:00+00:00,95.0,78,95.0
2026-09-04 18:00:00+00:00,100.0,88,100.0
2026-09-04 18:30:00+00:00,100.0,88,100.0
2026-09-04 19:00:00+00:00,100.0,94,100.0
2026-09-04 19:30:00+00:00,92.0,92,92.0
2026-09-04 20:00:00+00:00,85.0,94,85.0
2026-09-04 20:30:00+00:00,75.0,92,75.0
2026-09-04 21:00:00+00:00,71.0,87,71.0
2026-09-04 21:30:00+00:00,67.0,80,67.0
2026-09-04 22:00:00+00:00,64.0,70,64.0
2026-09-04 22:30:00+00:00,72.0,65,72.0
2026-09-04 23:00:00+00:00,75.0,58,75.0
2026-09-04 23:30:00+00:00,72.0,52,72.0
2026-09-05 00:00:00+00:00,69.0,52,69.0
2026-09-05 00:30:00+00:00,67.0,48,67.0
2026-09-05 01:00:00+00:00,66.0,46,66.0
2026-09-05 01:30:00+00:00,67.0,44,67.0
2026-09-05 02:00:00+00:00,64.0,43,64.0
2026-09-05 02:30:00+00:00,64.0,41,64.0
2026-09-05 03:00:00+00:00,60.0,40,60.0
2026-09-05 03:30:00+00:00,56.0,41,56.0
2026-09-05 04:00:00+00:00,55.0,40,55.0
2026-09-05 04:30:00+00:00,57.0,41,57.0
2026-09-05 05:00:00+00:00,64.0,42,64.0
2026-09-05 05:30:00+00:00,65.0,41,65.0
2026-09-05 06:00:00+00:00,64.0,38,64.0
2026-09-05 06:30:00+00:00,67.0,35,67.0
2026-09-05 07:00:00+00:00,62.0,35,62.0
2026-09-05 07:30:00+00:00,53.0,33,53.0
2026-09-05 08:00:00+00:00,51.0,30,51.0
2026-09-05 08:30:00+00:00,46.0,28,46.0
2026-09-05 09:00:00+00:00,45.0,26,45.0
2026-09-05 09:30:00+00:00,45.0,29,45.0
2026-09-05 10:00:00+00:00,46.0,28,46.0
2026-09-05 10:30:00+00:00,45.0,28,45.0
2026-09-05 11:00:00+00:00,46.0,28,46.0
2026-09-05 11:30:00+00:00,49.0,30,49.0
2026-09-05 12:00:00+00:00,48.0,30,48.0
2026-09-05 12:30:00+00:00,45.0,32,45.0
2026-09-05 13:00:00+00:00,48.0,33,48.0
2026-09-05 13:30:00+00:00,51.0,35,51.0
2026-09-05 14:00:00+00:00,52.0,37,52.0
2026-09-05 14:30:00+00:00,64.0,42,64.0
2026-09-05 15:00:00+00:00,74.0,47,74.0
2026-09-05 15:30:00+00:00,89.0,75,89.0
2026-09-05 16:00:00+00:00,106.0,103,106.0
2026-09-05 16:30:00+00:00,117.0,131,117.0
2026-09-05 17:00:00+00:00,132.0,153,132.0
2026-09-05 17:30:00+00:00,141.0,174,141.0
2026-09-05 18:00:00+00:00,151.0,186,151.0
2026-09-05 18:30:00+00:00,155.0,188,155.0
2026-09-05 19:00:00+00:00,152.0,191,152.0
2026-09-05 19:30:00+00:00,150.0,185,150.0
2026-09-05 20:00:00+00:00,144.0,180,144.0
2026-09-05 20:30:00+00:00,138.0,178,138.0
2026-09-05 21:00:00+00:00,132.0,178,132.0
2026-09-05 21:30:00+00:00,120.0,174,120.0
2026-09-05 22:00:00+00:00,111.0,173,111.0
2026-09-05 22:30:00+00:00,98.0,173,98.0
2026-09-05 23:00:00+00:00,86.0,169,86.0
2026-09-05 23:30:00+00:00,78.0,156,78.0
2026-09-06 00:00:00+00:00,77.0,147,77.0
2026-09-06 00:30:00+00:00,72.0,140,72.0
2026-09-06 01:00:00+00:00,67.0,134,67.0
2026-09-06 01:30:00+00:00,69.0,124,69.0
2026-09-06 02:00:00+00:00,66.0,112,66.0
2026-09-06 02:30:00+00:00,74.0,108,74.0
2026-09-06 03:00:00+00:00,67.0,103,67.0
2026-09-06 03:30:00+00:00,72.0,96,72.0
2026-09-06 04:00:00+00:00,66.0,88,66.0
2026-09-06 04:30:00+00:00,66.0,84,66.0
2026-09-06 05:00:00+00:00,60.0,80,60.0
2026-09-06 05:30:00+00:00,65.0,78,65.0
2026-09-06 06:00:00+00:00,66.0,75,66.0
2026-09-06 06:30:00+00:00,60.0,69,60.0
2026-09-06 07:00:00+00:00,56.0,65,56.0
2026-09-06 07:30:00+00:00,47.0,59,47.0
2026-09-06 08:00:00+00:00,40.0,55,40.0
2026-09-06 08:30:00+00:00,38.0,51,38.0
2026-09-06 09:00:00+00:00,37.0,46,37.0
2026-09-06 09:30:00+00:00,35.0,42,35.0
2026-09-06 10:00:00+00:00,35.0,41,35.0
2026-09-06 10:30:00+00:00,33.0,41,33.0
2026-09-06 11:00:00+00:00,33.0,38,33.0
2026-09-06 11:30:00+00:00,35.0,37,35.0
2026-09-06 12:00:00+00:00,35.0,39,35.0
2026-09-06 12:30:00+00:00,36.0,36,36.0
2026-09-06 13:00:00+00:00,35.0,36,35.0
2026-09-06 13:30:00+00:00,36.0,35,36.0
2026-09-06 14:00:00+00:00,47.0,36,47.0
2026-09-06 14:30:00+00:00,61.0,38,61.0
2026-09-06 15:00:00+00:00,74.0,35,74.0
2026-09-06 15:30:00+00:00,83.0,40,83.0
2026-09-06 16:00:00+00:00,94.0,43,94.0
2026-09-06 16:30:00+00:00,111.0,48,111.0
2026-09-06 17:00:00+00:00,121.0,51,121.0
2026-09-06 17:30:00+00:00,133.0,54,133.0
2026-09-06 18:00:00+00:00,133.0,55,133.0
2026-09-06 18:30:00+00:00,130.0,54,130.0
2026-09-06 19:00:00+00:00,122.0,137,122.0
2026-09-06 19:30:00+00:00,110.0,117,110.0
2026-09-06 20:00:00+00:00,100.0,119,100.0
2026-09-06 20:30:00+00:00,90.0,109,90.0
2026-09-06 21:00:00+00:00,84.0,99,84.0
2026-09-06 21:30:00+00:00,73.0,83,73.0
2026-09-06 22:00:00+00:00,66.0,87,66.0
2026-09-06 22:30:00+00:00,61.0,84,61.0
2026-09-06 23:00:00+00:00,59.0,91,59.0
2026-09-06 23:30:00+00:00,58.0,98,58.0
2026-09-07 00:00:00+00:00,53.0,65,53.0
2026-09-07 00:30:00+00:00,50.0,63,50.0
2026-09-07 01:00:00+00:00,47.0,59,47.0
2026-09-07 01:30:00+00:00,47.0,56,47.0
2026-09-07 02:00:00+00:00,49.0,53,49.0
2026-09-07 02:30:00+00:00,60.0,51,60.0
2026-09-07 03:00:00+00:00,63.0,54,63.0
2026-09-07 03:30:00+00:00,68.0,63,68.0
2026-09-07 04:00:00+00:00,73.0,66,73.0
2026-09-07 04:30:00+00:00,86.0,72,86.0
2026-09-07 05:00:00+00:00,104.0,71,104.0
2026-09-07 05:30:00+00:00,92.0,86,92.0
2026-09-07 06:00:00+00:00,97.0,95,97.0
2026-09-07 06:30:00+00:00,85.0,90,85.0
2026-09-07 07:00:00+00:00,85.0,82,85.0
2026-09-07 07:30:00+00:00,81.0,74,81.0
2026-09-07 08:00:00+00:00,68.0,71,68.0
2026-09-07 08:30:00+00:00,69.0,60,69.0
2026-09-07 09:00:00+00:00,69.0,62,69.0
2026-09-07 09:30:00+00:00,62.0,59,62.0
2026-09-07 10:00:00+00:00,58.0,55,58.0
2026-09-07 10:30:00+00:00,60.0,58,60.0
2026-09-07 11:00:00+00:00,58.0,54,58.0
2026-09-07 11:30:00+00:00,53.0,54,53.0
2026-09-07 12:00:00+00:00,53.0,56,53.0
2026-09-07 12:30:00+00:00,55.0,53,55.0
2026-09-07 13:00:00+00:00,56.0,50,56.0
2026-09-07 13:30:00+00:00,59.0,51,59.0
2026-09-07 14:00:00+00:00,63.0,52,63.0
2026-09-07 14:30:00+00:00,71.0,51,71.0
2026-09-07 15:00:00+00:00,82.0,53,82.0
2026-09-07 15:30:00+00:00,106.0,72,106.0
2026-09-07 16:00:00+00:00,121.0,85,121.0
2026-09-07 16:30:00+00:00,143.0,94,143.0
2026-09-07 17:00:00+00:00,142.0,103,142.0
2026-09-07 17:30:00+00:00,146.0,103,146.0
2026-09-07 18:00:00+00:00,146.0,101,146.0
2026-09-07 18:30:00+00:00,136.0,97,136.0
2026-09-07 19:00:00+00:00,130.0,93,130.0
2026-09-07 19:30:00+00:00,119.0,89,119.0
2026-09-07 20:00:00+00:00,108.0,85,108.0
2026-09-07 20:30:00+00:00,104.0,79,104.0
2026-09-07 21:00:00+00:00,97.0,74,97.0
2026-09-07 21:30:00+00:00,99.0,73,99.0
2026-09-07 22:00:00+00:00,105.0,72,105.0
2026-09-07 22:30:00+00:00,97.0,76,97.0
2026-09-07 23:00:00+00:00,97.0,75,97.0
2026-09-07 23:30:00+00:00,107.0,79,107.0
2026-09-08 00:00:00+00:00,106.0,79,106.0
2026-09-08 00:30:00+00:00,93.0,80,93.0
2026-09-08 01:00:00+00:00,82.0,79,82.0
2026-09-08 01:30:00+00:00,76.0,81,76.0
2026-09-08 02:00:00+00:00,79.0,80,79.0
2026-09-08 02:30:00+00:00,80.0,78,80.0
2026-09-08 03:00:00+00:00,80.0,77,80.0
2026-09-08 03:30:00+00:00,83.0,77,83.0
2026-09-08 04:00:00+00:00,84.0,76,84.0
2026-09-08 04:30:00+00:00,93.0,77,93.0
2026-09-08 05:00:00+00:00,111.0,77,111.0
2026-09-08 05:30:00+00:00,116.0,76,116.0
2026-09-08 06:00:00+00:00,121.0,74,121.0
2026-09-08 06:30:00+00:00,98.0,67,98.0
2026-09-08 07:00:00+00:00,95.0,62,95.0
2026-09-08 07:30:00+00:00,91.0,57,91.0
2026-09-08 08:00:00+00:00,94.0,51,94.0
2026-09-08 08:30:00+00:00,87.0,48,87.0
2026-09-08 09:00:00+00:00,87.0,44,87.0
2026-09-08 09:30:00+00:00,87.0,42,87.0
2026-09-08 10:00:00+00:00,79.0,39,79.0
2026-09-08 10:30:00+00:00,79.0,40,79.0
2026-09-08 11:00:00+00:00,73.0,40,73.0
2026-09-08 11:30:00+00:00,72.0,38,72.0
2026-09-08 12:00:00+00:00,74.0,38,74.0
2026-09-08 12:30:00+00:00,74.0,40,74.0
2026-09-08 13:00:00+00:00,73.0,44,73.0
2026-09-08 13:30:00+00:00,76.0,47,76.0
2026-09-08 14:00:00+00:00,77.0,49,77.0
2026-09-08 14:30:00+00:00,80.0,50,80.0
2026-09-08 15:00:00+00:00,75.0,51,75.0
2026-09-08 15:30:00+00:00,75.0,52,75.0
2026-09-08 16:00:00+00:00,73.0,52,73.0
2026-09-08 16:30:00+00:00,87.0,53,87.0
2026-09-08 17:00:00+00:00,84.0,57,84.0
2026-09-08 17:30:00+00:00,90.0,80,90.0
2026-09-08 18:00:00+00:00,94.0,84,94.0
2026-09-08 18:30:00+00:00,87.0,80,87.0
2026-09-08 19:00:00+00:00,86.0,85,86.0
2026-09-08 19:30:00+00:00,88.0,85,88.0
2026-09-08 20:00:00+00:00,83.0,83,83.0
2026-09-08 20:30:00+00:00,77.0,80,77.0
2026-09-08 21:00:00+00:00,64.0,81,64.0
2026-09-08 21:30:00+00:00,58.0,77,58.0
2026-09-08 22:00:00+00:00,53.0,64,53.0
2026-09-08 22:30:00+00:00,51.0,59,51.0
2026-09-08 23:00:00+00:00,52.0,60,52.0
2026-09-08 23:30:00+00:00,49.0,64,49.0
2026-09-09 00:00:00+00:00,47.0,54,47.0
2026-09-09 00:30:00+00:00,48.0,50,48.0
2026-09-09 01:00:00+00:00,48.0,47,48.0
2026-09-09 01:30:00+00:00,47.0,49,47.0
2026-09-09 02:00:00+00:00,48.0,51,48.0
2026-09-09 02:30:00+00:00,49.0,54,49.0
2026-09-09 03:00:00+00:00,50.0,49,50.0
2026-09-09 03:30:00+00:00,53.0,51,53.0
2026-09-09 04:00:00+00:00,56.0,53,56.0
2026-09-09 04:30:00+00:00,60.0,55,60.0
2026-09-09 05:00:00+00:00,71.0,57,71.0
2026-09-09 05:30:00+00:00,64.0,56,64.0
2026-09-09 06:00:00+00:00,68.0,57,68.0
2026-09-09 06:30:00+00:00,64.0,53,64.0
2026-09-09 07:00:00+00:00,59.0,51,59.0
2026-09-09 07:30:00+00:00,57.0,50,57.0
2026-09-09 08:00:00+00:00,54.0,48,54.0
2026-09-09 08:30:00+00:00,54.0,49,54.0
2026-09-09 09:00:00+00:00,55.0,52,55.0
2026-09-09 09:30:00+00:00,59.0,58,59.0
2026-09-09 10:00:00+00:00,62.0,62,62.0
2026-09-09 10:30:00+00:00,66.0,57,66.0
2026-09-09 11:00:00+00:00,72.0,57,72.0
2026-09-09 11:30:00+00:00,77.0,66,77.0
2026-09-09 12:00:00+00:00,83.0,68,83.0
2026-09-09 12:30:00+00:00,92.0,75,92.0
2026-09-09 13:00:00+00:00,103.0,82,103.0
2026-09-09 13:30:00+00:00,118.0,93,118.0
2026-09-09 14:00:00+00:00,135.0,112,135.0
2026-09-09 14:30:00+00:00,146.0,124,146.0
2026-09-09 15:00:00+00:00,158.0,139,158.0
2026-09-09 15:30:00+00:00,164.0,150,164.0
2026-09-09 16:00:00+00:00,173.0,168,173.0
2026-09-09 16:30:00+00:00,184.0,183,184.0
2026-09-09 17:00:00+00:00,193.0,202,193.0
2026-09-09 17:30:00+00:00,202.0,211,202.0
2026-09-09 18:00:00+00:00,207.0,221,207.0
2026-09-09 18:30:00+00:00,208.0,219,208.0
2026-09-09 19:00:00+00:00,209.0,218,209.0
2026-09-09 19:30:00+00:00,204.0,188,204.0
2026-09-09 20:00:00+00:00,203.0,216,203.0
2026-09-09 20:30:00+00:00,199.0,216,199.0
2026-09-09 21:00:00+00:00,186.0,207,186.0
2026-09-09 21:30:00+00:00,172.0,199,172.0
2026-09-09 22:00:00+00:00,166.0,193,166.0
2026-09-09 22:30:00+00:00,163.0,178,163.0
2026-09-09 23:00:00+00:00,159.0,169,159.0
2026-09-09 23:30:00+00:00,151.0,162,151.0
2026-09-10 00:00:00+00:00,146.0,161,146.0
2026-09-10 00:30:00+00:00,146.0,157,146.0
2026-09-10 01:00:00+00:00,145.0,150,145.0
2026-09-10 01:30:00+00:00,150.0,150,150.0
2026-09-10 02:00:00+00:00,145.0,151,145.0
2026-09-10 02:30:00+00:00,147.0,138,147.0
2026-09-10 03:00:00+00:00,141.0,133,141.0
2026-09-10 03:30:00+00:00,140.0,123,140.0
2026-09-10 04:00:00+00:00,144.0,137,144.0
2026-09-10 04:30:00+00:00,153.0,144,153.0
2026-09-10 05:00:00+00:00,158.0,129,158.0
2026-09-10 05:30:00+00:00,160.0,97,160.0
2026-09-10 06:00:00+00:00,166.0,81,166.0
2026-09-10 06:30:00+00:00,145.0,149,145.0
2026-09-10 07:00:00+00:00,129.0,140,129.0
2026-09-10 07:30:00+00:00,107.0,130,107.0
2026-09-10 08:00:00+00:00,92.0,111,92.0
2026-09-10 08:30:00+00:00,82.0,82,82.0
2026-09-10 09:00:00+00:00,75.0,70,75.0
2026-09-10 09:30:00+00:00,71.0,74,71.0
2026-09-10 10:00:00+00:00,67.0,67,67.0
2026-09-10 10:30:00+00:00,64.0,66,64.0
2026-09-10 11:00:00+00:00,63.0,63,63.0
2026-09-10 11:30:00+00:00,64.0,64,64.0
2026-09-10 12:00:00+00:00,64.0,63,64.0
2026-09-10 12:30:00+00:00,70.0,64,70.0
2026-09-10 13:00:00+00:00,66.0,67,66.0
2026-09-10 13:30:00+00:00,66.0,65,66.0
2026-09-10 14:00:00+00:00,70.0,69,70.0
2026-09-10 14:30:00+00:00,85.0,67,85.0
2026-09-10 15:00:00+00:00,101.0,70,101.0
2026-09-10 15:30:00+00:00,122.0,84,122.0
2026-09-10 16:00:00+00:00,128.0,104,128.0
2026-09-10 16:30:00+00:00,128.0,125,128.0
2026-09-10 17:00:00+00:00,136.0,129,136.0
2026-09-10 17:30:00+00:00,135.0,130,135.0
2026-09-10 18:00:00+00:00,130.0,127,130.0
2026-09-10 18:30:00+00:00,126.0,134,126.0
2026-09-10 19:00:00+00:00,120.0,126,120.0
2026-09-10 19:30:00+00:00,115.0,120,115.0
2026-09-10 20:00:00+00:00,104.0,119,104.0
2026-09-10 20:30:00+00:00,102.0,114,102.0
2026-09-10 21:00:00+00:00,93.0,108,93.0
2026-09-10 21:30:00+00:00,88.0,102,88.0
2026-09-10 22:00:00+00:00,83.0,95,83.0
2026-09-10 22:30:00+00:00,77.0,84,77.0
2026-09-10 23:00:00+00:00,78.0,78,78.0
2026-09-10 23:30:00+00:00,73.0,80,73.0
2026-09-11 00:00:00+00:00,77.0,78,77.0
2026-09-11 00:30:00+00:00,73.0,72,73.0
2026-09-11 01:00:00+00:00,72.0,70,72.0
2026-09-11 01:30:00+00:00,74.0,72,74.0
2026-09-11 02:00:00+00:00,75.0,71,75.0
2026-09-11 02:30:00+00:00,80.0,75,80.0
2026-09-11 03:00:00+00:00,86.0,75,86.0
2026-09-11 03:30:00+00:00,101.0,80,101.0
2026-09-11 04:00:00+00:00,112.0,83,112.0
2026-09-11 04:30:00+00:00,127.0,99,127.0
2026-09-11 05:00:00+00:00,139.0,118,139.0
2026-09-11 05:30:00+00:00,130.0,148,130.0
2026-09-11 06:00:00+00:00,136.0,137,136.0
2026-09-11 06:30:00+00:00,123.0,137,123.0
2026-09-11 07:00:00+00:00,119.0,137,119.0
2026-09-11 07:30:00+00:00,112.0,119,112.0
2026-09-11 08:00:00+00:00,102.0,111,102.0
2026-09-11 08:30:00+00:00,97.0,100,97.0
2026-09-11 09:00:00+00:00,95.0,100,95.0
2026-09-11 09:30:00+00:00,95.0,95,95.0
2026-09-11 10:00:00+00:00,98.0,90,98.0
2026-09-11 10:30:00+00:00,101.0,97,101.0
2026-09-11 11:00:00+00:00,104.0,94,104.0
2026-09-11 11:30:00+00:00,105.0,105,105.0
2026-09-11 12:00:00+00:00,105.0,106,105.0
2026-09-11 12:30:00+00:00,108.0,105,108.0
2026-09-11 13:00:00+00:00,114.0,106,114.0
2026-09-11 13:30:00+00:00,124.0,111,124.0
2026-09-11 14:00:00+00:00,129.0,121,129.0
2026-09-11 14:30:00+00:00,140.0,131,140.0
2026-09-11 15:00:00+00:00,155.0,143,155.0
2026-09-11 15:30:00+00:00,166.0,150,166.0
2026-09-11 16:00:00+00:00,177.0,165,177.0
2026-09-11 16:30:00+00:00,183.0,181,183.0
2026-09-11 17:00:00+00:00,194.0,197,194.0
2026-09-11 17:30:00+00:00,197.0,206,197.0
2026-09-11 18:00:00+00:00,199.0,220,199.0
2026-09-11 18:30:00+00:00,199.0,211,199.0
2026-09-11 19:00:00+00:00,192.0,213,192.0
2026-09-11 19:30:00+00:00,187.0,74,187.0
2026-09-11 20:00:00+00:00,179.0,204,179.0
2026-09-11 20:30:00+00:00,189.0,189,189.0
2026-09-11 21:00:00+00:00,177.0,172,177.0
2026-09-11 21:30:00+00:00,177.0,180,177.0
2026-09-11 22:00:00+00:00,162.0,156,162.0
2026-09-11 22:30:00+00:00,150.0,151,150.0
2026-09-11 23:00:00+00:00,135.0,130,135.0
2026-09-11 23:30:00+00:00,122.0,104,122.0
2026-09-12 00:00:00+00:00,117.0,111,117.0
2026-09-12 00:30:00+00:00,116.0,109,116.0
2026-09-12 01:00:00+00:00,115.0,105,115.0
2026-09-12 01:30:00+00:00,140.0,108,140.0
2026-09-12 02:00:00+00:00,138.0,110,138.0
2026-09-12 02:30:00+00:00,144.0,127,144.0
2026-09-12 03:00:00+00:00,141.0,127,141.0
2026-09-12 03:30:00+00:00,139.0,132,139.0
2026-09-12 04:00:00+00:00,133.0,137,133.0
2026-09-12 04:30:00+00:00,123.0,117,123.0
2026-09-12 05:00:00+00:00,106.0,118,106.0
2026-09-12 05:30:00+00:00,109.0,120,109.0
2026-09-12 06:00:00+00:00,111.0,116,111.0
2026-09-12 06:30:00+00:00,92.0,107,92.0
2026-09-12 07:00:00+00:00,83.0,93,83.0
2026-09-12 07:30:00+00:00,74.0,77,74.0
2026-09-12 08:00:00+00:00,66.0,67,66.0
2026-09-12 08:30:00+00:00,59.0,60,59.0
2026-09-12 09:00:00+00:00,51.0,56,51.0
2026-09-12 09:30:00+00:00,42.0,53,42.0
2026-09-12 10:00:00+00:00,38.0,44,38.0
2026-09-12 10:30:00+00:00,36.0,41,36.0
2026-09-12 11:00:00+00:00,35.0,33,35.0
2026-09-12 11:30:00+00:00,35.0,33,35.0
2026-09-12 12:00:00+00:00,33.0,31,33.0
2026-09-12 12:30:00+00:00,28.0,33,28.0
2026-09-12 13:00:00+00:00,27.0,31,27.0
2026-09-12 13:30:00+00:00,29.0,27,29.0
2026-09-12 14:00:00+00:00,31.0,25,31.0
2026-09-12 14:30:00+00:00,34.0,27,34.0
2026-09-12 15:00:00+00:00,44.0,29,44.0
2026-09-12 15:30:00+00:00,52.0,32,52.0
2026-09-12 16:00:00+00:00,56.0,39,56.0
2026-09-12 16:30:00+00:00,63.0,47,63.0
2026-09-12 17:00:00+00:00,77.0,47,77.0
2026-09-12 17:30:00+00:00,74.0,54,74.0
2026-09-12 18:00:00+00:00,83.0,61,83.0
2026-09-12 18:30:00+00:00,75.0,70,75.0
2026-09-12 19:00:00+00:00,77.0,77,77.0
2026-09-12 19:30:00+00:00,79.0,76,79.0
2026-09-12 20:00:00+00:00,80.0,77,80.0
2026-09-12 20:30:00+00:00,79.0,81,79.0
2026-09-12 21:00:00+00:00,83.0,80,83.0
2026-09-12 21:30:00+00:00,88.0,75,88.0
2026-09-12 22:00:00+00:00,90.0,76,90.0
2026-09-12 22:30:00+00:00,93.0,80,93.0
2026-09-12 23:00:00+00:00,95.0,80,95.0
2026-09-12 23:30:00+00:00,97.0,82,97.0
2026-09-13 00:00:00+00:00,99.0,109,99.0
2026-09-13 00:30:00+00:00,102.0,110,102.0
2026-09-13 01:00:00+00:00,106.0,110,106.0
2026-09-13 01:30:00+00:00,112.0,113,112.0
2026-09-13 02:00:00+00:00,114.0,120,114.0
2026-09-13 02:30:00+00:00,118.0,126,118.0
2026-09-13 03:00:00+00:00,124.0,120,124.0
2026-09-13 03:30:00+00:00,128.0,126,128.0
2026-09-13 04:00:00+00:00,136.0,133,136.0
2026-09-13 04:30:00+00:00,144.0,131,144.0
2026-09-13 05:00:00+00:00,155.0,154,155.0
2026-09-13 05:30:00+00:00,167.0,164,167.0
2026-09-13 06:00:00+00:00,172.0,171,172.0
2026-09-13 06:30:00+00:00,172.0,186,172.0
2026-09-13 07:00:00+00:00,170.0,180,170.0
2026-09-13 07:30:00+00:00,172.0,188,172.0
2026-09-13 08:00:00+00:00,172.0,181,172.0
2026-09-13 08:30:00+00:00,169.0,171,169.0
2026-09-13 09:00:00+00:00,167.0,176,167.0
2026-09-13 09:30:00+00:00,167.0,177,167.0
2026-09-13 10:00:00+00:00,166.0,171,166.0
2026-09-13 10:30:00+00:00,167.0,170,167.0
2026-09-13 11:00:00+00:00,165.0,169,165.0
2026-09-13 11:30:00+00:00,166.0,173,166.0
2026-09-13 12:00:00+00:00,167.0,168,167.0
2026-09-13 12:30:00+00:00,169.0,170,169.0
2026-09-13 13:00:00+00:00,165.0,171,165.0
2026-09-13 13:30:00+00:00,164.0,176,164.0
2026-09-13 14:00:00+00:00,168.0,179,168.0
2026-09-13 14:30:00+00:00,173.0,178,173.0
2026-09-13 15:00:00+00:00,180.0,184,180.0
2026-09-13 15:30:00+00:00,183.0,190,183.0
2026-09-13 16:00:00+00:00,190.0,201,190.0
2026-09-13 16:30:00+00:00,193.0,204,193.0
2026-09-13 17:00:00+00:00,198.0,211,198.0
2026-09-13 17:30:00+00:00,204.0,213,204.0
2026-09-13 18:00:00+00:00,204.0,214,204.0
2026-09-13 18:30:00+00:00,204.0,217,204.0
2026-09-13 19:00:00+00:00,199.0,216,199.0
2026-09-13 19:30:00+00:00,199.0,139,199.0
2026-09-13 20:00:00+00:00,195.0,208,195.0
2026-09-13 20:30:00+00:00,200.0,202,200.0
2026-09-13 21:00:00+00:00,196.0,199,196.0
2026-09-13 21:30:00+00:00,195.0,198,195.0
2026-09-13 22:00:00+00:00,196.0,191,196.0
2026-09-13 22:30:00+00:00,199.0,191,199.0
2026-09-13 23:00:00+00:00,197.0,184,197.0
2026-09-13 23:30:00+00:00,197.0,177,197.0
2026-09-14 00:00:00+00:00,194.0,198,194.0
2026-09-14 00:30:00+00:00,189.0,190,189.0
2026-09-14 01:00:00+00:00,185.0,200,185.0
2026-09-14 01:30:00+00:00,189.0,195,189.0
2026-09-14 02:00:00+00:00,183.0,188,183.0
2026-09-14 02:30:00+00:00,185.0,186,185.0
2026-09-14 03:00:00+00:00,190.0,188,190.0
2026-09-14 03:30:00+00:00,190.0,192,190.0
2026-09-14 04:00:00+00:00,189.0,194,189.0
2026-09-14 04:30:00+00:00,191.0,200,191.0
2026-09-14 05:00:00+00:00,195.0,200,195.0
2026-09-14 05:30:00+00:00,192.0,196,192.0
2026-09-14 06:00:00+00:00,194.0,199,194.0
2026-09-14 06:30:00+00:00,178.0,188,178.0
2026-09-14 07:00:00+00:00,174.0,188,174.0
2026-09-14 07:30:00+00:00,165.0,175,165.0
2026-09-14 08:00:00+00:00,162.0,173,162.0
2026-09-14 08:30:00+00:00,157.0,160,157.0
2026-09-14 09:00:00+00:00,147.0,155,147.0
2026-09-14 09:30:00+00:00,143.0,152,143.0
2026-09-14 10:00:00+00:00,136.0,145,136.0
2026-09-14 10:30:00+00:00,128.0,142,128.0
2026-09-14 11:00:00+00:00,121.0,138,121.0
2026-09-14 11:30:00+00:00,114.0,124,114.0
2026-09-14 12:00:00+00:00,111.0,119,111.0
2026-09-14 12:30:00+00:00,110.0,111,110.0
2026-09-14 13:00:00+00:00,107.0,112,107.0
2026-09-14 13:30:00+00:00,105.0,110,105.0
2026-09-14 14:00:00+00:00,111.0,109,111.0
2026-09-14 14:30:00+00:00,119.0,112,119.0
2026-09-14 15:00:00+00:00,124.0,125,124.0
2026-09-14 15:30:00+00:00,129.0,129,129.0
2026-09-14 16:00:00+00:00,133.0,131,133.0
2026-09-14 16:30:00+00:00,148.0,130,148.0
2026-09-14 17:00:00+00:00,151.0,140,151.0
2026-09-14 17:30:00+00:00,154.0,151,154.0
2026-09-14 18:00:00+00:00,151.0,149,151.0
2026-09-14 18:30:00+00:00,147.0,148,147.0
2026-09-14 19:00:00+00:00,142.0,144,142.0
2026-09-14 19:30:00+00:00,144.0,65,144.0
2026-09-14 20:00:00+00:00,138.0,136,138.0
2026-09-14 20:30:00+00:00,130.0,135,130.0
2026-09-14 21:00:00+00:00,119.0,130,119.0
2026-09-14 21:30:00+00:00,102.0,123,102.0
2026-09-14 22:00:00+00:00,95.0,117,95.0
2026-09-14 22:30:00+00:00,81.0,102,81.0
2026-09-14 23:00:00+00:00,80.0,93,80.0
2026-09-14 23:30:00+00:00,73.0,91,73.0
2026-09-15 00:00:00+00:00,70.0,77,70.0
2026-09-15 00:30:00+00:00,69.0,70,69.0
2026-09-15 01:00:00+00:00,66.0,68,66.0
2026-09-15 01:30:00+00:00,68.0,67,68.0
2026-09-15 02:00:00+00:00,66.0,63,66.0
2026-09-15 02:30:00+00:00,66.0,66,66.0
2026-09-15 03:00:00+00:00,62.0,67,62.0
2026-09-15 03:30:00+00:00,68.0,64,68.0
2026-09-15 04:00:00+00:00,69.0,62,69.0
2026-09-15 04:30:00+00:00,68.0,67,68.0
2026-09-15 05:00:00+00:00,81.0,69,81.0
2026-09-15 05:30:00+00:00,83.0,76,83.0
2026-09-15 06:00:00+00:00,85.0,71,85.0
2026-09-15 06:30:00+00:00,74.0,64,74.0
2026-09-15 07:00:00+00:00,67.0,64,67.0
2026-09-15 07:30:00+00:00,60.0,64,60.0
2026-09-15 08:00:00+00:00,57.0,57,57.0
2026-09-15 08:30:00+00:00,50.0,56,50.0
2026-09-15 09:00:00+00:00,44.0,52,44.0
2026-09-15 09:30:00+00:00,41.0,45,41.0
2026-09-15 10:00:00+00:00,39.0,42,39.0
2026-09-15 10:30:00+00:00,37.0,36,37.0
2026-09-15 11:00:00+00:00,34.0,34,34.0
2026-09-15 11:30:00+00:00,34.0,32,34.0
2026-09-15 12:00:00+00:00,35.0,29,35.0
2026-09-15 12:30:00+00:00,37.0,30,37.0
2026-09-15 13:00:00+00:00,38.0,34,38.0
2026-09-15 13:30:00+00:00,39.0,34,39.0
2026-09-15 14:00:00+00:00,46.0,37,46.0
2026-09-15 14:30:00+00:00,67.0,38,67.0
2026-09-15 15:00:00+00:00,88.0,47,88.0
2026-09-15 15:30:00+00:00,117.0,66,117.0
2026-09-15 16:00:00+00:00,125.0,98,125.0
2026-09-15 16:30:00+00:00,135.0,120,135.0
2026-09-15 17:00:00+00:00,144.0,133,144.0
2026-09-15 17:30:00+00:00,153.0,139,153.0
2026-09-15 18:00:00+00:00,156.0,146,156.0
2026-09-15 18:30:00+00:00,148.0,148,148.0
2026-09-15 19:00:00+00:00,146.0,150,146.0
2026-09-15 19:30:00+00:00,136.0,28,136.0
2026-09-15 20:00:00+00:00,116.0,142,116.0
2026-09-15 20:30:00+00:00,96.0,136,96.0
2026-09-15 21:00:00+00:00,84.0,114,84.0
2026-09-15 21:30:00+00:00,65.0,83,65.0
2026-09-15 22:00:00+00:00,65.0,77,65.0
2026-09-15 22:30:00+00:00,73.0,58,73.0
2026-09-15 23:00:00+00:00,70.0,57,70.0
2026-09-15 23:30:00+00:00,70.0,56,70.0
2026-09-16 00:00:00+00:00,70.0,67,70.0
2026-09-16 00:30:00+00:00,71.0,69,71.0
2026-09-16 01:00:00+00:00,70.0,70,70.0
2026-09-16 01:30:00+00:00,69.0,73,69.0
2026-09-16 02:00:00+00:00,64.0,72,64.0
2026-09-16 02:30:00+00:00,64.0,72,64.0
2026-09-16 03:00:00+00:00,69.0,67,69.0
2026-09-16 03:30:00+00:00,81.0,71,81.0
2026-09-16 04:00:00+00:00,97.0,71,97.0
2026-09-16 04:30:00+00:00,128.0,90,128.0
2026-09-16 05:00:00+00:00,145.0,95,145.0
2026-09-16 05:30:00+00:00,144.0,150,144.0
2026-09-16 06:00:00+00:00,145.0,155,145.0
2026-09-16 06:30:00+00:00,129.0,153,129.0
2026-09-16 07:00:00+00:00,129.0,138,129.0
2026-09-16 07:30:00+00:00,127.0,131,127.0
2026-09-16 08:00:00+00:00,122.0,132,122.0
2026-09-16 08:30:00+00:00,114.0,133,114.0
2026-09-16 09:00:00+00:00,109.0,131,109.0
2026-09-16 09:30:00+00:00,112.0,119,112.0
2026-09-16 10:00:00+00:00,111.0,110,111.0
2026-09-16 10:30:00+00:00,117.0,107,117.0
2026-09-16 11:00:00+00:00,117.0,108,117.0
2026-09-16 11:30:00+00:00,120.0,114,120.0
2026-09-16 12:00:00+00:00,120.0,119,120.0
2026-09-16 12:30:00+00:00,118.0,121,118.0
2026-09-16 13:00:00+00:00,111.0,123,111.0
2026-09-16 13:30:00+00:00,105.0,121,105.0
2026-09-16 14:00:00+00:00,109.0,113,109.0
2026-09-16 14:30:00+00:00,117.0,107,117.0
2026-09-16 15:00:00+00:00,126.0,113,126.0
2026-09-16 15:30:00+00:00,136.0,126,136.0
2026-09-16 16:00:00+00:00,137.0,138,137.0
2026-09-16 16:30:00+00:00,150.0,139,150.0
2026-09-16 17:00:00+00:00,152.0,149,152.0
2026-09-16 17:30:00+00:00,147.0,146,147.0
2026-09-16 18:00:00+00:00,146.0,152,146.0
2026-09-16 18:30:00+00:00,144.0,150,144.0
2026-09-16 19:00:00+00:00,132.0,144,132.0
2026-09-16 19:30:00+00:00,128.0,89,128.0
2026-09-16 20:00:00+00:00,116.0,129,116.0
2026-09-16 20:30:00+00:00,110.0,124,110.0
2026-09-16 21:00:00+00:00,94.0,111,94.0
2026-09-16 21:30:00+00:00,104.0,94,104.0
2026-09-16 22:00:00+00:00,105.0,83,105.0
2026-09-16 22:30:00+00:00,100.0,91,100.0
2026-09-16 23:00:00+00:00,91.0,86,91.0
2026-09-16 23:30:00+00:00,84.0,85,84.0
2026-09-17 00:00:00+00:00,81.0,85,81.0
2026-09-17 00:30:00+00:00,75.0,79,75.0
2026-09-17 01:00:00+00:00,72.0,78,72.0
2026-09-17 01:30:00+00:00,66.0,78,66.0
2026-09-17 02:00:00+00:00,65.0,70,65.0
2026-09-17 02:30:00+00:00,70.0,69,70.0
2026-09-17 03:00:00+00:00,63.0,65,63.0
2026-09-17 03:30:00+00:00,65.0,64,65.0
2026-09-17 04:00:00+00:00,66.0,63,66.0
2026-09-17 04:30:00+00:00,71.0,62,71.0
2026-09-17 05:00:00+00:00,83.0,63,83.0
2026-09-17 05:30:00+00:00,91.0,68,91.0
2026-09-17 06:00:00+00:00,97.0,70,97.0
2026-09-17 06:30:00+00:00,64.0,79,64.0
2026-09-17 07:00:00+00:00,55.0,77,55.0
2026-09-17 07:30:00+00:00,53.0,59,53.0
2026-09-17 08:00:00+00:00,43.0,52,43.0
2026-09-17 08:30:00+00:00,39.0,52,39.0
2026-09-17 09:00:00+00:00,37.0,41,37.0
2026-09-17 09:30:00+00:00,39.0,35,39.0
2026-09-17 10:00:00+00:00,36.0,34,36.0
2026-09-17 10:30:00+00:00,38.0,32,38.0
2026-09-17 11:00:00+00:00,35.0,31,35.0
2026-09-17 11:30:00+00:00,35.0,30,35.0
2026-09-17 12:00:00+00:00,38.0,31,38.0
2026-09-17 12:30:00+00:00,40.0,30,40.0
2026-09-17 13:00:00+00:00,46.0,32,46.0
2026-09-17 13:30:00+00:00,47.0,35,47.0
2026-09-17 14:00:00+00:00,50.0,41,50.0
2026-09-17 14:30:00+00:00,53.0,42,53.0
2026-09-17 15:00:00+00:00,58.0,45,58.0
2026-09-17 15:30:00+00:00,71.0,51,71.0
2026-09-17 16:00:00+00:00,77.0,52,77.0
2026-09-17 16:30:00+00:00,87.0,66,87.0
2026-09-17 17:00:00+00:00,92.0,79,92.0
2026-09-17 17:30:00+00:00,98.0,91,98.0
2026-09-17 18:00:00+00:00,102.0,91,102.0
2026-09-17 18:30:00+00:00,93.0,92,93.0
2026-09-17 19:00:00+00:00,80.0,94,80.0
2026-09-17 19:30:00+00:00,78.0,47,78.0
2026-09-17 20:00:00+00:00,76.0,84,76.0
2026-09-17 20:30:00+00:00,78.0,76,78.0
2026-09-17 21:00:00+00:00,79.0,77,79.0
2026-09-17 21:30:00+00:00,78.0,74,78.0
2026-09-17 22:00:00+00:00,73.0,71,73.0
2026-09-17 22:30:00+00:00,65.0,71,65.0
2026-09-17 23:00:00+00:00,68.0,70,68.0
2026-09-17 23:30:00+00:00,66.0,70,66.0
2026-09-18 00:00:00+00:00,66.0,65,66.0
2026-09-18 00:30:00+00:00,65.0,68,65.0
2026-09-18 01:00:00+00:00,62.0,64,62.0
2026-09-18 01:30:00+00:00,59.0,64,59.0
2026-09-18 02:00:00+00:00,61.0,65,61.0
2026-09-18 02:30:00+00:00,65.0,57,65.0
2026-09-18 03:00:00+00:00,64.0,60,64.0
2026-09-18 03:30:00+00:00,63.0,61,63.0
2026-09-18 04:00:00+00:00,67.0,64,67.0
2026-09-18 04:30:00+00:00,76.0,65,76.0
2026-09-18 05:00:00+00:00,87.0,38,87.0
2026-09-18 05:30:00+00:00,80.0,85,80.0
2026-09-18 06:00:00+00:00,85.0,83,85.0
2026-09-18 06:30:00+00:00,85.0,77,85.0
2026-09-18 07:00:00+00:00,80.0,68,80.0
2026-09-18 07:30:00+00:00,78.0,73,78.0
2026-09-18 08:00:00+00:00,70.0,72,70.0
2026-09-18 08:30:00+00:00,63.0,66,63.0
2026-09-18 09:00:00+00:00,58.0,64,58.0
2026-09-18 09:30:00+00:00,53.0,55,53.0
2026-09-18 10:00:00+00:00,50.0,51,50.0
2026-09-18 10:30:00+00:00,45.0,49,45.0
2026-09-18 11:00:00+00:00,42.0,45,42.0
2026-09-18 11:30:00+00:00,40.0,41,40.0
2026-09-18 12:00:00+00:00,38.0,39,38.0
2026-09-18 12:30:00+00:00,40.0,40,40.0
2026-09-18 13:00:00+00:00,39.0,41,39.0
2026-09-18 13:30:00+00:00,38.0,38,38.0
2026-09-18 14:00:00+00:00,38.0,37,38.0
2026-09-18 14:30:00+00:00,40.0,38,40.0
2026-09-18 15:00:00+00:00,43.0,38,43.0
2026-09-18 15:30:00+00:00,53.0,42,53.0
2026-09-18 16:00:00+00:00,58.0,45,58.0
2026-09-18 16:30:00+00:00,73.0,48,73.0
2026-09-18 17:00:00+00:00,76.0,55,76.0
2026-09-18 17:30:00+00:00,73.0,63,73.0
2026-09-18 18:00:00+00:00,76.0,68,76.0
2026-09-18 18:30:00+00:00,71.0,64,71.0
2026-09-18 19:00:00+00:00,63.0,63,63.0
2026-09-18 19:30:00+00:00,64.0,65,64.0
2026-09-18 20:00:00+00:00,58.0,60,58.0
2026-09-18 20:30:00+00:00,60.0,59,60.0
2026-09-18 21:00:00+00:00,58.0,54,58.0
2026-09-18 21:30:00+00:00,62.0,51,62.0
2026-09-18 22:00:00+00:00,64.0,53,64.0
2026-09-18 22:30:00+00:00,62.0,55,62.0
2026-09-18 23:00:00+00:00,60.0,54,60.0
2026-09-18 23:30:00+00:00,58.0,54,58.0
2026-09-19 00:00:00+00:00,57.0,55,57.0
2026-09-19 00:30:00+00:00,56.0,53,56.0
2026-09-19 01:00:00+00:00,54.0,54,54.0
2026-09-19 01:30:00+00:00,51.0,54,51.0
2026-09-19 02:00:00+00:00,50.0,52,50.0
2026-09-19 02:30:00+00:00,50.0,48,50.0
2026-09-19 03:00:00+00:00,50.0,47,50.0
2026-09-19 03:30:00+00:00,47.0,46,47.0
2026-09-19 04:00:00+00:00,48.0,48,48.0
2026-09-19 04:30:00+00:00,54.0,48,54.0
2026-09-19 05:00:00+00:00,61.0,54,61.0
2026-09-19 05:30:00+00:00,54.0,53,54.0
2026-09-19 06:00:00+00:00,58.0,52,58.0
2026-09-19 06:30:00+00:00,52.0,52,52.0
2026-09-19 07:00:00+00:00,53.0,45,53.0
2026-09-19 07:30:00+00:00,51.0,48,51.0
2026-09-19 08:00:00+00:00,49.0,44,49.0
2026-09-19 08:30:00+00:00,48.0,46,48.0
2026-09-19 09:00:00+00:00,42.0,44,42.0
2026-09-19 09:30:00+00:00,40.0,42,40.0
2026-09-19 10:00:00+00:00,38.0,40,38.0
2026-09-19 10:30:00+00:00,39.0,38,39.0
2026-09-19 11:00:00+00:00,39.0,35,39.0
2026-09-19 11:30:00+00:00,40.0,34,40.0
2026-09-19 12:00:00+00:00,41.0,35,41.0
2026-09-19 12:30:00+00:00,44.0,37,44.0
2026-09-19 13:00:00+00:00,45.0,38,45.0
2026-09-19 13:30:00+00:00,48.0,40,48.0
2026-09-19 14:00:00+00:00,58.0,42,58.0
2026-09-19 14:30:00+00:00,57.0,44,57.0
2026-09-19 15:00:00+00:00,64.0,46,64.0
2026-09-19 15:30:00+00:00,63.0,51,63.0
2026-09-19 16:00:00+00:00,71.0,52,71.0
2026-09-19 16:30:00+00:00,93.0,58,93.0
2026-09-19 17:00:00+00:00,100.0,62,100.0
2026-09-19 17:30:00+00:00,95.0,95,95.0
2026-09-19 18:00:00+00:00,96.0,98,96.0
2026-09-19 18:30:00+00:00,90.0,97,90.0
2026-09-19 19:00:00+00:00,87.0,90,87.0
2026-09-19 19:30:00+00:00,90.0,63,90.0
2026-09-19 20:00:00+00:00,86.0,75,86.0
2026-09-19 20:30:00+00:00,90.0,89,90.0
2026-09-19 21:00:00+00:00,85.0,84,85.0
2026-09-19 21:30:00+00:00,74.0,88,74.0
2026-09-19 22:00:00+00:00,63.0,81,63.0
2026-09-19 22:30:00+00:00,58.0,71,58.0
2026-09-19 23:00:00+00:00,54.0,67,54.0
2026-09-19 23:30:00+00:00,60.0,68,60.0
2026-09-20 00:00:00+00:00,64.0,52,64.0
2026-09-20 00:30:00+00:00,69.0,54,69.0
2026-09-20 01:00:00+00:00,68.0,57,68.0
2026-09-20 01:30:00+00:00,68.0,65,68.0
2026-09-20 02:00:00+00:00,64.0,65,64.0
2026-09-20 02:30:00+00:00,64.0,68,64.0
2026-09-20 03:00:00+00:00,64.0,59,64.0
2026-09-20 03:30:00+00:00,67.0,57,67.0
2026-09-20 04:00:00+00:00,64.0,57,64.0
2026-09-20 04:30:00+00:00,59.0,63,59.0
2026-09-20 05:00:00+00:00,64.0,72,64.0
2026-09-20 05:30:00+00:00,65.0,60,65.0
2026-09-20 06:00:00+00:00,67.0,58,67.0
2026-09-20 06:30:00+00:00,61.0,57,61.0
2026-09-20 07:00:00+00:00,61.0,47,61.0
2026-09-20 07:30:00+00:00,50.0,48,50.0
2026-09-20 08:00:00+00:00,42.0,53,42.0
2026-09-20 08:30:00+00:00,41.0,45,41.0
2026-09-20 09:00:00+00:00,39.0,36,39.0
2026-09-20 09:30:00+00:00,38.0,33,38.0
2026-09-20 10:00:00+00:00,38.0,33,38.0
2026-09-20 10:30:00+00:00,38.0,32,38.0
2026-09-20 11:00:00+00:00,38.0,31,38.0
2026-09-20 11:30:00+00:00,38.0,35,38.0
2026-09-20 12:00:00+00:00,38.0,34,38.0
2026-09-20 12:30:00+00:00,37.0,34,37.0
2026-09-20 13:00:00+00:00,40.0,31,40.0
2026-09-20 13:30:00+00:00,45.0,33,45.0
2026-09-20 14:00:00+00:00,53.0,37,53.0
2026-09-20 14:30:00+00:00,56.0,39,56.0
2026-09-20 15:00:00+00:00,74.0,48,74.0
2026-09-20 15:30:00+00:00,91.0,72,91.0
2026-09-20 16:00:00+00:00,112.0,83,112.0
2026-09-20 16:30:00+00:00,136.0,104,136.0
2026-09-20 17:00:00+00:00,152.0,145,152.0
2026-09-20 17:30:00+00:00,158.0,146,158.0
2026-09-20 18:00:00+00:00,164.0,163,164.0
2026-09-20 18:30:00+00:00,161.0,162,161.0
2026-09-20 19:00:00+00:00,159.0,155,159.0
2026-09-20 19:30:00+00:00,149.0,61,149.0
2026-09-20 20:00:00+00:00,143.0,140,143.0
2026-09-20 20:30:00+00:00,136.0,149,136.0
2026-09-20 21:00:00+00:00,130.0,117,130.0
2026-09-20 21:30:00+00:00,127.0,138,127.0
2026-09-20 22:00:00+00:00,131.0,129,131.0
2026-09-20 22:30:00+00:00,139.0,120,139.0
2026-09-20 23:00:00+00:00,141.0,125,141.0
2026-09-20 23:30:00+00:00,138.0,125,138.0
2026-09-21 00:00:00+00:00,136.0,138,136.0
2026-09-21 00:30:00+00:00,139.0,136,139.0
2026-09-21 01:00:00+00:00,143.0,136,143.0
2026-09-21 01:30:00+00:00,138.0,135,138.0
2026-09-21 02:00:00+00:00,137.0,147,137.0
2026-09-21 02:30:00+00:00,139.0,144,139.0
2026-09-21 03:00:00+00:00,143.0,141,143.0
2026-09-21 03:30:00+00:00,159.0,135,159.0
2026-09-21 04:00:00+00:00,164.0,154,164.0
2026-09-21 04:30:00+00:00,171.0,162,171.0
2026-09-21 05:00:00+00:00,183.0,130,183.0
2026-09-21 05:30:00+00:00,181.0,176,181.0
2026-09-21 06:00:00+00:00,179.0,178,179.0
2026-09-21 06:30:00+00:00,173.0,186,173.0
2026-09-21 07:00:00+00:00,165.0,176,165.0
2026-09-21 07:30:00+00:00,158.0,168,158.0
2026-09-21 08:00:00+00:00,154.0,158,154.0
2026-09-21 08:30:00+00:00,142.0,155,142.0
2026-09-21 09:00:00+00:00,134.0,150,134.0
2026-09-21 09:30:00+00:00,127.0,141,127.0
2026-09-21 10:00:00+00:00,118.0,132,118.0
2026-09-21 10:30:00+00:00,118.0,128,118.0
2026-09-21 11:00:00+00:00,114.0,117,114.0
2026-09-21 11:30:00+00:00,111.0,115,111.0
2026-09-21 12:00:00+00:00,106.0,116,106.0
2026-09-21 12:30:00+00:00,108.0,110,108.0
2026-09-21 13:00:00+00:00,115.0,105,115.0
2026-09-21 13:30:00+00:00,123.0,111,123.0
2026-09-21 14:00:00+00:00,138.0,121,138.0
2026-09-21 14:30:00+00:00,153.0,128,153.0
2026-09-21 15:00:00+00:00,168.0,142,168.0
2026-09-21 15:30:00+00:00,184.0,169,184.0
2026-09-21 16:00:00+00:00,195.0,180,195.0
2026-09-21 16:30:00+00:00,202.0,200,202.0
2026-09-21 17:00:00+00:00,213.0,211,213.0
2026-09-21 17:30:00+00:00,215.0,215,215.0
2026-09-21 18:00:00+00:00,216.0,217,216.0
2026-09-21 18:30:00+00:00,211.0,213,211.0
2026-09-21 19:00:00+00:00,208.0,210,208.0
2026-09-21 19:30:00+00:00,203.0,38,203.0
2026-09-21 20:00:00+00:00,202.0,204,202.0
2026-09-21 20:30:00+00:00,203.0,204,203.0
2026-09-21 21:00:00+00:00,196.0,201,196.0
2026-09-21 21:30:00+00:00,198.0,204,198.0
2026-09-21 22:00:00+00:00,196.0,197,196.0
2026-09-21 22:30:00+00:00,196.0,199,196.0
2026-09-21 23:00:00+00:00,196.0,198,196.0
2026-09-21 23:30:00+00:00,195.0,198,195.0
2026-09-22 00:00:00+00:00,195.0,199,195.0
2026-09-22 00:30:00+00:00,190.0,196,190.0
2026-09-22 01:00:00+00:00,188.0,189,188.0
2026-09-22 01:30:00+00:00,189.0,188,189.0
2026-09-22 02:00:00+00:00,188.0,180,188.0
2026-09-22 02:30:00+00:00,193.0,189,193.0
2026-09-22 03:00:00+00:00,197.0,183,197.0
2026-09-22 03:30:00+00:00,209.0,199,209.0
2026-09-22 04:00:00+00:00,215.0,200,215.0
2026-09-22 04:30:00+00:00,214.0,216,214.0
2026-09-22 05:00:00+00:00,218.0,219,218.0
2026-09-22 05:30:00+00:00,215.0,219,215.0
2026-09-22 06:00:00+00:00,216.0,220,216.0
2026-09-22 06:30:00+00:00,203.0,217,203.0
2026-09-22 07:00:00+00:00,194.0,209,194.0
2026-09-22 07:30:00+00:00,183.0,199,183.0
2026-09-22 08:00:00+00:00,171.0,191,171.0
2026-09-22 08:30:00+00:00,162.0,174,162.0
2026-09-22 09:00:00+00:00,153.0,167,153.0
2026-09-22 09:30:00+00:00,146.0,161,146.0
2026-09-22 10:00:00+00:00,141.0,152,141.0
2026-09-22 10:30:00+00:00,,146,146.0
