timestamp,views
2026-03-04 00:00:00,13427339
2026-03-04 01:00:00,13728695
2026-03-04 02:00:00,14098703
2026-03-04 03:00:00,13386343
2026-03-04 04:00:00,12852497
2026-03-04 05:00:00,12198147
2026-03-04 06:00:00,11613540
2026-03-04 07:00:00,11542156
2026-03-04 08:00:00,11270382
2026-03-04 09:00:00,11267359
2026-03-04 10:00:00,11979728
2026-03-04 11:00:00,12284339
2026-03-04 12:00:00,14338690
2026-03-04 13:00:00,14160477
2026-03-04 14:00:00,14372837
2026-03-04 15:00:00,14639439
2026-03-04 16:00:00,15158088
2026-03-04 17:00:00,15161274
2026-03-04 18:00:00,14701263
2026-03-04 19:00:00,15050666
2026-03-04 20:00:00,14628746
2026-03-04 21:00:00,14499377
2026-03-04 22:00:00,14170001
2026-03-04 23:00:00,13118754
2026-03-05 00:00:00,12926436
2026-03-05 01:00:00,13683527
2026-03-05 02:00:00,14144378
2026-03-05 03:00:00,13925122
2026-03-05 04:00:00,13316966
2026-03-05 05:00:00,12376077
2026-03-05 06:00:00,11852593
2026-03-05 07:00:00,11728851
2026-03-05 08:00:00,11803244
2026-03-05 09:00:00,11800738
2026-03-05 10:00:00,11644119
2026-03-05 11:00:00,11768988
2026-03-05 12:00:00,13072316
2026-03-05 13:00:00,13527859
2026-03-05 14:00:00,14699251
2026-03-05 15:00:00,14814663
2026-03-05 16:00:00,14884286
2026-03-05 17:00:00,15178350
2026-03-05 18:00:00,15418719
2026-03-05 19:00:00,15971116
2026-03-05 20:00:00,15592686
2026-03-05 21:00:00,15302659
2026-03-05 22:00:00,14566554
2026-03-05 23:00:00,13467544
2026-03-06 00:00:00,13318050
2026-03-06 01:00:00,13565959
2026-03-06 02:00:00,13456057
2026-03-06 03:00:00,13169733
2026-03-06 04:00:00,12500666
2026-03-06 05:00:00,11770735
2026-03-06 06:00:00,11113122
2026-03-06 07:00:00,11016730
2026-03-06 08:00:00,10827441
2026-03-06 09:00:00,10909112
2026-03-06 10:00:00,11154005
2026-03-06 11:00:00,11334470
2026-03-06 12:00:00,12354522
2026-03-06 13:00:00,13107516
2026-03-06 14:00:00,14038352
2026-03-06 15:00:00,14424194
2026-03-06 16:00:00,14795389
2026-03-06 17:00:00,14721446
2026-03-06 18:00:00,14945779
2026-03-06 19:00:00,15327935
2026-03-06 20:00:00,15312921
2026-03-06 21:00:00,15215448
2026-03-06 22:00:00,14635603
2026-03-06 23:00:00,13966004
2026-03-07 00:00:00,13811919
2026-03-07 01:00:00,13736476
2026-03-07 02:00:00,13956839
2026-03-07 03:00:00,13646812
2026-03-07 04:00:00,12687525
2026-03-07 05:00:00,12207485
2026-03-07 06:00:00,11699210
2026-03-07 07:00:00,11170820
2026-03-07 08:00:00,11011870
2026-03-07 09:00:00,10943242
2026-03-07 10:00:00,11002371
2026-03-07 11:00:00,11305453
2026-03-07 12:00:00,12086208
2026-03-07 13:00:00,13575060
2026-03-07 14:00:00,13698596
2026-03-07 15:00:00,14389064
2026-03-07 16:00:00,14787115
2026-03-07 17:00:00,15199100
2026-03-07 18:00:00,15285589
2026-03-07 19:00:00,15664669
2026-03-07 20:00:00,15616489
2026-03-07 21:00:00,16381360
2026-03-07 22:00:00,15660655
2026-03-07 23:00:00,15843373
2026-03-08 00:00:00,14784110
2026-03-08 01:00:00,14846748
2026-03-08 02:00:00,15184626
2026-03-08 03:00:00,14992566
2026-03-08 04:00:00,14169744
2026-03-08 05:00:00,13518239
2026-03-08 06:00:00,12807794
2026-03-08 07:00:00,12477925
2026-03-08 08:00:00,12225951
2026-03-08 09:00:00,11974613
2026-03-08 10:00:00,12193494
2026-03-08 11:00:00,12250309
2026-03-08 12:00:00,12945681
2026-03-08 13:00:00,13691783
2026-03-08 14:00:00,14551669
2026-03-08 15:00:00,15334785
2026-03-08 16:00:00,15941208
2026-03-08 17:00:00,16498465
2026-03-08 18:00:00,16305453
2026-03-08 19:00:00,16167364
2026-03-08 20:00:00,16463348
2026-03-08 21:00:00,16712046
2026-03-08 22:00:00,16095830
2026-03-08 23:00:00,15390214
2026-03-09 00:00:00,15231302
2026-03-09 01:00:00,15113616
2026-03-09 02:00:00,14709695
2026-03-09 03:00:00,14059130
2026-03-09 04:00:00,13082770
2026-03-09 05:00:00,12051065
2026-03-09 06:00:00,11552278
2026-03-09 07:00:00,11389165
2026-03-09 08:00:00,11408288
2026-03-09 09:00:00,11524668
2026-03-09 10:00:00,12491584
2026-03-09 11:00:00,13379426
2026-03-09 12:00:00,13501159
2026-03-09 13:00:00,14147692
2026-03-09 14:00:00,14607202
2026-03-09 15:00:00,15236169
2026-03-09 16:00:00,15455865
2026-03-09 17:00:00,15465975
2026-03-09 18:00:00,15284325
2026-03-09 19:00:00,15333994
2026-03-09 20:00:00,15194567
2026-03-09 21:00:00,15134111
2026-03-09 22:00:00,14164423
2026-03-09 23:00:00,14023811
2026-03-10 00:00:00,14169975
2026-03-10 01:00:00,14094848
2026-03-10 02:00:00,14109550
2026-03-10 03:00:00,13412522
2026-03-10 04:00:00,12095560
2026-03-10 05:00:00,11295194
2026-03-10 06:00:00,10962520
2026-03-10 07:00:00,11282520
2026-03-10 08:00:00,11144826
2026-03-10 09:00:00,11652741
2026-03-10 10:00:00,12238264
2026-03-10 11:00:00,12796652
2026-03-10 12:00:00,13466312
2026-03-10 13:00:00,14142115
2026-03-10 14:00:00,14968711
2026-03-10 15:00:00,15102264
2026-03-10 16:00:00,15167996
2026-03-10 17:00:00,15379015
2026-03-10 18:00:00,15439077
2026-03-10 19:00:00,15586840
2026-03-10 20:00:00,15385829
2026-03-10 21:00:00,14796237
2026-03-10 22:00:00,14008439
2026-03-10 23:00:00,13850921
2026-03-11 00:00:00,13804332
2026-03-11 01:00:00,13711416
2026-03-11 02:00:00,13657197
2026-03-11 03:00:00,12684202
2026-03-11 04:00:00,11910195
2026-03-11 05:00:00,11343182
2026-03-11 06:00:00,10709269
2026-03-11 07:00:00,10789296
2026-03-11 08:00:00,10873644
2026-03-11 09:00:00,11302066
2026-03-11 10:00:00,11545605
2026-03-11 11:00:00,12100564
2026-03-11 12:00:00,13229996
2026-03-11 13:00:00,13823702
2026-03-11 14:00:00,14554714
2026-03-11 15:00:00,15154300
2026-03-11 16:00:00,15052837
2026-03-11 17:00:00,14834749
2026-03-11 18:00:00,14705047
2026-03-11 19:00:00,14993420
2026-03-11 20:00:00,15007466
2026-03-11 21:00:00,14749747
2026-03-11 22:00:00,14109989
2026-03-11 23:00:00,13617148
2026-03-12 00:00:00,13902416
2026-03-12 01:00:00,14665502
2026-03-12 02:00:00,14387625
2026-03-12 03:00:00,13524789
2026-03-12 04:00:00,12467662
2026-03-12 05:00:00,11533176
2026-03-12 06:00:00,11017595
2026-03-12 07:00:00,11251865
2026-03-12 08:00:00,11577889
2026-03-12 09:00:00,13053148
2026-03-12 10:00:00,11463881
2026-03-12 11:00:00,12114317
2026-03-12 12:00:00,12655703
2026-03-12 13:00:00,13633853
2026-03-12 14:00:00,14368609
2026-03-12 15:00:00,14372151
2026-03-12 16:00:00,14254305
2026-03-12 17:00:00,14138366
2026-03-12 18:00:00,14444661
2026-03-12 19:00:00,14883144
2026-03-12 20:00:00,14848696
2026-03-12 21:00:00,14707801
2026-03-12 22:00:00,14184093
2026-03-12 23:00:00,13537498
2026-03-13 00:00:00,13387195
2026-03-13 01:00:00,13178594
2026-03-13 02:00:00,13163316
2026-03-13 03:00:00,12294322
2026-03-13 04:00:00,11503542
2026-03-13 05:00:00,10801808
2026-03-13 06:00:00,10212995
2026-03-13 07:00:00,9930837
2026-03-13 08:00:00,10594560
2026-03-13 09:00:00,11631922
2026-03-13 10:00:00,11805668
2026-03-13 11:00:00,12454479
2026-03-13 12:00:00,13009805
2026-03-13 13:00:00,13867110
2026-03-13 14:00:00,14633911
2026-03-13 15:00:00,14587062
2026-03-13 16:00:00,14891768
2026-03-13 17:00:00,15001093
2026-03-13 18:00:00,14805166
2026-03-13 19:00:00,15040631
2026-03-13 20:00:00,15033653
2026-03-13 21:00:00,14863098
2026-03-13 22:00:00,14106626
2026-03-13 23:00:00,13739335
2026-03-14 00:00:00,13672473
2026-03-14 01:00:00,13672144
2026-03-14 02:00:00,13503253
2026-03-14 03:00:00,12623551
2026-03-14 04:00:00,11939284
2026-03-14 05:00:00,10959455
2026-03-14 06:00:00,10439749
2026-03-14 07:00:00,10472029
2026-03-14 08:00:00,10726920
2026-03-14 09:00:00,10748262
2026-03-14 10:00:00,11134921
2026-03-14 11:00:00,11636006
2026-03-14 12:00:00,12362816
2026-03-14 13:00:00,13278002
2026-03-14 14:00:00,13959941
2026-03-14 15:00:00,14251558
2026-03-14 16:00:00,14772722
2026-03-14 17:00:00,14597217
2026-03-14 18:00:00,14819811
2026-03-14 19:00:00,14977479
2026-03-14 20:00:00,14874069
2026-03-14 21:00:00,15007855
2026-03-14 22:00:00,14757565
2026-03-14 23:00:00,14039398
2026-03-15 00:00:00,14122530
2026-03-15 01:00:00,13772093
2026-03-15 02:00:00,13666582
2026-03-15 03:00:00,13004557
2026-03-15 04:00:00,12084556
2026-03-15 05:00:00,11644510
2026-03-15 06:00:00,10882071
2026-03-15 07:00:00,11996577
2026-03-15 08:00:00,12559131
2026-03-15 09:00:00,10837734
2026-03-15 10:00:00,11223964
2026-03-15 11:00:00,11599333
2026-03-15 12:00:00,12550317
2026-03-15 13:00:00,13638378
2026-03-15 14:00:00,14372714
2026-03-15 15:00:00,14703050
2026-03-15 16:00:00,15148627
2026-03-15 17:00:00,15417760
2026-03-15 18:00:00,15649577
2026-03-15 19:00:00,15547142
2026-03-15 20:00:00,15711091
2026-03-15 21:00:00,16057988
2026-03-15 22:00:00,15590993
2026-03-15 23:00:00,15393890
2026-03-16 00:00:00,16041516
2026-03-16 01:00:00,16054514
2026-03-16 02:00:00,16465653
2026-03-16 03:00:00,13837909
2026-03-16 04:00:00,12589353
2026-03-16 05:00:00,11553403
2026-03-16 06:00:00,10830819
2026-03-16 07:00:00,11007753
2026-03-16 08:00:00,11094321
2026-03-16 09:00:00,11221307
2026-03-16 10:00:00,11528349
2026-03-16 11:00:00,12197899
2026-03-16 12:00:00,13206852
2026-03-16 13:00:00,14274234
2026-03-16 14:00:00,15023398
2026-03-16 15:00:00,15121746
2026-03-16 16:00:00,15424705
2026-03-16 17:00:00,15068108
2026-03-16 18:00:00,14967999
2026-03-16 19:00:00,14861435
2026-03-16 20:00:00,15143126
2026-03-16 21:00:00,14833895
2026-03-16 22:00:00,14423147
2026-03-16 23:00:00,13866609
2026-03-17 00:00:00,13893789
2026-03-17 01:00:00,13296203
2026-03-17 02:00:00,13307909
2026-03-17 03:00:00,12322302
2026-03-17 04:00:00,11443144
2026-03-17 05:00:00,10486665
2026-03-17 06:00:00,10251705
2026-03-17 07:00:00,10246394
2026-03-17 08:00:00,10405411
2026-03-17 09:00:00,10995307
2026-03-17 10:00:00,11187505
2026-03-17 11:00:00,12185087
2026-03-17 12:00:00,13019340
2026-03-17 13:00:00,14240798
2026-03-17 14:00:00,14722815
2026-03-17 15:00:00,14926169
2026-03-17 16:00:00,15147805
2026-03-17 17:00:00,14917209
2026-03-17 18:00:00,14588907
2026-03-17 19:00:00,14760887
2026-03-17 20:00:00,14747935
2026-03-17 21:00:00,14883892
2026-03-17 22:00:00,14163114
2026-03-17 23:00:00,13210424
2026-03-18 00:00:00,13096628
2026-03-18 01:00:00,13282941
2026-03-18 02:00:00,12951931
2026-03-18 03:00:00,11850674
2026-03-18 04:00:00,10732841
2026-03-18 05:00:00,10130675
2026-03-18 06:00:00,9611851
2026-03-18 07:00:00,9554270
2026-03-18 08:00:00,9933937
2026-03-18 09:00:00,10217331
2026-03-18 10:00:00,10710918
2026-03-18 11:00:00,11525979
2026-03-18 12:00:00,12357617
2026-03-18 13:00:00,13318387
2026-03-18 14:00:00,14085149
2026-03-18 15:00:00,14536392
2026-03-18 16:00:00,14773689
2026-03-18 17:00:00,14578659
2026-03-18 18:00:00,14069858
2026-03-18 19:00:00,14187889
2026-03-18 20:00:00,14409734
2026-03-18 21:00:00,13915666
2026-03-18 22:00:00,13350066
2026-03-18 23:00:00,12854972
2026-03-19 00:00:00,12716586
2026-03-19 01:00:00,12412189
2026-03-19 02:00:00,12440067
2026-03-19 03:00:00,11587899
2026-03-19 04:00:00,10789024
2026-03-19 05:00:00,10171467
2026-03-19 06:00:00,9717309
2026-03-19 07:00:00,9731327
2026-03-19 08:00:00,10012388
2026-03-19 09:00:00,10568017
2026-03-19 10:00:00,10741689
2026-03-19 11:00:00,11247680
2026-03-19 12:00:00,12120660
2026-03-19 13:00:00,13267629
2026-03-19 14:00:00,13994389
2026-03-19 15:00:00,14203931
2026-03-19 16:00:00,14694884
2026-03-19 17:00:00,14247205
2026-03-19 18:00:00,14201576
2026-03-19 19:00:00,14434968
2026-03-19 20:00:00,14569121
2026-03-19 21:00:00,14829277
2026-03-19 22:00:00,14028915
2026-03-19 23:00:00,12742516
2026-03-20 00:00:00,12247828
2026-03-20 01:00:00,12236625
2026-03-20 02:00:00,12038298
2026-03-20 03:00:00,11391431
2026-03-20 04:00:00,10643673
2026-03-20 05:00:00,9966088
2026-03-20 06:00:00,10221065
2026-03-20 07:00:00,10088747
2026-03-20 08:00:00,10436577
2026-03-20 09:00:00,10976605
2026-03-20 10:00:00,11394516
2026-03-20 11:00:00,12048019
2026-03-20 12:00:00,12710320
2026-03-20 13:00:00,13857490
2026-03-20 14:00:00,15893754
2026-03-20 15:00:00,15605499
2026-03-20 16:00:00,15274412
2026-03-20 17:00:00,14962073
2026-03-20 18:00:00,14666746
2026-03-20 19:00:00,14539403
2026-03-20 20:00:00,14686778
2026-03-20 21:00:00,14348838
2026-03-20 22:00:00,13645059
2026-03-20 23:00:00,13174698
2026-03-21 00:00:00,13223514
2026-03-21 01:00:00,13077911
2026-03-21 02:00:00,12954632
2026-03-21 03:00:00,12556243
2026-03-21 04:00:00,12190854
2026-03-21 05:00:00,11438173
2026-03-21 06:00:00,10764927
2026-03-21 07:00:00,10739568
2026-03-21 08:00:00,11480489
2026-03-21 09:00:00,11374023
2026-03-21 10:00:00,11499462
2026-03-21 11:00:00,11967442
2026-03-21 12:00:00,13326156
2026-03-21 13:00:00,13716927
2026-03-21 14:00:00,14436661
2026-03-21 15:00:00,14696351
2026-03-21 16:00:00,14973589
2026-03-21 17:00:00,14939345
2026-03-21 18:00:00,14608076
2026-03-21 19:00:00,14895252
2026-03-21 20:00:00,15137602
2026-03-21 21:00:00,15528146
2026-03-21 22:00:00,15462801
2026-03-21 23:00:00,14688957
2026-03-22 00:00:00,14148606
2026-03-22 01:00:00,14180267
2026-03-22 02:00:00,14057313
2026-03-22 03:00:00,13330670
2026-03-22 04:00:00,12295240
2026-03-22 05:00:00,11337466
2026-03-22 06:00:00,10931566
2026-03-22 07:00:00,10707282
2026-03-22 08:00:00,10803968
2026-03-22 09:00:00,10919354
2026-03-22 10:00:00,11196418
2026-03-22 11:00:00,11852924
2026-03-22 12:00:00,13044158
2026-03-22 13:00:00,13905555
2026-03-22 14:00:00,14425491
2026-03-22 15:00:00,15024181
2026-03-22 16:00:00,15286887
2026-03-22 17:00:00,15455682
2026-03-22 18:00:00,15830189
2026-03-22 19:00:00,15785567
2026-03-22 20:00:00,15654402
2026-03-22 21:00:00,15601152
2026-03-22 22:00:00,14926813
2026-03-22 23:00:00,14222570
2026-03-23 00:00:00,14704044
2026-03-23 01:00:00,14391076
2026-03-23 02:00:00,14145415
2026-03-23 03:00:00,12874653
2026-03-23 04:00:00,11963535
2026-03-23 05:00:00,10957388
2026-03-23 06:00:00,10617624
2026-03-23 07:00:00,10395129
2026-03-23 08:00:00,10698596
2026-03-23 09:00:00,10926122
2026-03-23 10:00:00,11722578
2026-03-23 11:00:00,12325692
2026-03-23 12:00:00,13433914
2026-03-23 13:00:00,14383688
2026-03-23 14:00:00,15080902
2026-03-23 15:00:00,15175567
2026-03-23 16:00:00,15312293
2026-03-23 17:00:00,14693981
2026-03-23 18:00:00,14424074
2026-03-23 19:00:00,14581490
2026-03-23 20:00:00,14451404
2026-03-23 21:00:00,14163595
2026-03-23 22:00:00,13428074
2026-03-23 23:00:00,12738709
2026-03-24 00:00:00,12677374
2026-03-24 01:00:00,12521131
2026-03-24 02:00:00,12316297
2026-03-24 03:00:00,11572442
2026-03-24 04:00:00,11315870
2026-03-24 05:00:00,11355517
2026-03-24 06:00:00,10483505
2026-03-24 07:00:00,10215742
2026-03-24 08:00:00,10635572
2026-03-24 09:00:00,10842686
2026-03-24 10:00:00,11513528
2026-03-24 11:00:00,12729555
2026-03-24 12:00:00,13406959
2026-03-24 13:00:00,14360166
2026-03-24 14:00:00,15085243
2026-03-24 15:00:00,14833261
2026-03-24 16:00:00,15232651
2026-03-24 17:00:00,15325648
2026-03-24 18:00:00,14553921
2026-03-24 19:00:00,14332313
2026-03-24 20:00:00,14282906
2026-03-24 21:00:00,14073831
2026-03-24 22:00:00,13456428
2026-03-24 23:00:00,12675084
2026-03-25 00:00:00,12118573
2026-03-25 01:00:00,12470702
2026-03-25 02:00:00,12542688
2026-03-25 03:00:00,12314570
2026-03-25 04:00:00,10726932
2026-03-25 05:00:00,10244914
2026-03-25 06:00:00,9914626
2026-03-25 07:00:00,9606883
2026-03-25 08:00:00,9771031
2026-03-25 09:00:00,10195491
2026-03-25 10:00:00,10378824
2026-03-25 11:00:00,11090242
2026-03-25 12:00:00,12303843
2026-03-25 13:00:00,13059103
2026-03-25 14:00:00,14116466
2026-03-25 15:00:00,14513324
2026-03-25 16:00:00,14630987
2026-03-25 17:00:00,14350939
2026-03-25 18:00:00,14157305
2026-03-25 19:00:00,14314771
2026-03-25 20:00:00,14281906
2026-03-25 21:00:00,14214553
2026-03-25 22:00:00,13503025
2026-03-25 23:00:00,12652026
2026-03-26 00:00:00,12227619
2026-03-26 01:00:00,11954791
2026-03-26 02:00:00,11698887
2026-03-26 03:00:00,11049906
2026-03-26 04:00:00,10341083
2026-03-26 05:00:00,9640341
2026-03-26 06:00:00,9439411
2026-03-26 07:00:00,9584181
2026-03-26 08:00:00,10005948
2026-03-26 09:00:00,10626369
2026-03-26 10:00:00,11137099
2026-03-26 11:00:00,11306247
2026-03-26 12:00:00,11620797
2026-03-26 13:00:00,12810372
2026-03-26 14:00:00,13359485
2026-03-26 15:00:00,13466404
2026-03-26 16:00:00,14038262
2026-03-26 17:00:00,14235410
2026-03-26 18:00:00,13962384
2026-03-26 19:00:00,14122300
2026-03-26 20:00:00,14263850
2026-03-26 21:00:00,14053900
2026-03-26 22:00:00,13665101
2026-03-26 23:00:00,12997318
2026-03-27 00:00:00,12614405
2026-03-27 01:00:00,12477521
2026-03-27 02:00:00,12416457
2026-03-27 03:00:00,11760981
2026-03-27 04:00:00,11000288
2026-03-27 05:00:00,10275404
2026-03-27 06:00:00,9920857
2026-03-27 07:00:00,9748498
2026-03-27 08:00:00,9714935
2026-03-27 09:00:00,10125172
2026-03-27 10:00:00,10645277
2026-03-27 11:00:00,11026413
2026-03-27 12:00:00,12005762
2026-03-27 13:00:00,12890747
2026-03-27 14:00:00,13748440
2026-03-27 15:00:00,13951390
2026-03-27 16:00:00,14206217
2026-03-27 17:00:00,13995163
2026-03-27 18:00:00,13853695
2026-03-27 19:00:00,14745284
2026-03-27 20:00:00,14379735
2026-03-27 21:00:00,14148144
2026-03-27 22:00:00,13276652
2026-03-27 23:00:00,12791559
2026-03-28 00:00:00,12475568
2026-03-28 01:00:00,12598966
2026-03-28 02:00:00,12391225
2026-03-28 03:00:00,11698093
2026-03-28 04:00:00,11004115
2026-03-28 05:00:00,10345163
2026-03-28 06:00:00,9746741
2026-03-28 07:00:00,9245197
2026-03-28 08:00:00,9461820
2026-03-28 09:00:00,9700766
2026-03-28 10:00:00,10007929
2026-03-28 11:00:00,10399257
2026-03-28 12:00:00,11230370
2026-03-28 13:00:00,12225968
2026-03-28 14:00:00,12859749
2026-03-28 15:00:00,13341024
2026-03-28 16:00:00,13617683
2026-03-28 17:00:00,13747754
2026-03-28 18:00:00,13738940
2026-03-28 19:00:00,13914203
2026-03-28 20:00:00,14244138
2026-03-28 21:00:00,14379217
2026-03-28 22:00:00,13601890
2026-03-28 23:00:00,12967268
2026-03-29 00:00:00,12641288
2026-03-29 01:00:00,12605268
2026-03-29 02:00:00,12359366
2026-03-29 03:00:00,11794879
2026-03-29 04:00:00,10950271
2026-03-29 05:00:00,10042026
2026-03-29 06:00:00,9604121
2026-03-29 07:00:00,9705810
2026-03-29 08:00:00,9835817
2026-03-29 09:00:00,10035195
2026-03-29 10:00:00,10290181
2026-03-29 11:00:00,10990355
2026-03-29 12:00:00,12030503
2026-03-29 13:00:00,12733656
2026-03-29 14:00:00,13600764
2026-03-29 15:00:00,14031195
2026-03-29 16:00:00,14205195
2026-03-29 17:00:00,14523971
2026-03-29 18:00:00,14669453
2026-03-29 19:00:00,14917218
2026-03-29 20:00:00,14838031
2026-03-29 21:00:00,14443051
2026-03-29 22:00:00,13176176
2026-03-29 23:00:00,12590992
2026-03-30 00:00:00,12590355
2026-03-30 01:00:00,12779286
2026-03-30 02:00:00,12532949
2026-03-30 03:00:00,11772367
2026-03-30 04:00:00,10975094
2026-03-30 05:00:00,10091007
2026-03-30 06:00:00,9810475
2026-03-30 07:00:00,10018753
2026-03-30 08:00:00,10106416
2026-03-30 09:00:00,10231202
2026-03-30 10:00:00,10297704
2026-03-30 11:00:00,11373799
2026-03-30 12:00:00,11921169
2026-03-30 13:00:00,13029547
2026-03-30 14:00:00,13470950
2026-03-30 15:00:00,13597310
2026-03-30 16:00:00,13825531
2026-03-30 17:00:00,14288830
2026-03-30 18:00:00,14201127
2026-03-30 19:00:00,14252772
2026-03-30 20:00:00,14391421
2026-03-30 21:00:00,13718599
2026-03-30 22:00:00,12631228
2026-03-30 23:00:00,12453097
2026-03-31 00:00:00,12190894
2026-03-31 01:00:00,12650145
2026-03-31 02:00:00,12544430
2026-03-31 03:00:00,11350110
2026-03-31 04:00:00,10555670
2026-03-31 05:00:00,9776171
2026-03-31 06:00:00,9726353
2026-03-31 07:00:00,11242056
2026-03-31 08:00:00,10045451
2026-03-31 09:00:00,10293078
2026-03-31 10:00:00,10442531
2026-03-31 11:00:00,11061122
2026-03-31 12:00:00,12210881
2026-03-31 13:00:00,13217138
2026-03-31 14:00:00,13686571
2026-03-31 15:00:00,13901195
2026-03-31 16:00:00,14469964
2026-03-31 17:00:00,14235043
2026-03-31 18:00:00,14324239
2026-03-31 19:00:00,14487970
2026-03-31 20:00:00,14766690
2026-03-31 21:00:00,14688044
2026-03-31 22:00:00,12651704
2026-03-31 23:00:00,11953778
2026-04-01 00:00:00,12395030
2026-04-01 01:00:00,12907642
2026-04-01 02:00:00,12853278
2026-04-01 03:00:00,11902723
2026-04-01 04:00:00,11504920
2026-04-01 05:00:00,10998155
2026-04-01 06:00:00,10847974
2026-04-01 07:00:00,10474797
2026-04-01 08:00:00,10300470
2026-04-01 09:00:00,9967622
2026-04-01 10:00:00,13148064
2026-04-01 11:00:00,12466413
2026-04-01 12:00:00,12383723
2026-04-01 13:00:00,13179163
2026-04-01 14:00:00,13645424
2026-04-01 15:00:00,13834365
2026-04-01 16:00:00,14176426
2026-04-01 17:00:00,14416032
2026-04-01 18:00:00,14417956
2026-04-01 19:00:00,14728753
2026-04-01 20:00:00,14420873
2026-04-01 21:00:00,13790399
2026-04-01 22:00:00,13810692
2026-04-01 23:00:00,12970944
2026-04-02 00:00:00,12804662
2026-04-02 01:00:00,13138302
2026-04-02 02:00:00,13536853
2026-04-02 03:00:00,12827671
2026-04-02 04:00:00,12516312
2026-04-02 05:00:00,12048497
2026-04-02 06:00:00,11668304
2026-04-02 07:00:00,11395296
2026-04-02 08:00:00,12486357
2026-04-02 09:00:00,12180152
2026-04-02 10:00:00,12229519
2026-04-02 11:00:00,13292140
2026-04-02 12:00:00,14238579
2026-04-02 13:00:00,14696635
2026-04-02 14:00:00,15427761
2026-04-02 15:00:00,17089046
2026-04-02 16:00:00,15602842
2026-04-02 17:00:00,13659517
2026-04-02 18:00:00,13539708
2026-04-02 19:00:00,13785324
2026-04-02 20:00:00,13775139
2026-04-02 21:00:00,13127668
2026-04-02 22:00:00,12307607
2026-04-02 23:00:00,11695119
2026-04-03 00:00:00,11708816
2026-04-03 01:00:00,11990645
2026-04-03 02:00:00,12144878
2026-04-03 03:00:00,11409172
2026-04-03 04:00:00,10876999
2026-04-03 05:00:00,10116972
2026-04-03 06:00:00,10040162
2026-04-03 07:00:00,10347693
2026-04-03 08:00:00,10300072
2026-04-03 09:00:00,9872816
2026-04-03 10:00:00,10210705
2026-04-03 11:00:00,10834173
2026-04-03 12:00:00,11775740
2026-04-03 13:00:00,12766142
2026-04-03 14:00:00,13337152
2026-04-03 15:00:00,13714770
2026-04-03 16:00:00,13738232
2026-04-03 17:00:00,13646251
2026-04-03 18:00:00,13856590
2026-04-03 19:00:00,13906536
2026-04-03 20:00:00,13866407
2026-04-03 21:00:00,13463443
2026-04-03 22:00:00,12547824
2026-04-03 23:00:00,11654894
2026-04-04 00:00:00,11746916
2026-04-04 01:00:00,12094132
2026-04-04 02:00:00,11991473
2026-04-04 03:00:00,11504082
2026-04-04 04:00:00,10978301
2026-04-04 05:00:00,10181839
2026-04-04 06:00:00,10045404
2026-04-04 07:00:00,9802429
2026-04-04 08:00:00,9930741
2026-04-04 09:00:00,10177783
2026-04-04 10:00:00,10319827
2026-04-04 11:00:00,10849691
2026-04-04 12:00:00,11694010
2026-04-04 13:00:00,12572221
2026-04-04 14:00:00,13302402
2026-04-04 15:00:00,13342845
2026-04-04 16:00:00,13702108
2026-04-04 17:00:00,13734942
2026-04-04 18:00:00,13796093
2026-04-04 19:00:00,14053870
2026-04-04 20:00:00,14251099
2026-04-04 21:00:00,14138777
2026-04-04 22:00:00,13089540
2026-04-04 23:00:00,12387881
2026-04-05 00:00:00,12383422
2026-04-05 01:00:00,12526032
2026-04-05 02:00:00,12355672
2026-04-05 03:00:00,11628592
2026-04-05 04:00:00,10972728
2026-04-05 05:00:00,10138022
2026-04-05 06:00:00,9773831
2026-04-05 07:00:00,9676079
2026-04-05 08:00:00,9749212
2026-04-05 09:00:00,9795679
2026-04-05 10:00:00,10291935
2026-04-05 11:00:00,10670108
2026-04-05 12:00:00,11801039
2026-04-05 13:00:00,12799536
2026-04-05 14:00:00,13558760
2026-04-05 15:00:00,14020403
2026-04-05 16:00:00,14239785
2026-04-05 17:00:00,14295905
2026-04-05 18:00:00,14355148
2026-04-05 19:00:00,14784520
2026-04-05 20:00:00,15091246
2026-04-05 21:00:00,14851975
2026-04-05 22:00:00,13588075
2026-04-05 23:00:00,12777827
2026-04-06 00:00:00,12616813
2026-04-06 01:00:00,12914224
2026-04-06 02:00:00,12638552
2026-04-06 03:00:00,11774655
2026-04-06 04:00:00,10955264
2026-04-06 05:00:00,10059535
2026-04-06 06:00:00,9955061
2026-04-06 07:00:00,9853831
2026-04-06 08:00:00,9857092
2026-04-06 09:00:00,10109853
2026-04-06 10:00:00,10558470
2026-04-06 11:00:00,10896056
2026-04-06 12:00:00,12042218
2026-04-06 13:00:00,12738562
2026-04-06 14:00:00,13638909
2026-04-06 15:00:00,13993078
2026-04-06 16:00:00,14161627
2026-04-06 17:00:00,14438007
2026-04-06 18:00:00,14714105
2026-04-06 19:00:00,14771101
2026-04-06 20:00:00,14764662
2026-04-06 21:00:00,14295646
2026-04-06 22:00:00,12787512
2026-04-06 23:00:00,11883492
2026-04-07 00:00:00,12097038
2026-04-07 01:00:00,12677158
2026-04-07 02:00:00,12437144
2026-04-07 03:00:00,11839195
2026-04-07 04:00:00,10788302
2026-04-07 05:00:00,10065638
2026-04-07 06:00:00,10102417
2026-04-07 07:00:00,9750029
2026-04-07 08:00:00,9782125
2026-04-07 09:00:00,10347128
2026-04-07 10:00:00,10552072
2026-04-07 11:00:00,10961168
2026-04-07 12:00:00,11800905
2026-04-07 13:00:00,12705963
2026-04-07 14:00:00,13456873
2026-04-07 15:00:00,13603886
2026-04-07 16:00:00,13598158
2026-04-07 17:00:00,13761788
2026-04-07 18:00:00,13864461
2026-04-07 19:00:00,14001128
2026-04-07 20:00:00,13987406
2026-04-07 21:00:00,12945650
2026-04-07 22:00:00,12057460
2026-04-07 23:00:00,11697733
2026-04-08 00:00:00,11502478
2026-04-08 01:00:00,12094038
2026-04-08 02:00:00,11873030
2026-04-08 03:00:00,11266995
2026-04-08 04:00:00,10822674
2026-04-08 05:00:00,10231821
2026-04-08 06:00:00,10080923
2026-04-08 07:00:00,10115455
2026-04-08 08:00:00,9873317
2026-04-08 09:00:00,10053004
2026-04-08 10:00:00,12147526
2026-04-08 11:00:00,10854494
2026-04-08 12:00:00,11660404
2026-04-08 13:00:00,12683284
2026-04-08 14:00:00,13634721
2026-04-08 15:00:00,13841932
2026-04-08 16:00:00,14006411
2026-04-08 17:00:00,13886456
2026-04-08 18:00:00,14087721
2026-04-08 19:00:00,14002619
2026-04-08 20:00:00,13814459
2026-04-08 21:00:00,13022466
2026-04-08 22:00:00,12142891
2026-04-08 23:00:00,12223525
2026-04-09 00:00:00,12726711
2026-04-09 01:00:00,12034330
2026-04-09 02:00:00,12982341
2026-04-09 03:00:00,13038636
2026-04-09 04:00:00,11176992
2026-04-09 05:00:00,12127716
2026-04-09 06:00:00,9952749
2026-04-09 07:00:00,9818969
2026-04-09 08:00:00,9574561
2026-04-09 09:00:00,9667655
2026-04-09 10:00:00,10135314
2026-04-09 11:00:00,11116109
2026-04-09 12:00:00,12255574
2026-04-09 13:00:00,13093507
2026-04-09 14:00:00,13791727
2026-04-09 15:00:00,13871685
2026-04-09 16:00:00,13888463
2026-04-09 17:00:00,13747496
2026-04-09 18:00:00,14010759
2026-04-09 19:00:00,13913106
2026-04-09 20:00:00,13743242
2026-04-09 21:00:00,12983715
2026-04-09 22:00:00,11787403
2026-04-09 23:00:00,11206356
2026-04-10 00:00:00,11304019
2026-04-10 01:00:00,11753090
2026-04-10 02:00:00,11706063
2026-04-10 03:00:00,11133898
2026-04-10 04:00:00,10680479
2026-04-10 05:00:00,10129419
2026-04-10 06:00:00,11526521
2026-04-10 07:00:00,9604752
2026-04-10 08:00:00,9667231
2026-04-10 09:00:00,9896196
2026-04-10 10:00:00,10177490
2026-04-10 11:00:00,10876704
2026-04-10 12:00:00,11836483
2026-04-10 13:00:00,12677879
2026-04-10 14:00:00,13522773
2026-04-10 15:00:00,13582917
2026-04-10 16:00:00,13686494
2026-04-10 17:00:00,14779189
2026-04-10 18:00:00,13881334
2026-04-10 19:00:00,14015648
2026-04-10 20:00:00,13886194
2026-04-10 21:00:00,13185438
2026-04-10 22:00:00,12597512
2026-04-10 23:00:00,11916994
2026-04-11 00:00:00,12398003
2026-04-11 01:00:00,12313192
2026-04-11 02:00:00,12301042
2026-04-11 03:00:00,11763514
2026-04-11 04:00:00,10840050
2026-04-11 05:00:00,10395527
2026-04-11 06:00:00,10194491
2026-04-11 07:00:00,10162860
2026-04-11 08:00:00,10046643
2026-04-11 09:00:00,10112038
2026-04-11 10:00:00,10295488
2026-04-11 11:00:00,10841255
2026-04-11 12:00:00,11816811
2026-04-11 13:00:00,12462576
2026-04-11 14:00:00,13148466
2026-04-11 15:00:00,13526644
2026-04-11 16:00:00,13818125
2026-04-11 17:00:00,13915506
2026-04-11 18:00:00,14167195
2026-04-11 19:00:00,14353304
2026-04-11 20:00:00,14302919
2026-04-11 21:00:00,14131853
2026-04-11 22:00:00,13198767
2026-04-11 23:00:00,12260814
2026-04-12 00:00:00,12825226
2026-04-12 01:00:00,13479841
2026-04-12 02:00:00,12521659
2026-04-12 03:00:00,11889641
2026-04-12 04:00:00,11164566
2026-04-12 05:00:00,10473544
2026-04-12 06:00:00,10181438
2026-04-12 07:00:00,10398373
2026-04-12 08:00:00,10549663
2026-04-12 09:00:00,10620797
2026-04-12 10:00:00,10975743
2026-04-12 11:00:00,11389044
2026-04-12 12:00:00,12237535
2026-04-12 13:00:00,12957695
2026-04-12 14:00:00,14812700
2026-04-12 15:00:00,15654933
2026-04-12 16:00:00,14703111
2026-04-12 17:00:00,15074437
2026-04-12 18:00:00,15247539
2026-04-12 19:00:00,15717477
2026-04-12 20:00:00,15782226
2026-04-12 21:00:00,14856909
2026-04-12 22:00:00,13975507
2026-04-12 23:00:00,13459625
2026-04-13 00:00:00,13094706
2026-04-13 01:00:00,13228074
2026-04-13 02:00:00,13020729
2026-04-13 03:00:00,12026356
2026-04-13 04:00:00,11182108
2026-04-13 05:00:00,10671845
2026-04-13 06:00:00,10486056
2026-04-13 07:00:00,10292277
2026-04-13 08:00:00,10368139
2026-04-13 09:00:00,10488304
2026-04-13 10:00:00,10932151
2026-04-13 11:00:00,11688985
2026-04-13 12:00:00,12851235
2026-04-13 13:00:00,13574801
2026-04-13 14:00:00,14322932
2026-04-13 15:00:00,14303645
2026-04-13 16:00:00,14197363
2026-04-13 17:00:00,14562797
2026-04-13 18:00:00,15107604
2026-04-13 19:00:00,14770476
2026-04-13 20:00:00,14652409
2026-04-13 21:00:00,14060328
2026-04-13 22:00:00,12811857
2026-04-13 23:00:00,12134984
2026-04-14 00:00:00,12654337
2026-04-14 01:00:00,12844922
2026-04-14 02:00:00,12844544
2026-04-14 03:00:00,12118567
2026-04-14 04:00:00,11392804
2026-04-14 05:00:00,10972304
2026-04-14 06:00:00,10718910
2026-04-14 07:00:00,10518141
2026-04-14 08:00:00,10425998
2026-04-14 09:00:00,10687034
2026-04-14 10:00:00,10902517
2026-04-14 11:00:00,11583747
2026-04-14 12:00:00,12510088
2026-04-14 13:00:00,13167543
2026-04-14 14:00:00,13754378
2026-04-14 15:00:00,13688826
2026-04-14 16:00:00,14111012
2026-04-14 17:00:00,14453026
2026-04-14 18:00:00,14232303
2026-04-14 19:00:00,14451551
2026-04-14 20:00:00,16138300
2026-04-14 21:00:00,13169356
2026-04-14 22:00:00,11962220
2026-04-14 23:00:00,11189478
2026-04-15 00:00:00,11457484
2026-04-15 01:00:00,12317257
2026-04-15 02:00:00,12511779
2026-04-15 03:00:00,11587023
2026-04-15 04:00:00,11066624
2026-04-15 05:00:00,10345603
2026-04-15 06:00:00,10512191
2026-04-15 07:00:00,10119499
2026-04-15 08:00:00,10146134
2026-04-15 09:00:00,10755527
2026-04-15 10:00:00,11066086
2026-04-15 11:00:00,11525002
2026-04-15 12:00:00,12366074
2026-04-15 13:00:00,13093004
2026-04-15 14:00:00,13716846
2026-04-15 15:00:00,13785360
2026-04-15 16:00:00,14215395
2026-04-15 17:00:00,14681600
2026-04-15 18:00:00,14848569
2026-04-15 19:00:00,14759282
2026-04-15 20:00:00,14782019
2026-04-15 21:00:00,13735123
2026-04-15 22:00:00,12341297
2026-04-15 23:00:00,11975617
2026-04-16 00:00:00,12037969
2026-04-16 01:00:00,12556001
2026-04-16 02:00:00,12329763
2026-04-16 03:00:00,11636746
2026-04-16 04:00:00,11145451
2026-04-16 05:00:00,10805613
2026-04-16 06:00:00,10616123
2026-04-16 07:00:00,10511113
2026-04-16 08:00:00,10784699
2026-04-16 09:00:00,10923977
2026-04-16 10:00:00,12456013
2026-04-16 11:00:00,12145742
2026-04-16 12:00:00,12780960
2026-04-16 13:00:00,13787719
2026-04-16 14:00:00,14132940
2026-04-16 15:00:00,14075677
2026-04-16 16:00:00,14452249
2026-04-16 17:00:00,14882207
2026-04-16 18:00:00,14976629
2026-04-16 19:00:00,14729135
2026-04-16 20:00:00,14533361
2026-04-16 21:00:00,14121372
2026-04-16 22:00:00,13100189
2026-04-16 23:00:00,12330746
2026-04-17 00:00:00,12294533
2026-04-17 01:00:00,12768519
2026-04-17 02:00:00,13305557
2026-04-17 03:00:00,12236278
2026-04-17 04:00:00,11498977
2026-04-17 05:00:00,10784362
2026-04-17 06:00:00,11204828
2026-04-17 07:00:00,11111975
2026-04-17 08:00:00,10571302
2026-04-17 09:00:00,11091685
2026-04-17 10:00:00,11642306
2026-04-17 11:00:00,12371915
2026-04-17 12:00:00,13399753
2026-04-17 13:00:00,14325257
2026-04-17 14:00:00,15084900
2026-04-17 15:00:00,14857692
2026-04-17 16:00:00,14792953
2026-04-17 17:00:00,14722472
2026-04-17 18:00:00,14661169
2026-04-17 19:00:00,15432370
2026-04-17 20:00:00,14516033
2026-04-17 21:00:00,13864362
2026-04-17 22:00:00,12923416
2026-04-17 23:00:00,12103932
2026-04-18 00:00:00,12156998
2026-04-18 01:00:00,13939487
2026-04-18 02:00:00,13648343
2026-04-18 03:00:00,12994801
2026-04-18 04:00:00,12705786
2026-04-18 05:00:00,12246340
2026-04-18 06:00:00,11714367
2026-04-18 07:00:00,11033458
2026-04-18 08:00:00,10861981
2026-04-18 09:00:00,10981352
2026-04-18 10:00:00,11255040
2026-04-18 11:00:00,11775098
2026-04-18 12:00:00,12670699
2026-04-18 13:00:00,13348492
2026-04-18 14:00:00,14033694
2026-04-18 15:00:00,14308784
2026-04-18 16:00:00,14408360
2026-04-18 17:00:00,14453693
2026-04-18 18:00:00,14588656
2026-04-18 19:00:00,14846519
2026-04-18 20:00:00,14773568
2026-04-18 21:00:00,14724049
2026-04-18 22:00:00,13677313
2026-04-18 23:00:00,13297228
2026-04-19 00:00:00,13157578
2026-04-19 01:00:00,13229533
2026-04-19 02:00:00,13104840
2026-04-19 03:00:00,12639038
2026-04-19 04:00:00,11917133
2026-04-19 05:00:00,11365171
2026-04-19 06:00:00,11092630
2026-04-19 07:00:00,10767887
2026-04-19 08:00:00,10986965
2026-04-19 09:00:00,12158486
2026-04-19 10:00:00,11198272
2026-04-19 11:00:00,12067992
2026-04-19 12:00:00,13078247
2026-04-19 13:00:00,14175430
2026-04-19 14:00:00,14919009
2026-04-19 15:00:00,14902319
2026-04-19 16:00:00,15177272
2026-04-19 17:00:00,15430531
2026-04-19 18:00:00,15418434
2026-04-19 19:00:00,14999483
2026-04-19 20:00:00,14979193
2026-04-19 21:00:00,15627781
2026-04-19 22:00:00,15066207
2026-04-19 23:00:00,13176703
2026-04-20 00:00:00,13254503
2026-04-20 01:00:00,13551947
2026-04-20 02:00:00,13238212
2026-04-20 03:00:00,12228902
2026-04-20 04:00:00,11572491
2026-04-20 05:00:00,10970820
2026-04-20 06:00:00,11059456
2026-04-20 07:00:00,10813152
2026-04-20 08:00:00,10603563
2026-04-20 09:00:00,10919245
2026-04-20 10:00:00,11097684
2026-04-20 11:00:00,12033674
2026-04-20 12:00:00,13088075
2026-04-20 13:00:00,13939902
2026-04-20 14:00:00,14471404
2026-04-20 15:00:00,14684476
2026-04-20 16:00:00,15361291
2026-04-20 17:00:00,15474715
2026-04-20 18:00:00,15271266
2026-04-20 19:00:00,15102044
2026-04-20 20:00:00,14730098
2026-04-20 21:00:00,14085098
2026-04-20 22:00:00,12480015
2026-04-20 23:00:00,12108992
2026-04-21 00:00:00,12842401
2026-04-21 01:00:00,12823632
2026-04-21 02:00:00,12628918
2026-04-21 03:00:00,11842575
2026-04-21 04:00:00,11245071
2026-04-21 05:00:00,10755547
2026-04-21 06:00:00,10677291
2026-04-21 07:00:00,10467626
2026-04-21 08:00:00,10649726
2026-04-21 09:00:00,10746866
2026-04-21 10:00:00,10926887
2026-04-21 11:00:00,11510036
2026-04-21 12:00:00,12514685
2026-04-21 13:00:00,13540127
2026-04-21 14:00:00,14264899
2026-04-21 15:00:00,14110722
2026-04-21 16:00:00,14329141
2026-04-21 17:00:00,14760483
2026-04-21 18:00:00,14640498
2026-04-21 19:00:00,14756429
2026-04-21 20:00:00,14633087
2026-04-21 21:00:00,13721770
2026-04-21 22:00:00,14080912
2026-04-21 23:00:00,11674185
2026-04-22 00:00:00,12430500
2026-04-22 01:00:00,12829215
2026-04-22 02:00:00,12659385
2026-04-22 03:00:00,12007267
2026-04-22 04:00:00,11276931
2026-04-22 05:00:00,10846484
2026-04-22 06:00:00,10753310
2026-04-22 07:00:00,10592652
2026-04-22 08:00:00,10672820
2026-04-22 09:00:00,11116481
2026-04-22 10:00:00,12274323
2026-04-22 11:00:00,13020287
2026-04-22 12:00:00,13336086
2026-04-22 13:00:00,13773540
2026-04-22 14:00:00,14173224
2026-04-22 15:00:00,14195174
2026-04-22 16:00:00,14537647
2026-04-22 17:00:00,14751285
2026-04-22 18:00:00,14813618
2026-04-22 19:00:00,14608796
2026-04-22 20:00:00,14336821
2026-04-22 21:00:00,13376253
2026-04-22 22:00:00,12524378
2026-04-22 23:00:00,11860081
2026-04-23 00:00:00,12050499
2026-04-23 01:00:00,13389232
2026-04-23 02:00:00,12724872
2026-04-23 03:00:00,12011181
2026-04-23 04:00:00,11219179
2026-04-23 05:00:00,10734267
2026-04-23 06:00:00,10711787
2026-04-23 07:00:00,10466449
2026-04-23 08:00:00,10492295
2026-04-23 09:00:00,10896663
2026-04-23 10:00:00,12374363
2026-04-23 11:00:00,11907032
2026-04-23 12:00:00,12667450
2026-04-23 13:00:00,13582505
2026-04-23 14:00:00,13983399
2026-04-23 15:00:00,14028456
2026-04-23 16:00:00,14155961
2026-04-23 17:00:00,14195348
2026-04-23 18:00:00,14306353
2026-04-23 19:00:00,13991534
2026-04-23 20:00:00,14044263
2026-04-23 21:00:00,13188082
2026-04-23 22:00:00,12102723
2026-04-23 23:00:00,11725427
2026-04-24 00:00:00,12087168
2026-04-24 01:00:00,12584478
2026-04-24 02:00:00,12445742
2026-04-24 03:00:00,11544717
2026-04-24 04:00:00,10946265
2026-04-24 05:00:00,10558225
2026-04-24 06:00:00,10362796
2026-04-24 07:00:00,10190467
2026-04-24 08:00:00,10257560
2026-04-24 09:00:00,11113313
2026-04-24 10:00:00,11389551
2026-04-24 11:00:00,11117905
2026-04-24 12:00:00,12081199
2026-04-24 13:00:00,13062590
2026-04-24 14:00:00,13706473
2026-04-24 15:00:00,13794395
2026-04-24 16:00:00,13683653
2026-04-24 17:00:00,13846520
2026-04-24 18:00:00,14253350
2026-04-24 19:00:00,13774800
2026-04-24 20:00:00,13610886
2026-04-24 21:00:00,13038186
2026-04-24 22:00:00,12267432
2026-04-24 23:00:00,11534978
2026-04-25 00:00:00,11780764
2026-04-25 01:00:00,11997274
2026-04-25 02:00:00,12176426
2026-04-25 03:00:00,11486367
2026-04-25 04:00:00,11215748
2026-04-25 05:00:00,10931580
2026-04-25 06:00:00,10607381
2026-04-25 07:00:00,10295216
2026-04-25 08:00:00,10188294
2026-04-25 09:00:00,10105617
2026-04-25 10:00:00,10284609
2026-04-25 11:00:00,11176049
2026-04-25 12:00:00,11988511
2026-04-25 13:00:00,12635169
2026-04-25 14:00:00,13391364
2026-04-25 15:00:00,13549746
2026-04-25 16:00:00,14221173
2026-04-25 17:00:00,15237941
2026-04-25 18:00:00,15199321
2026-04-25 19:00:00,16402961
2026-04-25 20:00:00,16057951
2026-04-25 21:00:00,14321328
2026-04-25 22:00:00,13914248
2026-04-25 23:00:00,13054628
2026-04-26 00:00:00,13486841
2026-04-26 01:00:00,13617673
2026-04-26 02:00:00,13634684
2026-04-26 03:00:00,13439653
2026-04-26 04:00:00,12788274
2026-04-26 05:00:00,12011875
2026-04-26 06:00:00,11807851
2026-04-26 07:00:00,11667418
2026-04-26 08:00:00,11662079
2026-04-26 09:00:00,11726360
2026-04-26 10:00:00,11859944
2026-04-26 11:00:00,12622937
2026-04-26 12:00:00,13575871
2026-04-26 13:00:00,14426590
2026-04-26 14:00:00,15152368
2026-04-26 15:00:00,15434022
2026-04-26 16:00:00,15905256
2026-04-26 17:00:00,15905044
2026-04-26 18:00:00,16194379
2026-04-26 19:00:00,16289592
2026-04-26 20:00:00,16473293
2026-04-26 21:00:00,15631234
2026-04-26 22:00:00,14563369
2026-04-26 23:00:00,13970095
2026-04-27 00:00:00,14172781
2026-04-27 01:00:00,14304166
2026-04-27 02:00:00,14408534
2026-04-27 03:00:00,13572032
2026-04-27 04:00:00,12855533
2026-04-27 05:00:00,12212826
2026-04-27 06:00:00,11960898
2026-04-27 07:00:00,11612837
2026-04-27 08:00:00,11407712
2026-04-27 09:00:00,11278267
2026-04-27 10:00:00,11644082
2026-04-27 11:00:00,12542817
2026-04-27 12:00:00,13766932
2026-04-27 13:00:00,14900367
2026-04-27 14:00:00,15366487
2026-04-27 15:00:00,15227723
2026-04-27 16:00:00,15361791
2026-04-27 17:00:00,15617628
2026-04-27 18:00:00,15693968
2026-04-27 19:00:00,15383018
2026-04-27 20:00:00,14725140
2026-04-27 21:00:00,13925704
2026-04-27 22:00:00,12499912
2026-04-27 23:00:00,11857292
2026-04-28 00:00:00,12690310
2026-04-28 01:00:00,12827810
2026-04-28 02:00:00,13251779
2026-04-28 03:00:00,12450639
2026-04-28 04:00:00,11269705
2026-04-28 05:00:00,10982889
2026-04-28 06:00:00,11355587
2026-04-28 07:00:00,11082316
2026-04-28 08:00:00,11210246
2026-04-28 09:00:00,10945414
2026-04-28 10:00:00,11405745
2026-04-28 11:00:00,11662234
2026-04-28 12:00:00,13246441
2026-04-28 13:00:00,13753270
2026-04-28 14:00:00,14196040
2026-04-28 15:00:00,14283321
2026-04-28 16:00:00,14389380
2026-04-28 17:00:00,15050696
2026-04-28 18:00:00,15003982
2026-04-28 19:00:00,14776138
2026-04-28 20:00:00,15518889
2026-04-28 21:00:00,15444712
2026-04-28 22:00:00,14104546
2026-04-28 23:00:00,12786602
2026-04-29 00:00:00,14267586
2026-04-29 01:00:00,14441222
2026-04-29 02:00:00,15530749
2026-04-29 03:00:00,13629074
2026-04-29 04:00:00,12285703
2026-04-29 05:00:00,11676525
2026-04-29 06:00:00,11423709
2026-04-29 07:00:00,11319239
2026-04-29 08:00:00,11525359
2026-04-29 09:00:00,10978006
2026-04-29 10:00:00,11240713
2026-04-29 11:00:00,12069493
2026-04-29 12:00:00,12924747
2026-04-29 13:00:00,13724146
2026-04-29 14:00:00,14100201
2026-04-29 15:00:00,14002002
2026-04-29 16:00:00,14172458
2026-04-29 17:00:00,13992901
2026-04-29 18:00:00,14360912
2026-04-29 19:00:00,14445650
2026-04-29 20:00:00,14160642
2026-04-29 21:00:00,13417003
2026-04-29 22:00:00,12265743
2026-04-29 23:00:00,12100284
2026-04-30 00:00:00,12207411
2026-04-30 01:00:00,12468068
2026-04-30 02:00:00,12559234
2026-04-30 03:00:00,12525911
2026-04-30 04:00:00,11344053
2026-04-30 05:00:00,11575596
2026-04-30 06:00:00,11500413
2026-04-30 07:00:00,11452612
2026-04-30 08:00:00,11491935
2026-04-30 09:00:00,11665244
2026-04-30 10:00:00,12324606
2026-04-30 11:00:00,12974455
2026-04-30 12:00:00,13699083
2026-04-30 13:00:00,13912347
2026-04-30 14:00:00,13970618
2026-04-30 15:00:00,14045917
2026-04-30 16:00:00,14275565
2026-04-30 17:00:00,14578680
2026-04-30 18:00:00,14531692
2026-04-30 19:00:00,14739380
2026-04-30 20:00:00,14781902
2026-04-30 21:00:00,13550597
2026-04-30 22:00:00,12478105
2026-04-30 23:00:00,11916786
2026-05-01 00:00:00,12274130
2026-05-01 01:00:00,12415406
2026-05-01 02:00:00,12406542
2026-05-01 03:00:00,11826656
2026-05-01 04:00:00,11037413
2026-05-01 05:00:00,10871483
2026-05-01 06:00:00,11101195
2026-05-01 07:00:00,10283555
2026-05-01 08:00:00,10085353
2026-05-01 09:00:00,10398440
2026-05-01 10:00:00,10662192
2026-05-01 11:00:00,11270774
2026-05-01 12:00:00,12254332
2026-05-01 13:00:00,13175905
2026-05-01 14:00:00,13640396
2026-05-01 15:00:00,13846183
2026-05-01 16:00:00,14129733
2026-05-01 17:00:00,14159069
2026-05-01 18:00:00,14430042
2026-05-01 19:00:00,14820925
2026-05-01 20:00:00,14311877
2026-05-01 21:00:00,13493499
2026-05-01 22:00:00,12453995
2026-05-01 23:00:00,11777775
2026-05-02 00:00:00,11868830
2026-05-02 01:00:00,12006972
2026-05-02 02:00:00,12105812
2026-05-02 03:00:00,11943953
2026-05-02 04:00:00,11478730
2026-05-02 05:00:00,10658411
2026-05-02 06:00:00,10603396
2026-05-02 07:00:00,10513404
2026-05-02 08:00:00,10572282
2026-05-02 09:00:00,10563322
2026-05-02 10:00:00,10913082
2026-05-02 11:00:00,11945208
2026-05-02 12:00:00,13411292
2026-05-02 13:00:00,12654994
2026-05-02 14:00:00,13195772
2026-05-02 15:00:00,13592146
2026-05-02 16:00:00,13672789
2026-05-02 17:00:00,14153078
2026-05-02 18:00:00,14714131
2026-05-02 19:00:00,14996690
2026-05-02 20:00:00,15343143
2026-05-02 21:00:00,14587814
2026-05-02 22:00:00,13622678
2026-05-02 23:00:00,12914208
2026-05-03 00:00:00,13089595
2026-05-03 01:00:00,13017063
2026-05-03 02:00:00,13276361
2026-05-03 03:00:00,12390064
2026-05-03 04:00:00,11777651
2026-05-03 05:00:00,11130375
2026-05-03 06:00:00,10821279
2026-05-03 07:00:00,10832887
2026-05-03 08:00:00,10699948
2026-05-03 09:00:00,10992440
2026-05-03 10:00:00,11337736
2026-05-03 11:00:00,11954685
2026-05-03 12:00:00,13016835
2026-05-03 13:00:00,13851224
2026-05-03 14:00:00,14509095
2026-05-03 15:00:00,14869189
2026-05-03 16:00:00,14978735
2026-05-03 17:00:00,14945353
2026-05-03 18:00:00,15555114
2026-05-03 19:00:00,15181771
2026-05-03 20:00:00,14901500
2026-05-03 21:00:00,15112646
2026-05-03 22:00:00,14447547
2026-05-03 23:00:00,13024202
2026-05-04 00:00:00,12912787
2026-05-04 01:00:00,13168071
2026-05-04 02:00:00,13488912
2026-05-04 03:00:00,12793428
2026-05-04 04:00:00,12440700
2026-05-04 05:00:00,11486939
2026-05-04 06:00:00,11048838
2026-05-04 07:00:00,10977741
2026-05-04 08:00:00,11141558
2026-05-04 09:00:00,11141509
2026-05-04 10:00:00,11616683
2026-05-04 11:00:00,12286746
2026-05-04 12:00:00,13170587
2026-05-04 13:00:00,14353562
2026-05-04 14:00:00,15321896
2026-05-04 15:00:00,15312603
2026-05-04 16:00:00,15404865
2026-05-04 17:00:00,15817598
2026-05-04 18:00:00,16051777
2026-05-04 19:00:00,15393522
2026-05-04 20:00:00,15102136
2026-05-04 21:00:00,14318402
2026-05-04 22:00:00,13046478
2026-05-04 23:00:00,12200548
2026-05-05 00:00:00,12165782
2026-05-05 01:00:00,12842650
2026-05-05 02:00:00,13277721
2026-05-05 03:00:00,12659182
2026-05-05 04:00:00,11902284
2026-05-05 05:00:00,11325158
2026-05-05 06:00:00,10943905
2026-05-05 07:00:00,10679712
2026-05-05 08:00:00,10753588
2026-05-05 09:00:00,10890652
2026-05-05 10:00:00,11204788
2026-05-05 11:00:00,12236636
2026-05-05 12:00:00,12733693
2026-05-05 13:00:00,13601459
2026-05-05 14:00:00,14218040
2026-05-05 15:00:00,14487757
2026-05-05 16:00:00,14707587
2026-05-05 17:00:00,14898240
2026-05-05 18:00:00,14895754
2026-05-05 19:00:00,14707079
2026-05-05 20:00:00,14741447
2026-05-05 21:00:00,13748610
2026-05-05 22:00:00,12329347
2026-05-05 23:00:00,11415096
2026-05-06 00:00:00,11820235
2026-05-06 01:00:00,12493028
2026-05-06 02:00:00,12627676
2026-05-06 03:00:00,11843312
2026-05-06 04:00:00,11278276
2026-05-06 05:00:00,11001459
2026-05-06 06:00:00,11039307
2026-05-06 07:00:00,10861607
2026-05-06 08:00:00,10910718
2026-05-06 09:00:00,10811556
2026-05-06 10:00:00,11406460
2026-05-06 11:00:00,11922092
2026-05-06 12:00:00,12865730
2026-05-06 13:00:00,13554393
2026-05-06 14:00:00,14353171
2026-05-06 15:00:00,14776808
2026-05-06 16:00:00,14943091
2026-05-06 17:00:00,15133450
2026-05-06 18:00:00,15105065
2026-05-06 19:00:00,14751933
2026-05-06 20:00:00,14680278
2026-05-06 21:00:00,13713203
2026-05-06 22:00:00,12601976
2026-05-06 23:00:00,11848205
2026-05-07 00:00:00,11939229
2026-05-07 01:00:00,12223562
2026-05-07 02:00:00,12570713
2026-05-07 03:00:00,11907616
2026-05-07 04:00:00,11348958
2026-05-07 05:00:00,10643287
2026-05-07 06:00:00,10504613
2026-05-07 07:00:00,10529032
2026-05-07 08:00:00,10422727
2026-05-07 09:00:00,10463207
2026-05-07 10:00:00,10960879
2026-05-07 11:00:00,11476027
2026-05-07 12:00:00,12381189
2026-05-07 13:00:00,13215632
2026-05-07 14:00:00,13622843
2026-05-07 15:00:00,13910469
2026-05-07 16:00:00,14058820
2026-05-07 17:00:00,14253724
2026-05-07 18:00:00,14347735
2026-05-07 19:00:00,14145659
2026-05-07 20:00:00,14212590
2026-05-07 21:00:00,13345897
2026-05-07 22:00:00,12174483
2026-05-07 23:00:00,11445742
2026-05-08 00:00:00,11779888
2026-05-08 01:00:00,11963736
2026-05-08 02:00:00,12173894
2026-05-08 03:00:00,11718292
2026-05-08 04:00:00,11237926
2026-05-08 05:00:00,10548220
2026-05-08 06:00:00,10737848
2026-05-08 07:00:00,10441522
2026-05-08 08:00:00,10119831
2026-05-08 09:00:00,10086777
2026-05-08 10:00:00,10801805
2026-05-08 11:00:00,11503421
2026-05-08 12:00:00,13876379
2026-05-08 13:00:00,13603855
2026-05-08 14:00:00,13881097
2026-05-08 15:00:00,13923377
2026-05-08 16:00:00,14019175
2026-05-08 17:00:00,14316840
2026-05-08 18:00:00,14587239
2026-05-08 19:00:00,14860837
2026-05-08 20:00:00,14708353
2026-05-08 21:00:00,13466123
2026-05-08 22:00:00,12328748
2026-05-08 23:00:00,11728687
2026-05-09 00:00:00,11793264
2026-05-09 01:00:00,11822253
2026-05-09 02:00:00,11863057
2026-05-09 03:00:00,11372575
2026-05-09 04:00:00,10989577
2026-05-09 05:00:00,10335198
2026-05-09 06:00:00,10261435
2026-05-09 07:00:00,10105943
2026-05-09 08:00:00,10163913
2026-05-09 09:00:00,10275894
2026-05-09 10:00:00,10662274
2026-05-09 11:00:00,11240412
2026-05-09 12:00:00,12202346
2026-05-09 13:00:00,13013068
2026-05-09 14:00:00,13645835
2026-05-09 15:00:00,13822423
2026-05-09 16:00:00,14123412
2026-05-09 17:00:00,14324612
2026-05-09 18:00:00,14491453
2026-05-09 19:00:00,14715121
2026-05-09 20:00:00,14537227
2026-05-09 21:00:00,13985306
2026-05-09 22:00:00,13017256
2026-05-09 23:00:00,12371310
2026-05-10 00:00:00,12218681
2026-05-10 01:00:00,12588514
2026-05-10 02:00:00,12835749
2026-05-10 03:00:00,12463650
2026-05-10 04:00:00,11781434
2026-05-10 05:00:00,11445382
2026-05-10 06:00:00,10841165
2026-05-10 07:00:00,10656016
2026-05-10 08:00:00,11173638
2026-05-10 09:00:00,10861171
2026-05-10 10:00:00,10947788
2026-05-10 11:00:00,11440413
2026-05-10 12:00:00,12391307
2026-05-10 13:00:00,13147715
2026-05-10 14:00:00,13774857
2026-05-10 15:00:00,14286739
2026-05-10 16:00:00,14437240
2026-05-10 17:00:00,14578585
2026-05-10 18:00:00,15029432
2026-05-10 19:00:00,15279827
2026-05-10 20:00:00,15053194
2026-05-10 21:00:00,14450080
2026-05-10 22:00:00,13237290
2026-05-10 23:00:00,12664797
2026-05-11 00:00:00,12740113
2026-05-11 01:00:00,13388143
2026-05-11 02:00:00,12873029
2026-05-11 03:00:00,12052772
2026-05-11 04:00:00,11345484
2026-05-11 05:00:00,10685820
2026-05-11 06:00:00,12879713
2026-05-11 07:00:00,13031728
2026-05-11 08:00:00,13040853
2026-05-11 09:00:00,13323081
2026-05-11 10:00:00,13550002
2026-05-11 11:00:00,14162499
2026-05-11 12:00:00,15022651
2026-05-11 13:00:00,16042195
2026-05-11 14:00:00,16394334
2026-05-11 15:00:00,16540012
2026-05-11 16:00:00,17040945
2026-05-11 17:00:00,16814937
2026-05-11 18:00:00,16730536
2026-05-11 19:00:00,16828766
2026-05-11 20:00:00,16402524
2026-05-11 21:00:00,15232534
2026-05-11 22:00:00,13440325
2026-05-11 23:00:00,12549346
2026-05-12 00:00:00,12233082
2026-05-12 01:00:00,12981926
2026-05-12 02:00:00,12803315
2026-05-12 03:00:00,11948027
2026-05-12 04:00:00,11415347
2026-05-12 05:00:00,10928303
2026-05-12 06:00:00,10818896
2026-05-12 07:00:00,10697145
2026-05-12 08:00:00,10507598
2026-05-12 09:00:00,10269079
2026-05-12 10:00:00,10582646
2026-05-12 11:00:00,11327166
2026-05-12 12:00:00,12355691
2026-05-12 13:00:00,13178043
2026-05-12 14:00:00,13674019
2026-05-12 15:00:00,13913419
2026-05-12 16:00:00,14165600
2026-05-12 17:00:00,14422757
2026-05-12 18:00:00,14766096
2026-05-12 19:00:00,14844147
2026-05-12 20:00:00,14653947
2026-05-12 21:00:00,13467902
2026-05-12 22:00:00,12295500
2026-05-12 23:00:00,11856300
2026-05-13 00:00:00,12086439
2026-05-13 01:00:00,12364334
2026-05-13 02:00:00,12497093
2026-05-13 03:00:00,11906712
2026-05-13 04:00:00,11548963
2026-05-13 05:00:00,10927102
2026-05-13 06:00:00,10550754
2026-05-13 07:00:00,10153878
2026-05-13 08:00:00,10319899
2026-05-13 09:00:00,10450730
2026-05-13 10:00:00,10875318
2026-05-13 11:00:00,11392328
2026-05-13 12:00:00,12105813
2026-05-13 13:00:00,13367322
2026-05-13 14:00:00,13833673
2026-05-13 15:00:00,13756620
2026-05-13 16:00:00,13926474
2026-05-13 17:00:00,14189058
2026-05-13 18:00:00,14282961
2026-05-13 19:00:00,14614312
2026-05-13 20:00:00,13834087
2026-05-13 21:00:00,12959781
2026-05-13 22:00:00,12671831
2026-05-13 23:00:00,12527374
2026-05-14 00:00:00,11498049
2026-05-14 01:00:00,11745232
2026-05-14 02:00:00,12600729
2026-05-14 03:00:00,11524766
2026-05-14 04:00:00,10973661
2026-05-14 05:00:00,10444497
2026-05-14 06:00:00,10488491
2026-05-14 07:00:00,10511645
2026-05-14 08:00:00,10377063
2026-05-14 09:00:00,10396225
2026-05-14 10:00:00,10942218
2026-05-14 11:00:00,12738890
2026-05-14 12:00:00,14597680
2026-05-14 13:00:00,13563206
2026-05-14 14:00:00,13954705
2026-05-14 15:00:00,14249107
2026-05-14 16:00:00,14229339
2026-05-14 17:00:00,14652267
2026-05-14 18:00:00,14548311
2026-05-14 19:00:00,14761318
2026-05-14 20:00:00,14771346
2026-05-14 21:00:00,13575848
2026-05-14 22:00:00,12495928
2026-05-14 23:00:00,11907634
2026-05-15 00:00:00,11955904
2026-05-15 01:00:00,11804787
2026-05-15 02:00:00,11829660
2026-05-15 03:00:00,11510944
2026-05-15 04:00:00,12345708
2026-05-15 05:00:00,10509958
2026-05-15 06:00:00,10448491
2026-05-15 07:00:00,10256021
2026-05-15 08:00:00,10691566
2026-05-15 09:00:00,10390372
2026-05-15 10:00:00,10964419
2026-05-15 11:00:00,11766168
2026-05-15 12:00:00,12538759
2026-05-15 13:00:00,13495618
2026-05-15 14:00:00,13879183
2026-05-15 15:00:00,14001594
2026-05-15 16:00:00,14490252
2026-05-15 17:00:00,14179254
2026-05-15 18:00:00,14498056
2026-05-15 19:00:00,13878172
2026-05-15 20:00:00,13893349
2026-05-15 21:00:00,13205029
2026-05-15 22:00:00,12168490
2026-05-15 23:00:00,11718576
2026-05-16 00:00:00,11271396
2026-05-16 01:00:00,12000137
2026-05-16 02:00:00,12336852
2026-05-16 03:00:00,11781558
2026-05-16 04:00:00,10852473
2026-05-16 05:00:00,10258814
2026-05-16 06:00:00,9969477
2026-05-16 07:00:00,9677279
2026-05-16 08:00:00,9797461
2026-05-16 09:00:00,9828802
2026-05-16 10:00:00,10275798
2026-05-16 11:00:00,10888266
2026-05-16 12:00:00,11903210
2026-05-16 13:00:00,12322307
2026-05-16 14:00:00,12946813
2026-05-16 15:00:00,13261684
2026-05-16 16:00:00,13785031
2026-05-16 17:00:00,13805239
2026-05-16 18:00:00,14108192
2026-05-16 19:00:00,14753708
2026-05-16 20:00:00,14714100
2026-05-16 21:00:00,14054480
2026-05-16 22:00:00,12968572
2026-05-16 23:00:00,12764133
2026-05-17 00:00:00,12221764
2026-05-17 01:00:00,12588149
2026-05-17 02:00:00,12984349
2026-05-17 03:00:00,12414710
2026-05-17 04:00:00,11426955
2026-05-17 05:00:00,10517425
2026-05-17 06:00:00,10161380
2026-05-17 07:00:00,10126893
2026-05-17 08:00:00,10646388
2026-05-17 09:00:00,10359334
2026-05-17 10:00:00,10636718
2026-05-17 11:00:00,11211814
2026-05-17 12:00:00,12120433
2026-05-17 13:00:00,12738516
2026-05-17 14:00:00,13405183
2026-05-17 15:00:00,13781612
2026-05-17 16:00:00,14130994
2026-05-17 17:00:00,14306726
2026-05-17 18:00:00,14548288
2026-05-17 19:00:00,14594574
2026-05-17 20:00:00,14760077
2026-05-17 21:00:00,14085231
2026-05-17 22:00:00,13243455
2026-05-17 23:00:00,12309660
2026-05-18 00:00:00,12028388
2026-05-18 01:00:00,12609300
2026-05-18 02:00:00,12510986
2026-05-18 03:00:00,12234197
2026-05-18 04:00:00,11948846
2026-05-18 05:00:00,10882624
2026-05-18 06:00:00,10436983
2026-05-18 07:00:00,10865320
2026-05-18 08:00:00,11042014
2026-05-18 09:00:00,10451167
2026-05-18 10:00:00,10778845
2026-05-18 11:00:00,11767025
2026-05-18 12:00:00,12750412
2026-05-18 13:00:00,13198212
2026-05-18 14:00:00,13763502
2026-05-18 15:00:00,14332565
2026-05-18 16:00:00,14725280
2026-05-18 17:00:00,14724319
2026-05-18 18:00:00,14946605
2026-05-18 19:00:00,14734001
2026-05-18 20:00:00,14510131
2026-05-18 21:00:00,13368252
2026-05-18 22:00:00,12794219
2026-05-18 23:00:00,12332504
2026-05-19 00:00:00,12251565
2026-05-19 01:00:00,12325755
2026-05-19 02:00:00,12650426
2026-05-19 03:00:00,12028974
2026-05-19 04:00:00,11122345
2026-05-19 05:00:00,10740128
2026-05-19 06:00:00,11181571
2026-05-19 07:00:00,11025820
2026-05-19 08:00:00,10686192
2026-05-19 09:00:00,11025202
2026-05-19 10:00:00,11390091
2026-05-19 11:00:00,11908201
2026-05-19 12:00:00,13034640
2026-05-19 13:00:00,13595689
2026-05-19 14:00:00,13977304
2026-05-19 15:00:00,14678184
2026-05-19 16:00:00,15070551
2026-05-19 17:00:00,14732987
2026-05-19 18:00:00,14747453
2026-05-19 19:00:00,14530994
2026-05-19 20:00:00,14423964
2026-05-19 21:00:00,13765077
2026-05-19 22:00:00,12537410
2026-05-19 23:00:00,12044778
2026-05-20 00:00:00,12238696
2026-05-20 01:00:00,12404524
2026-05-20 02:00:00,12176003
2026-05-20 03:00:00,11505023
2026-05-20 04:00:00,10978183
2026-05-20 05:00:00,10328250
2026-05-20 06:00:00,10575121
2026-05-20 07:00:00,10306952
2026-05-20 08:00:00,10708984
2026-05-20 09:00:00,10549452
2026-05-20 10:00:00,11075873
2026-05-20 11:00:00,11807434
2026-05-20 12:00:00,12874867
2026-05-20 13:00:00,13531573
2026-05-20 14:00:00,13966332
2026-05-20 15:00:00,13855044
2026-05-20 16:00:00,13959695
2026-05-20 17:00:00,14246033
2026-05-20 18:00:00,14509996
2026-05-20 19:00:00,14630994
2026-05-20 20:00:00,14672089
2026-05-20 21:00:00,13860931
2026-05-20 22:00:00,12398253
2026-05-20 23:00:00,11832949
2026-05-21 00:00:00,11958099
2026-05-21 01:00:00,12531716
2026-05-21 02:00:00,12145785
2026-05-21 03:00:00,11815223
2026-05-21 04:00:00,11174471
2026-05-21 05:00:00,10526522
2026-05-21 06:00:00,10792490
2026-05-21 07:00:00,10636316
2026-05-21 08:00:00,10230890
2026-05-21 09:00:00,10437177
2026-05-21 10:00:00,10906828
2026-05-21 11:00:00,11599072
2026-05-21 12:00:00,13523257
2026-05-21 13:00:00,14181487
2026-05-21 14:00:00,14443389
2026-05-21 15:00:00,13726141
2026-05-21 16:00:00,13866725
2026-05-21 17:00:00,13783690
2026-05-21 18:00:00,13673159
2026-05-21 19:00:00,13643175
2026-05-21 20:00:00,13816142
2026-05-21 21:00:00,13270736
2026-05-21 22:00:00,12777610
2026-05-21 23:00:00,12049357
2026-05-22 00:00:00,11876399
2026-05-22 01:00:00,12368301
2026-05-22 02:00:00,12388505
2026-05-22 03:00:00,11746907
2026-05-22 04:00:00,11281170
2026-05-22 05:00:00,10723073
2026-05-22 06:00:00,10583627
2026-05-22 07:00:00,10506548
2026-05-22 08:00:00,10583195
2026-05-22 09:00:00,11034866
2026-05-22 10:00:00,11498144
2026-05-22 11:00:00,11877003
2026-05-22 12:00:00,12292670
2026-05-22 13:00:00,13095382
2026-05-22 14:00:00,13286758
2026-05-22 15:00:00,13370079
2026-05-22 16:00:00,13696583
2026-05-22 17:00:00,13741617
2026-05-22 18:00:00,13754562
2026-05-22 19:00:00,13677077
2026-05-22 20:00:00,13631189
2026-05-22 21:00:00,13131365
2026-05-22 22:00:00,12404192
2026-05-22 23:00:00,11874632
2026-05-23 00:00:00,11991852
2026-05-23 01:00:00,12209849
2026-05-23 02:00:00,13415316
2026-05-23 03:00:00,11638808
2026-05-23 04:00:00,11806011
2026-05-23 05:00:00,10521921
2026-05-23 06:00:00,10547611
2026-05-23 07:00:00,10320575
2026-05-23 08:00:00,10154718
2026-05-23 09:00:00,10223772
2026-05-23 10:00:00,10685595
2026-05-23 11:00:00,11055282
2026-05-23 12:00:00,11842361
2026-05-23 13:00:00,12476589
2026-05-23 14:00:00,13197059
2026-05-23 15:00:00,13610921
2026-05-23 16:00:00,13914258
2026-05-23 17:00:00,13927410
2026-05-23 18:00:00,13961805
2026-05-23 19:00:00,14178274
2026-05-23 20:00:00,14242654
2026-05-23 21:00:00,14162401
2026-05-23 22:00:00,13168160
2026-05-23 23:00:00,12575611
2026-05-24 00:00:00,12536015
2026-05-24 01:00:00,12693911
2026-05-24 02:00:00,12586732
2026-05-24 03:00:00,12041829
2026-05-24 04:00:00,11220637
2026-05-24 05:00:00,10692950
2026-05-24 06:00:00,10383756
2026-05-24 07:00:00,10282074
2026-05-24 08:00:00,10004840
2026-05-24 09:00:00,10108778
2026-05-24 10:00:00,10378779
2026-05-24 11:00:00,10850478
2026-05-24 12:00:00,11902610
2026-05-24 13:00:00,12544275
2026-05-24 14:00:00,13237827
2026-05-24 15:00:00,13570839
2026-05-24 16:00:00,13926663
2026-05-24 17:00:00,14333017
2026-05-24 18:00:00,14543654
2026-05-24 19:00:00,14578779
2026-05-24 20:00:00,15116858
2026-05-24 21:00:00,14100012
2026-05-24 22:00:00,13288152
2026-05-24 23:00:00,12903685
2026-05-25 00:00:00,12712806
2026-05-25 01:00:00,12937305
2026-05-25 02:00:00,13103716
2026-05-25 03:00:00,12464166
2026-05-25 04:00:00,11749772
2026-05-25 05:00:00,11087461
2026-05-25 06:00:00,10675842
2026-05-25 07:00:00,10533736
2026-05-25 08:00:00,10613764
2026-05-25 09:00:00,10716019
2026-05-25 10:00:00,10660692
2026-05-25 11:00:00,11095341
2026-05-25 12:00:00,12067757
2026-05-25 13:00:00,12837102
2026-05-25 14:00:00,13520055
2026-05-25 15:00:00,13694386
2026-05-25 16:00:00,14077412
2026-05-25 17:00:00,14095234
2026-05-25 18:00:00,14094105
2026-05-25 19:00:00,14235847
2026-05-25 20:00:00,14277775
2026-05-25 21:00:00,13686580
2026-05-25 22:00:00,13000023
2026-05-25 23:00:00,12365801
2026-05-26 00:00:00,12401901
2026-05-26 01:00:00,12744025
2026-05-26 02:00:00,12933922
2026-05-26 03:00:00,11894773
2026-05-26 04:00:00,11077898
2026-05-26 05:00:00,10471769
2026-05-26 06:00:00,10213372
2026-05-26 07:00:00,9950115
2026-05-26 08:00:00,10089005
2026-05-26 09:00:00,10255471
2026-05-26 10:00:00,10676786
2026-05-26 11:00:00,11375401
2026-05-26 12:00:00,12242243
2026-05-26 13:00:00,13076843
2026-05-26 14:00:00,13678657
2026-05-26 15:00:00,13892839
2026-05-26 16:00:00,14016482
2026-05-26 17:00:00,14366232
2026-05-26 18:00:00,14322899
2026-05-26 19:00:00,14353908
2026-05-26 20:00:00,14201482
2026-05-26 21:00:00,13447268
2026-05-26 22:00:00,12588200
2026-05-26 23:00:00,11972880
2026-05-27 00:00:00,12364107
2026-05-27 01:00:00,12735829
2026-05-27 02:00:00,12539626
2026-05-27 03:00:00,12040813
2026-05-27 04:00:00,11137366
2026-05-27 05:00:00,10608686
2026-05-27 06:00:00,10534309
2026-05-27 07:00:00,10306098
2026-05-27 08:00:00,10130016
2026-05-27 09:00:00,10456951
2026-05-27 10:00:00,10745321
2026-05-27 11:00:00,11588935
2026-05-27 12:00:00,12558240
2026-05-27 13:00:00,13673273
2026-05-27 14:00:00,14473640
2026-05-27 15:00:00,13675916
2026-05-27 16:00:00,13977665
2026-05-27 17:00:00,14139201
2026-05-27 18:00:00,14056436
2026-05-27 19:00:00,14409766
2026-05-27 20:00:00,15460785
2026-05-27 21:00:00,14569784
2026-05-27 22:00:00,12764625
2026-05-27 23:00:00,12040061
2026-05-28 00:00:00,12710930
2026-05-28 01:00:00,12196266
2026-05-28 02:00:00,12457047
2026-05-28 03:00:00,12101208
2026-05-28 04:00:00,12005778
2026-05-28 05:00:00,11635826
2026-05-28 06:00:00,11671670
2026-05-28 07:00:00,11290079
2026-05-28 08:00:00,10775820
2026-05-28 09:00:00,10456549
2026-05-28 10:00:00,11557192
2026-05-28 11:00:00,12540926
2026-05-28 12:00:00,12571495
2026-05-28 13:00:00,13426717
2026-05-28 14:00:00,13835890
2026-05-28 15:00:00,14424826
2026-05-28 16:00:00,13820531
2026-05-28 17:00:00,13962441
2026-05-28 18:00:00,14744377
2026-05-28 19:00:00,14712260
2026-05-28 20:00:00,14652523
2026-05-28 21:00:00,13835871
2026-05-28 22:00:00,12639152
2026-05-28 23:00:00,12056269
2026-05-29 00:00:00,11954258
2026-05-29 01:00:00,13845187
2026-05-29 02:00:00,13403129
2026-05-29 03:00:00,12747779
2026-05-29 04:00:00,12095145
2026-05-29 05:00:00,11618313
2026-05-29 06:00:00,11736088
2026-05-29 07:00:00,11505100
2026-05-29 08:00:00,11659912
2026-05-29 09:00:00,11700104
2026-05-29 10:00:00,12053150
2026-05-29 11:00:00,12855984
2026-05-29 12:00:00,12848710
2026-05-29 13:00:00,12520034
2026-05-29 14:00:00,13035278
2026-05-29 15:00:00,13193112
2026-05-29 16:00:00,13683289
2026-05-29 17:00:00,13670848
2026-05-29 18:00:00,14091394
2026-05-29 19:00:00,14296423
2026-05-29 20:00:00,13877629
2026-05-29 21:00:00,13837330
2026-05-29 22:00:00,13756758
2026-05-29 23:00:00,13107412
2026-05-30 00:00:00,12586537
2026-05-30 01:00:00,12075735
2026-05-30 02:00:00,12283954
2026-05-30 03:00:00,11708575
2026-05-30 04:00:00,11413302
2026-05-30 05:00:00,12556446
2026-05-30 06:00:00,10838572
2026-05-30 07:00:00,10398915
2026-05-30 08:00:00,10322044
2026-05-30 09:00:00,10362046
2026-05-30 10:00:00,10738020
2026-05-30 11:00:00,11223970
2026-05-30 12:00:00,12452944
2026-05-30 13:00:00,13147705
2026-05-30 14:00:00,13593195
2026-05-30 15:00:00,14113874
2026-05-30 16:00:00,14545074
2026-05-30 17:00:00,16178655
2026-05-30 18:00:00,16695925
2026-05-30 19:00:00,16681240
2026-05-30 20:00:00,15744369
2026-05-30 21:00:00,15597363
2026-05-30 22:00:00,15198414
2026-05-30 23:00:00,14788460
2026-05-31 00:00:00,14662758
2026-05-31 01:00:00,14823486
2026-05-31 02:00:00,15415604
2026-05-31 03:00:00,12619060
2026-05-31 04:00:00,12032048
2026-05-31 05:00:00,11462509
2026-05-31 06:00:00,11450895
2026-05-31 07:00:00,11373119
2026-05-31 08:00:00,11164927
2026-05-31 09:00:00,11113506
2026-05-31 10:00:00,11483122
2026-05-31 11:00:00,12010035
2026-05-31 12:00:00,12963463
2026-05-31 13:00:00,14179192
2026-05-31 14:00:00,15540642
2026-05-31 15:00:00,15530508
2026-05-31 16:00:00,15044241
2026-05-31 17:00:00,15140097
2026-05-31 18:00:00,15512610
2026-05-31 19:00:00,15970865
2026-05-31 20:00:00,15412208
2026-05-31 21:00:00,14638215
2026-05-31 22:00:00,13552997
2026-05-31 23:00:00,13098884
2026-06-01 00:00:00,12795246
2026-06-01 01:00:00,13112738
2026-06-01 02:00:00,13113578
2026-06-01 03:00:00,12529571
2026-06-01 04:00:00,12183467
2026-06-01 05:00:00,11877332
2026-06-01 06:00:00,11715430
2026-06-01 07:00:00,11381284
2026-06-01 08:00:00,11574100
2026-06-01 09:00:00,12489647
2026-06-01 10:00:00,11653702
2026-06-01 11:00:00,12085217
2026-06-01 12:00:00,13042259
2026-06-01 13:00:00,13649183
2026-06-01 14:00:00,14169506
2026-06-01 15:00:00,14456103
2026-06-01 16:00:00,14530884
2026-06-01 17:00:00,14795968
2026-06-01 18:00:00,14883960
2026-06-01 19:00:00,15033859
2026-06-01 20:00:00,14577033
2026-06-01 21:00:00,13671703
2026-06-01 22:00:00,12834702
2026-06-01 23:00:00,12609759
2026-06-02 00:00:00,12516987
2026-06-02 01:00:00,13021421
2026-06-02 02:00:00,12968891
2026-06-02 03:00:00,11973749
2026-06-02 04:00:00,12056660
2026-06-02 05:00:00,12125766
2026-06-02 06:00:00,12091540
2026-06-02 07:00:00,11707448
2026-06-02 08:00:00,11346034
2026-06-02 09:00:00,11166049
2026-06-02 10:00:00,11583598
2026-06-02 11:00:00,12210563
2026-06-02 12:00:00,13215797
2026-06-02 13:00:00,13770538
2026-06-02 14:00:00,14296516
2026-06-02 15:00:00,14205523
2026-06-02 16:00:00,14200966
2026-06-02 17:00:00,14763723
2026-06-02 18:00:00,14763158
2026-06-02 19:00:00,14817559
2026-06-02 20:00:00,14655431
2026-06-02 21:00:00,13597567
2026-06-02 22:00:00,12283026
2026-06-02 23:00:00,12069125
2026-06-03 00:00:00,12139508
2026-06-03 01:00:00,12642458
2026-06-03 02:00:00,12766765
2026-06-03 03:00:00,12167271
2026-06-03 04:00:00,12092506
2026-06-03 05:00:00,11783308
2026-06-03 06:00:00,11594100
2026-06-03 07:00:00,11429068
2026-06-03 08:00:00,11008927
2026-06-03 09:00:00,11138009
2026-06-03 10:00:00,11380253
2026-06-03 11:00:00,14164371
2026-06-03 12:00:00,13571777
2026-06-03 13:00:00,13485522
2026-06-03 14:00:00,13879364
2026-06-03 15:00:00,14005862
2026-06-03 16:00:00,13956491
2026-06-03 17:00:00,14171573
2026-06-03 18:00:00,14218098
2026-06-03 19:00:00,14529193
2026-06-03 20:00:00,14269138
2026-06-03 21:00:00,13223142
2026-06-03 22:00:00,12845336
2026-06-03 23:00:00,12143706
2026-06-04 00:00:00,12117641
2026-06-04 01:00:00,12646219
2026-06-04 02:00:00,12633152
2026-06-04 03:00:00,11889247
2026-06-04 04:00:00,11212364
2026-06-04 05:00:00,10876683
2026-06-04 06:00:00,10980836
2026-06-04 07:00:00,10825761
2026-06-04 08:00:00,11178733
2026-06-04 09:00:00,11286979
2026-06-04 10:00:00,11717130
2026-06-04 11:00:00,12222809
2026-06-04 12:00:00,12748736
2026-06-04 13:00:00,13376979
2026-06-04 14:00:00,14042221
2026-06-04 15:00:00,14091692
2026-06-04 16:00:00,14359930
2026-06-04 17:00:00,14469360
2026-06-04 18:00:00,14220404
2026-06-04 19:00:00,14176540
2026-06-04 20:00:00,14166471
2026-06-04 21:00:00,13199611
2026-06-04 22:00:00,12528949
2026-06-04 23:00:00,12157440
2026-06-05 00:00:00,12103487
2026-06-05 01:00:00,12675742
2026-06-05 02:00:00,12631968
2026-06-05 03:00:00,11925292
2026-06-05 04:00:00,11473470
2026-06-05 05:00:00,11039691
2026-06-05 06:00:00,10884304
2026-06-05 07:00:00,10669409
2026-06-05 08:00:00,10805619
2026-06-05 09:00:00,10918918
2026-06-05 10:00:00,11364396
2026-06-05 11:00:00,12208292
2026-06-05 12:00:00,13093809
2026-06-05 13:00:00,14280952
2026-06-05 14:00:00,15434755
2026-06-05 15:00:00,15848918
2026-06-05 16:00:00,15136319
2026-06-05 17:00:00,14784075
2026-06-05 18:00:00,14943527
2026-06-05 19:00:00,14872731
2026-06-05 20:00:00,14622124
2026-06-05 21:00:00,14003221
2026-06-05 22:00:00,13093205
2026-06-05 23:00:00,12335983
2026-06-06 00:00:00,12345924
2026-06-06 01:00:00,12346377
2026-06-06 02:00:00,12328725
2026-06-06 03:00:00,11841772
2026-06-06 04:00:00,11599742
2026-06-06 05:00:00,11250486
2026-06-06 06:00:00,11234607
2026-06-06 07:00:00,11142092
2026-06-06 08:00:00,11158903
2026-06-06 09:00:00,11276644
2026-06-06 10:00:00,11416551
2026-06-06 11:00:00,11993172
2026-06-06 12:00:00,12727892
2026-06-06 13:00:00,13564385
2026-06-06 14:00:00,14073400
2026-06-06 15:00:00,14451570
2026-06-06 16:00:00,14647908
2026-06-06 17:00:00,14955073
2026-06-06 18:00:00,14999236
2026-06-06 19:00:00,15117451
2026-06-06 20:00:00,15134124
2026-06-06 21:00:00,14652648
2026-06-06 22:00:00,13575029
2026-06-06 23:00:00,12986747
2026-06-07 00:00:00,12582993
2026-06-07 01:00:00,12656898
2026-06-07 02:00:00,12695759
2026-06-07 03:00:00,12186967
2026-06-07 04:00:00,12217952
2026-06-07 05:00:00,11921096
2026-06-07 06:00:00,11272646
2026-06-07 07:00:00,11317304
2026-06-07 08:00:00,11516415
2026-06-07 09:00:00,11523584
2026-06-07 10:00:00,11783187
2026-06-07 11:00:00,12478029
2026-06-07 12:00:00,13411481
2026-06-07 13:00:00,14016465
2026-06-07 14:00:00,14583869
2026-06-07 15:00:00,16777376
2026-06-07 16:00:00,16977863
2026-06-07 17:00:00,15493741
2026-06-07 18:00:00,16154589
2026-06-07 19:00:00,16183412
2026-06-07 20:00:00,16222350
2026-06-07 21:00:00,15530660
2026-06-07 22:00:00,14428080
2026-06-07 23:00:00,13927964
2026-06-08 00:00:00,13893517
2026-06-08 01:00:00,14347423
2026-06-08 02:00:00,14588355
2026-06-08 03:00:00,13704329
2026-06-08 04:00:00,13628885
2026-06-08 05:00:00,13251567
2026-06-08 06:00:00,13261964
2026-06-08 07:00:00,12829794
2026-06-08 08:00:00,12660347
2026-06-08 09:00:00,12560721
2026-06-08 10:00:00,12775033
2026-06-08 11:00:00,13235266
2026-06-08 12:00:00,14166109
2026-06-08 13:00:00,14810052
2026-06-08 14:00:00,15513384
2026-06-08 15:00:00,16107188
2026-06-08 16:00:00,16274542
2026-06-08 17:00:00,15549694
2026-06-08 18:00:00,15425789
2026-06-08 19:00:00,15430417
2026-06-08 20:00:00,15059162
2026-06-08 21:00:00,15112550
2026-06-08 22:00:00,15192554
2026-06-08 23:00:00,12616358
2026-06-09 00:00:00,12899594
2026-06-09 01:00:00,13401240
2026-06-09 02:00:00,13768411
2026-06-09 03:00:00,12973081
2026-06-09 04:00:00,12558103
2026-06-09 05:00:00,12364539
2026-06-09 06:00:00,12458080
2026-06-09 07:00:00,12606831
2026-06-09 08:00:00,12386586
2026-06-09 09:00:00,12337801
2026-06-09 10:00:00,12655330
2026-06-09 11:00:00,12785873
2026-06-09 12:00:00,13359802
2026-06-09 13:00:00,13976928
2026-06-09 14:00:00,14611435
2026-06-09 15:00:00,14614847
2026-06-09 16:00:00,14797124
2026-06-09 17:00:00,14859347
2026-06-09 18:00:00,15095457
2026-06-09 19:00:00,14786477
2026-06-09 20:00:00,14516780
2026-06-09 21:00:00,13848911
2026-06-09 22:00:00,12433024
2026-06-09 23:00:00,12318582
2026-06-10 00:00:00,13403958
2026-06-10 01:00:00,13615122
2026-06-10 02:00:00,13670034
2026-06-10 03:00:00,12160026
2026-06-10 04:00:00,12190808
2026-06-10 05:00:00,12595422
2026-06-10 06:00:00,12865647
2026-06-10 07:00:00,12048663
2026-06-10 08:00:00,11627007
2026-06-10 09:00:00,12580068
2026-06-10 10:00:00,12084938
2026-06-10 11:00:00,12759781
2026-06-10 12:00:00,13534630
2026-06-10 13:00:00,14090340
2026-06-10 14:00:00,14926928
2026-06-10 15:00:00,15007936
2026-06-10 16:00:00,14678851
2026-06-10 17:00:00,15440194
2026-06-10 18:00:00,15350628
2026-06-10 19:00:00,15418858
2026-06-10 20:00:00,14749973
2026-06-10 21:00:00,13803814
2026-06-10 22:00:00,12934618
2026-06-10 23:00:00,12344604
2026-06-11 00:00:00,12303717
2026-06-11 01:00:00,13239556
2026-06-11 02:00:00,12623881
2026-06-11 03:00:00,11959168
2026-06-11 04:00:00,12251215
2026-06-11 05:00:00,11987171
2026-06-11 06:00:00,11592947
2026-06-11 07:00:00,11352746
2026-06-11 08:00:00,11301209
2026-06-11 09:00:00,11853003
2026-06-11 10:00:00,13243073
2026-06-11 11:00:00,14620243
2026-06-11 12:00:00,13807865
2026-06-11 13:00:00,14120305
2026-06-11 14:00:00,14492360
2026-06-11 15:00:00,14666488
2026-06-11 16:00:00,15383703
2026-06-11 17:00:00,14887572
2026-06-11 18:00:00,15397602
2026-06-11 19:00:00,16704187
2026-06-11 20:00:00,15983312
2026-06-11 21:00:00,15641275
2026-06-11 22:00:00,13510228
2026-06-11 23:00:00,13579819
2026-06-12 00:00:00,12818171
2026-06-12 01:00:00,13070677
2026-06-12 02:00:00,13516735
2026-06-12 03:00:00,13209790
2026-06-12 04:00:00,12561211
2026-06-12 05:00:00,12422677
2026-06-12 06:00:00,12176475
2026-06-12 07:00:00,11627429
2026-06-12 08:00:00,12448961
2026-06-12 09:00:00,11683619
2026-06-12 10:00:00,13176110
2026-06-12 11:00:00,12708748
2026-06-12 12:00:00,14145130
2026-06-12 13:00:00,15068138
2026-06-12 14:00:00,15601492
2026-06-12 15:00:00,15215423
2026-06-12 16:00:00,14609632
2026-06-12 17:00:00,16314034
2026-06-12 18:00:00,15167994
2026-06-12 19:00:00,15632305
2026-06-12 20:00:00,15905018
2026-06-12 21:00:00,15120982
2026-06-12 22:00:00,14516237
2026-06-12 23:00:00,13456226
2026-06-13 00:00:00,13621601
2026-06-13 01:00:00,14458086
2026-06-13 02:00:00,14257617
2026-06-13 03:00:00,13398194
2026-06-13 04:00:00,12779354
2026-06-13 05:00:00,12529832
2026-06-13 06:00:00,12381815
2026-06-13 07:00:00,12194022
2026-06-13 08:00:00,12272314
2026-06-13 09:00:00,12190069
2026-06-13 10:00:00,12414830
2026-06-13 11:00:00,12811799
2026-06-13 12:00:00,13409284
2026-06-13 13:00:00,14098950
2026-06-13 14:00:00,14466280
2026-06-13 15:00:00,14488419
2026-06-13 16:00:00,14400014
2026-06-13 17:00:00,14570446
2026-06-13 18:00:00,14790241
2026-06-13 19:00:00,15276876
2026-06-13 20:00:00,15007480
2026-06-13 21:00:00,14708627
2026-06-13 22:00:00,14274363
2026-06-13 23:00:00,13543086
2026-06-14 00:00:00,13340730
2026-06-14 01:00:00,13484690
2026-06-14 02:00:00,13353784
2026-06-14 03:00:00,13937079
2026-06-14 04:00:00,13278533
2026-06-14 05:00:00,12734988
2026-06-14 06:00:00,12355420
2026-06-14 07:00:00,11819702
2026-06-14 08:00:00,11694471
2026-06-14 09:00:00,11798310
2026-06-14 10:00:00,11999982
2026-06-14 11:00:00,12478467
2026-06-14 12:00:00,13391524
2026-06-14 13:00:00,14086523
2026-06-14 14:00:00,14886030
2026-06-14 15:00:00,15338465
2026-06-14 16:00:00,16008517
2026-06-14 17:00:00,17520327
2026-06-14 18:00:00,17366520
2026-06-14 19:00:00,17050768
2026-06-14 20:00:00,17388554
2026-06-14 21:00:00,16503772
2026-06-14 22:00:00,14971586
2026-06-14 23:00:00,14214531
2026-06-15 00:00:00,14082236
2026-06-15 01:00:00,14435446
2026-06-15 02:00:00,14692822
2026-06-15 03:00:00,14190371
2026-06-15 04:00:00,13270173
2026-06-15 05:00:00,12743176
2026-06-15 06:00:00,12996480
2026-06-15 07:00:00,12042572
2026-06-15 08:00:00,12173877
2026-06-15 09:00:00,12119703
2026-06-15 10:00:00,12352824
2026-06-15 11:00:00,12903142
2026-06-15 12:00:00,14425898
2026-06-15 13:00:00,14620428
2026-06-15 14:00:00,15317845
2026-06-15 15:00:00,15527032
2026-06-15 16:00:00,16060338
2026-06-15 17:00:00,16504301
2026-06-15 18:00:00,16355907
2026-06-15 19:00:00,16283220
2026-06-15 20:00:00,16028117
2026-06-15 21:00:00,14748899
2026-06-15 22:00:00,13822209
2026-06-15 23:00:00,12971319
2026-06-16 00:00:00,12924415
2026-06-16 01:00:00,13442049
2026-06-16 02:00:00,13293833
2026-06-16 03:00:00,12307916
2026-06-16 04:00:00,12119846
2026-06-16 05:00:00,11875305
2026-06-16 06:00:00,11815666
2026-06-16 07:00:00,11519771
2026-06-16 08:00:00,11555647
2026-06-16 09:00:00,11722281
2026-06-16 10:00:00,12108151
2026-06-16 11:00:00,12460219
2026-06-16 12:00:00,13138764
2026-06-16 13:00:00,13934656
2026-06-16 14:00:00,14501392
2026-06-16 15:00:00,14454834
2026-06-16 16:00:00,14659230
2026-06-16 17:00:00,14978768
2026-06-16 18:00:00,15234128
2026-06-16 19:00:00,15723543
2026-06-16 20:00:00,15370044
2026-06-16 21:00:00,14826201
2026-06-16 22:00:00,13436514
2026-06-16 23:00:00,13453109
2026-06-17 00:00:00,13196691
2026-06-17 01:00:00,14125191
2026-06-17 02:00:00,14487525
2026-06-17 03:00:00,13420747
2026-06-17 04:00:00,13025943
2026-06-17 05:00:00,12067115
2026-06-17 06:00:00,12052967
2026-06-17 07:00:00,11523338
2026-06-17 08:00:00,11429072
2026-06-17 09:00:00,11413197
2026-06-17 10:00:00,11492358
2026-06-17 11:00:00,12463630
2026-06-17 12:00:00,13400516
2026-06-17 13:00:00,14271137
2026-06-17 14:00:00,14859190
2026-06-17 15:00:00,15155363
2026-06-17 16:00:00,15230296
2026-06-17 17:00:00,15761300
2026-06-17 18:00:00,15734415
2026-06-17 19:00:00,16044932
2026-06-17 20:00:00,15944462
2026-06-17 21:00:00,15694304
2026-06-17 22:00:00,14038608
2026-06-17 23:00:00,13874272
2026-06-18 00:00:00,13315222
2026-06-18 01:00:00,13154485
2026-06-18 02:00:00,13162322
2026-06-18 03:00:00,12367153
2026-06-18 04:00:00,11667754
2026-06-18 05:00:00,11465567
2026-06-18 06:00:00,11509507
2026-06-18 07:00:00,11463423
2026-06-18 08:00:00,11568989
2026-06-18 09:00:00,11626030
2026-06-18 10:00:00,11657400
2026-06-18 11:00:00,12252347
2026-06-18 12:00:00,12978042
2026-06-18 13:00:00,13732037
2026-06-18 14:00:00,14431415
2026-06-18 15:00:00,14519708
2026-06-18 16:00:00,14707649
2026-06-18 17:00:00,14803633
2026-06-18 18:00:00,14708890
2026-06-18 19:00:00,14966563
2026-06-18 20:00:00,14568494
2026-06-18 21:00:00,14249130
2026-06-18 22:00:00,13218706
2026-06-18 23:00:00,13133305
2026-06-19 00:00:00,12877677
2026-06-19 01:00:00,13139501
2026-06-19 02:00:00,12610457
2026-06-19 03:00:00,11899877
2026-06-19 04:00:00,11311663
2026-06-19 05:00:00,10806482
2026-06-19 06:00:00,10973737
2026-06-19 07:00:00,10952224
2026-06-19 08:00:00,11010893
2026-06-19 09:00:00,11082787
2026-06-19 10:00:00,11456750
2026-06-19 11:00:00,12129249
2026-06-19 12:00:00,12781594
2026-06-19 13:00:00,15693464
2026-06-19 14:00:00,14448384
2026-06-19 15:00:00,14373136
2026-06-19 16:00:00,14154075
2026-06-19 17:00:00,14364551
2026-06-19 18:00:00,14551729
2026-06-19 19:00:00,15025640
2026-06-19 20:00:00,14958638
2026-06-19 21:00:00,14741586
2026-06-19 22:00:00,13605930
2026-06-19 23:00:00,13172838
2026-06-20 00:00:00,12932051
2026-06-20 01:00:00,12942811
2026-06-20 02:00:00,13166350
2026-06-20 03:00:00,12615433
2026-06-20 04:00:00,12342389
2026-06-20 05:00:00,12116085
2026-06-20 06:00:00,11809198
2026-06-20 07:00:00,11614333
2026-06-20 08:00:00,11492699
2026-06-20 09:00:00,11292130
2026-06-20 10:00:00,11189009
2026-06-20 11:00:00,11768146
2026-06-20 12:00:00,12406621
2026-06-20 13:00:00,12728349
2026-06-20 14:00:00,13194139
2026-06-20 15:00:00,13509579
2026-06-20 16:00:00,13746179
2026-06-20 17:00:00,14124001
2026-06-20 18:00:00,14417075
2026-06-20 19:00:00,14272471
2026-06-20 20:00:00,14474400
2026-06-20 21:00:00,14176077
2026-06-20 22:00:00,13550778
2026-06-20 23:00:00,12537121
2026-06-21 00:00:00,12815420
2026-06-21 01:00:00,12773209
2026-06-21 02:00:00,13070892
2026-06-21 03:00:00,12664363
2026-06-21 04:00:00,12411988
2026-06-21 05:00:00,12149235
2026-06-21 06:00:00,11596861
2026-06-21 07:00:00,11252658
2026-06-21 08:00:00,11071058
2026-06-21 09:00:00,10786699
2026-06-21 10:00:00,11144132
2026-06-21 11:00:00,11435717
2026-06-21 12:00:00,12287569
2026-06-21 13:00:00,13371810
2026-06-21 14:00:00,14957327
2026-06-21 15:00:00,14469064
2026-06-21 16:00:00,15108473
2026-06-21 17:00:00,15644387
2026-06-21 18:00:00,16293514
2026-06-21 19:00:00,15291112
2026-06-21 20:00:00,14914548
2026-06-21 21:00:00,14428414
2026-06-21 22:00:00,14348816
2026-06-21 23:00:00,14173942
2026-06-22 00:00:00,13716849
2026-06-22 01:00:00,14249589
2026-06-22 02:00:00,14243274
2026-06-22 03:00:00,13209745
2026-06-22 04:00:00,12439772
2026-06-22 05:00:00,12209110
2026-06-22 06:00:00,11703273
2026-06-22 07:00:00,11267091
2026-06-22 08:00:00,11108775
2026-06-22 09:00:00,11227843
2026-06-22 10:00:00,11577335
2026-06-22 11:00:00,12120865
2026-06-22 12:00:00,12894017
2026-06-22 13:00:00,13553958
2026-06-22 14:00:00,14516723
2026-06-22 15:00:00,14786366
2026-06-22 16:00:00,14703478
2026-06-22 17:00:00,15035342
2026-06-22 18:00:00,15627801
2026-06-22 19:00:00,15639656
2026-06-22 20:00:00,15359143
2026-06-22 21:00:00,15440479
2026-06-22 22:00:00,15935259
2026-06-22 23:00:00,12723596
2026-06-23 00:00:00,12893387
2026-06-23 01:00:00,13205350
2026-06-23 02:00:00,12843578
2026-06-23 03:00:00,12249203
2026-06-23 04:00:00,11652157
2026-06-23 05:00:00,11592009
2026-06-23 06:00:00,11445471
2026-06-23 07:00:00,10853270
2026-06-23 08:00:00,10579197
2026-06-23 09:00:00,10691198
2026-06-23 10:00:00,11115872
2026-06-23 11:00:00,11877560
2026-06-23 12:00:00,12502799
2026-06-23 13:00:00,13300392
2026-06-23 14:00:00,13297360
2026-06-23 15:00:00,13947102
2026-06-23 16:00:00,14233663
2026-06-23 17:00:00,14297675
2026-06-23 18:00:00,14325933
2026-06-23 19:00:00,14410703
2026-06-23 20:00:00,14622602
2026-06-23 21:00:00,13650168
2026-06-23 22:00:00,12885702
2026-06-23 23:00:00,12310172
2026-06-24 00:00:00,12779399
2026-06-24 01:00:00,13235805
2026-06-24 02:00:00,12900609
2026-06-24 03:00:00,12182322
2026-06-24 04:00:00,11382635
2026-06-24 05:00:00,10926096
2026-06-24 06:00:00,10620204
2026-06-24 07:00:00,10292800
2026-06-24 08:00:00,10015101
2026-06-24 09:00:00,10284472
2026-06-24 10:00:00,11058558
2026-06-24 11:00:00,12098535
2026-06-24 12:00:00,12635593
2026-06-24 13:00:00,13334320
2026-06-24 14:00:00,14083264
2026-06-24 15:00:00,14290066
2026-06-24 16:00:00,13932301
2026-06-24 17:00:00,13912150
2026-06-24 18:00:00,14414800
2026-06-24 19:00:00,14275804
2026-06-24 20:00:00,14349972
2026-06-24 21:00:00,13443538
2026-06-24 22:00:00,12478254
2026-06-24 23:00:00,12925951
2026-06-25 00:00:00,12730305
2026-06-25 01:00:00,12676668
2026-06-25 02:00:00,12927465
2026-06-25 03:00:00,12513036
2026-06-25 04:00:00,11156381
2026-06-25 05:00:00,11005932
2026-06-25 06:00:00,10724392
2026-06-25 07:00:00,10428814
2026-06-25 08:00:00,10341208
2026-06-25 09:00:00,10305412
2026-06-25 10:00:00,10992905
2026-06-25 11:00:00,11866726
2026-06-25 12:00:00,12657550
2026-06-25 13:00:00,12912641
2026-06-25 14:00:00,13251011
2026-06-25 15:00:00,13465379
2026-06-25 16:00:00,13373638
2026-06-25 17:00:00,13540342
2026-06-25 18:00:00,13683262
2026-06-25 19:00:00,14140543
2026-06-25 20:00:00,14133356
2026-06-25 21:00:00,13613360
2026-06-25 22:00:00,13095263
2026-06-25 23:00:00,13408917
2026-06-26 00:00:00,12861599
2026-06-26 01:00:00,12925994
2026-06-26 02:00:00,12702902
2026-06-26 03:00:00,12652421
2026-06-26 04:00:00,11693645
2026-06-26 05:00:00,11053620
2026-06-26 06:00:00,11354333
2026-06-26 07:00:00,10425626
2026-06-26 08:00:00,10181768
2026-06-26 09:00:00,10680099
2026-06-26 10:00:00,11274567
2026-06-26 11:00:00,11809681
2026-06-26 12:00:00,12459006
2026-06-26 13:00:00,13580236
2026-06-26 14:00:00,14127260
2026-06-26 15:00:00,14438840
2026-06-26 16:00:00,14563221
2026-06-26 17:00:00,14710835
2026-06-26 18:00:00,14685241
2026-06-26 19:00:00,14956759
2026-06-26 20:00:00,14676013
2026-06-26 21:00:00,13996349
2026-06-26 22:00:00,12534929
2026-06-26 23:00:00,12254794
2026-06-27 00:00:00,12438129
2026-06-27 01:00:00,12580096
2026-06-27 02:00:00,12900325
2026-06-27 03:00:00,12302187
2026-06-27 04:00:00,11790221
2026-06-27 05:00:00,11958652
2026-06-27 06:00:00,11846354
2026-06-27 07:00:00,11128883
2026-06-27 08:00:00,11087626
2026-06-27 09:00:00,11179599
2026-06-27 10:00:00,11855256
2026-06-27 11:00:00,13142704
2026-06-27 12:00:00,12633303
2026-06-27 13:00:00,13168869
2026-06-27 14:00:00,13660890
2026-06-27 15:00:00,14058792
2026-06-27 16:00:00,14238192
2026-06-27 17:00:00,14649982
2026-06-27 18:00:00,14646519
2026-06-27 19:00:00,14641708
2026-06-27 20:00:00,14734326
2026-06-27 21:00:00,14331921
2026-06-27 22:00:00,14515979
2026-06-27 23:00:00,13822911
2026-06-28 00:00:00,13237574
2026-06-28 01:00:00,13044203
2026-06-28 02:00:00,13270863
2026-06-28 03:00:00,13593815
2026-06-28 04:00:00,12637770
2026-06-28 05:00:00,11945444
2026-06-28 06:00:00,11573700
2026-06-28 07:00:00,11570915
2026-06-28 08:00:00,11292596
2026-06-28 09:00:00,11659792
2026-06-28 10:00:00,11808759
2026-06-28 11:00:00,12069966
2026-06-28 12:00:00,12878398
2026-06-28 13:00:00,13684266
2026-06-28 14:00:00,15306976
2026-06-28 15:00:00,15807132
2026-06-28 16:00:00,15976349
2026-06-28 17:00:00,16335852
2026-06-28 18:00:00,15651541
2026-06-28 19:00:00,16325106
2026-06-28 20:00:00,16000080
2026-06-28 21:00:00,15367331
2026-06-28 22:00:00,14138432
2026-06-28 23:00:00,13137360
2026-06-29 00:00:00,13063673
2026-06-29 01:00:00,13273571
2026-06-29 02:00:00,13667879
2026-06-29 03:00:00,12854675
2026-06-29 04:00:00,12504270
2026-06-29 05:00:00,12086778
2026-06-29 06:00:00,11925884
2026-06-29 07:00:00,11959910
2026-06-29 08:00:00,11631629
2026-06-29 09:00:00,12128273
2026-06-29 10:00:00,12280128
2026-06-29 11:00:00,12976122
2026-06-29 12:00:00,13461376
2026-06-29 13:00:00,13935324
2026-06-29 14:00:00,14362505
2026-06-29 15:00:00,15068729
2026-06-29 16:00:00,15106101
2026-06-29 17:00:00,15605500
2026-06-29 18:00:00,15732854
2026-06-29 19:00:00,15697287
2026-06-29 20:00:00,15356277
2026-06-29 21:00:00,14902846
2026-06-29 22:00:00,13279397
2026-06-29 23:00:00,13000146
2026-06-30 00:00:00,12680469
2026-06-30 01:00:00,13178199
2026-06-30 02:00:00,13173968
2026-06-30 03:00:00,12543047
2026-06-30 04:00:00,12244656
2026-06-30 05:00:00,12004479
2026-06-30 06:00:00,11659335
2026-06-30 07:00:00,11620857
2026-06-30 08:00:00,11429740
2026-06-30 09:00:00,13311261
2026-06-30 10:00:00,14491371
2026-06-30 11:00:00,15214677
2026-06-30 12:00:00,16030998
2026-06-30 13:00:00,16500596
2026-06-30 14:00:00,17003231
2026-06-30 15:00:00,18156068
2026-06-30 16:00:00,15012082
2026-06-30 17:00:00,15124711
2026-06-30 18:00:00,15101983
2026-06-30 19:00:00,15463298
2026-06-30 20:00:00,15032784
2026-06-30 21:00:00,14371090
2026-06-30 22:00:00,13821370
2026-06-30 23:00:00,13132334
2026-07-01 00:00:00,13386475
2026-07-01 01:00:00,13947081
2026-07-01 02:00:00,14015610
2026-07-01 03:00:00,13252321
2026-07-01 04:00:00,12736407
2026-07-01 05:00:00,12387915
2026-07-01 06:00:00,12107106
2026-07-01 07:00:00,11817572
2026-07-01 08:00:00,11676580
2026-07-01 09:00:00,11909472
2026-07-01 10:00:00,12272332
2026-07-01 11:00:00,12854485
2026-07-01 12:00:00,13808200
2026-07-01 13:00:00,15125836
2026-07-01 14:00:00,14354240
2026-07-01 15:00:00,15202359
2026-07-01 16:00:00,15488120
2026-07-01 17:00:00,15889964
2026-07-01 18:00:00,15719262
2026-07-01 19:00:00,15219452
2026-07-01 20:00:00,15432605
2026-07-01 21:00:00,14533916
2026-07-01 22:00:00,13316951
2026-07-01 23:00:00,13015332
2026-07-02 00:00:00,13216144
2026-07-02 01:00:00,13488294
2026-07-02 02:00:00,13578795
2026-07-02 03:00:00,12375239
2026-07-02 04:00:00,12017960
2026-07-02 05:00:00,11685018
2026-07-02 06:00:00,11442963
2026-07-02 07:00:00,11395216
2026-07-02 08:00:00,11207086
2026-07-02 09:00:00,11819817
2026-07-02 10:00:00,12183528
2026-07-02 11:00:00,12729738
2026-07-02 12:00:00,13250302
2026-07-02 13:00:00,13807341
2026-07-02 14:00:00,14224879
2026-07-02 15:00:00,14385015
2026-07-02 16:00:00,14724211
2026-07-02 17:00:00,15140146
2026-07-02 18:00:00,15199532
2026-07-02 19:00:00,15544624
2026-07-02 20:00:00,15527373
2026-07-02 21:00:00,14532803
2026-07-02 22:00:00,13474705
2026-07-02 23:00:00,13204733
2026-07-03 00:00:00,13343049
2026-07-03 01:00:00,14080515
2026-07-03 02:00:00,13974846
2026-07-03 03:00:00,13824014
2026-07-03 04:00:00,13039943
2026-07-03 05:00:00,12217245
2026-07-03 06:00:00,11889379
2026-07-03 07:00:00,11948776
2026-07-03 08:00:00,11871059
2026-07-03 09:00:00,11964787
2026-07-03 10:00:00,11896465
2026-07-03 11:00:00,12988884
2026-07-03 12:00:00,13476637
2026-07-03 13:00:00,14430787
2026-07-03 14:00:00,15516218
2026-07-03 15:00:00,16143978
2026-07-03 16:00:00,15904817
2026-07-03 17:00:00,16257483
2026-07-03 18:00:00,16443729
2026-07-03 19:00:00,16047618
2026-07-03 20:00:00,14759863
2026-07-03 21:00:00,14107366
2026-07-03 22:00:00,13995969
2026-07-03 23:00:00,13318776
2026-07-04 00:00:00,13530339
2026-07-04 01:00:00,12973806
2026-07-04 02:00:00,13012407
2026-07-04 03:00:00,12709737
2026-07-04 04:00:00,11900595
2026-07-04 05:00:00,11671997
2026-07-04 06:00:00,11235610
2026-07-04 07:00:00,11096624
2026-07-04 08:00:00,10698644
2026-07-04 09:00:00,10749317
2026-07-04 10:00:00,10903670
2026-07-04 11:00:00,11242995
2026-07-04 12:00:00,12322175
2026-07-04 13:00:00,13149554
2026-07-04 14:00:00,13996451
2026-07-04 15:00:00,14292915
2026-07-04 16:00:00,14740713
2026-07-04 17:00:00,15477143
2026-07-04 18:00:00,15454777
2026-07-04 19:00:00,15483788
2026-07-04 20:00:00,15117327
2026-07-04 21:00:00,15125664
2026-07-04 22:00:00,13837817
2026-07-04 23:00:00,13389558
2026-07-05 00:00:00,12665670
2026-07-05 01:00:00,12271067
2026-07-05 02:00:00,16269352
2026-07-05 03:00:00,12350928
2026-07-05 04:00:00,11589281
2026-07-05 05:00:00,11159658
2026-07-05 06:00:00,10987712
2026-07-05 07:00:00,10904904
2026-07-05 08:00:00,11002728
2026-07-05 09:00:00,10824998
2026-07-05 10:00:00,11116522
2026-07-05 11:00:00,11509112
2026-07-05 12:00:00,12451976
2026-07-05 13:00:00,13753632
2026-07-05 14:00:00,14393670
2026-07-05 15:00:00,14756443
2026-07-05 16:00:00,15301843
2026-07-05 17:00:00,15539433
2026-07-05 18:00:00,15908844
2026-07-05 19:00:00,16155015
2026-07-05 20:00:00,16124449
2026-07-05 21:00:00,15848729
2026-07-05 22:00:00,15240234
2026-07-05 23:00:00,14415334
2026-07-06 00:00:00,14983290
2026-07-06 01:00:00,14818282
2026-07-06 02:00:00,14456712
2026-07-06 03:00:00,14264828
2026-07-06 04:00:00,12275345
2026-07-06 05:00:00,11449582
2026-07-06 06:00:00,11070946
2026-07-06 07:00:00,10851574
2026-07-06 08:00:00,10705220
2026-07-06 09:00:00,10957063
2026-07-06 10:00:00,11371848
2026-07-06 11:00:00,11961302
2026-07-06 12:00:00,13281196
2026-07-06 13:00:00,14569443
2026-07-06 14:00:00,15095942
2026-07-06 15:00:00,15339090
2026-07-06 16:00:00,15423926
2026-07-06 17:00:00,15922021
2026-07-06 18:00:00,16008436
2026-07-06 19:00:00,16918195
2026-07-06 20:00:00,16434037
2026-07-06 21:00:00,15478064
2026-07-06 22:00:00,13515041
2026-07-06 23:00:00,13148077
2026-07-07 00:00:00,13338861
2026-07-07 01:00:00,13726186
2026-07-07 02:00:00,13580813
2026-07-07 03:00:00,12832261
2026-07-07 04:00:00,11873585
2026-07-07 05:00:00,11495655
2026-07-07 06:00:00,11575187
2026-07-07 07:00:00,11629688
2026-07-07 08:00:00,11310994
2026-07-07 09:00:00,11504656
2026-07-07 10:00:00,11336963
2026-07-07 11:00:00,11766684
2026-07-07 12:00:00,12915687
2026-07-07 13:00:00,13711088
2026-07-07 14:00:00,14489558
2026-07-07 15:00:00,14807314
2026-07-07 16:00:00,15412398
2026-07-07 17:00:00,15276147
2026-07-07 18:00:00,15161036
2026-07-07 19:00:00,16234541
2026-07-07 20:00:00,15875454
2026-07-07 21:00:00,14648140
2026-07-07 22:00:00,13603593
2026-07-07 23:00:00,13018095
2026-07-08 00:00:00,12747298
2026-07-08 01:00:00,13043477
2026-07-08 02:00:00,13464823
2026-07-08 03:00:00,12804576
2026-07-08 04:00:00,12133053
2026-07-08 05:00:00,11620961
2026-07-08 06:00:00,11614130
2026-07-08 07:00:00,11345192
2026-07-08 08:00:00,11169600
2026-07-08 09:00:00,11107699
2026-07-08 10:00:00,11410828
2026-07-08 11:00:00,12051698
2026-07-08 12:00:00,12879256
2026-07-08 13:00:00,13638538
2026-07-08 14:00:00,14266694
2026-07-08 15:00:00,14609188
2026-07-08 16:00:00,14880114
2026-07-08 17:00:00,14940683
2026-07-08 18:00:00,15043545
2026-07-08 19:00:00,14976141
2026-07-08 20:00:00,14665429
2026-07-08 21:00:00,14088203
2026-07-08 22:00:00,13546319
2026-07-08 23:00:00,13342063
2026-07-09 00:00:00,12525352
2026-07-09 01:00:00,13060599
2026-07-09 02:00:00,12831781
2026-07-09 03:00:00,12502935
2026-07-09 04:00:00,11932557
2026-07-09 05:00:00,11259216
2026-07-09 06:00:00,11223077
2026-07-09 07:00:00,11116298
2026-07-09 08:00:00,10838395
2026-07-09 09:00:00,11111699
2026-07-09 10:00:00,11356717
2026-07-09 11:00:00,12019951
2026-07-09 12:00:00,12809484
2026-07-09 13:00:00,13449621
2026-07-09 14:00:00,13892443
2026-07-09 15:00:00,14289897
2026-07-09 16:00:00,14024209
2026-07-09 17:00:00,14129036
2026-07-09 18:00:00,14340292
2026-07-09 19:00:00,14722447
2026-07-09 20:00:00,15347051
2026-07-09 21:00:00,14916883
2026-07-09 22:00:00,13599306
2026-07-09 23:00:00,12720285
2026-07-10 00:00:00,12524988
2026-07-10 01:00:00,12616874
2026-07-10 02:00:00,12662891
2026-07-10 03:00:00,12070352
2026-07-10 04:00:00,11613236
2026-07-10 05:00:00,11066773
2026-07-10 06:00:00,10926247
2026-07-10 07:00:00,10649793
2026-07-10 08:00:00,10729657
2026-07-10 09:00:00,10597495
2026-07-10 10:00:00,11053780
2026-07-10 11:00:00,11698542
2026-07-10 12:00:00,12489393
2026-07-10 13:00:00,13252292
2026-07-10 14:00:00,13868985
2026-07-10 15:00:00,14240372
2026-07-10 16:00:00,14059252
2026-07-10 17:00:00,14494181
2026-07-10 18:00:00,14466574
2026-07-10 19:00:00,15248287
2026-07-10 20:00:00,15447978
2026-07-10 21:00:00,14353078
2026-07-10 22:00:00,12988840
2026-07-10 23:00:00,12767737
2026-07-11 00:00:00,12433646
2026-07-11 01:00:00,12447527
2026-07-11 02:00:00,12526832
2026-07-11 03:00:00,12253407
2026-07-11 04:00:00,11867027
2026-07-11 05:00:00,11491951
2026-07-11 06:00:00,11154953
2026-07-11 07:00:00,10944297
2026-07-11 08:00:00,10711173
2026-07-11 09:00:00,10738676
2026-07-11 10:00:00,11157080
2026-07-11 11:00:00,11551809
2026-07-11 12:00:00,12320520
2026-07-11 13:00:00,13174646
2026-07-11 14:00:00,13882075
2026-07-11 15:00:00,14290364
2026-07-11 16:00:00,14287825
2026-07-11 17:00:00,14601726
2026-07-11 18:00:00,14414001
2026-07-11 19:00:00,14446481
2026-07-11 20:00:00,14771231
2026-07-11 21:00:00,15081682
2026-07-11 22:00:00,14554057
2026-07-11 23:00:00,14883588
2026-07-12 00:00:00,14061475
2026-07-12 01:00:00,13755585
2026-07-12 02:00:00,13267703
2026-07-12 03:00:00,13172840
2026-07-12 04:00:00,12240581
2026-07-12 05:00:00,11526682
2026-07-12 06:00:00,11325828
2026-07-12 07:00:00,11333365
2026-07-12 08:00:00,11264622
2026-07-12 09:00:00,11142553
2026-07-12 10:00:00,11358665
2026-07-12 11:00:00,11922193
2026-07-12 12:00:00,12737902
2026-07-12 13:00:00,13708619
2026-07-12 14:00:00,14337683
2026-07-12 15:00:00,14818106
2026-07-12 16:00:00,15176974
2026-07-12 17:00:00,14963357
2026-07-12 18:00:00,15246019
2026-07-12 19:00:00,15728384
2026-07-12 20:00:00,15427745
2026-07-12 21:00:00,14697123
2026-07-12 22:00:00,13735152
2026-07-12 23:00:00,13112481
2026-07-13 00:00:00,13114939
2026-07-13 01:00:00,13071296
2026-07-13 02:00:00,13604816
2026-07-13 03:00:00,12872002
2026-07-13 04:00:00,12108500
2026-07-13 05:00:00,11602056
2026-07-13 06:00:00,11907843
2026-07-13 07:00:00,11927512
2026-07-13 08:00:00,11884900
2026-07-13 09:00:00,11742843
2026-07-13 10:00:00,12058366
2026-07-13 11:00:00,12592472
2026-07-13 12:00:00,13425183
2026-07-13 13:00:00,14029250
2026-07-13 14:00:00,14307705
2026-07-13 15:00:00,14438152
2026-07-13 16:00:00,14754779
2026-07-13 17:00:00,14818407
2026-07-13 18:00:00,14788129
2026-07-13 19:00:00,14917084
2026-07-13 20:00:00,14904426
2026-07-13 21:00:00,14192206
2026-07-13 22:00:00,13111347
2026-07-13 23:00:00,12648132
2026-07-14 00:00:00,12668886
2026-07-14 01:00:00,13033689
2026-07-14 02:00:00,13206211
2026-07-14 03:00:00,12403910
2026-07-14 04:00:00,11928153
2026-07-14 05:00:00,11640735
2026-07-14 06:00:00,11472259
2026-07-14 07:00:00,11518872
2026-07-14 08:00:00,11374706
2026-07-14 09:00:00,11433251
2026-07-14 10:00:00,11980007
2026-07-14 11:00:00,12101750
2026-07-14 12:00:00,13199659
2026-07-14 13:00:00,13801941
2026-07-14 14:00:00,14070331
2026-07-14 15:00:00,14393486
2026-07-14 16:00:00,13881694
2026-07-14 17:00:00,13982098
2026-07-14 18:00:00,14381856
2026-07-14 19:00:00,15390486
2026-07-14 20:00:00,15545329
2026-07-14 21:00:00,14807078
2026-07-14 22:00:00,12974727
2026-07-14 23:00:00,12494225
2026-07-15 00:00:00,12487624
2026-07-15 01:00:00,12535612
2026-07-15 02:00:00,12791826
2026-07-15 03:00:00,12242853
2026-07-15 04:00:00,11670699
2026-07-15 05:00:00,11293639
2026-07-15 06:00:00,10832557
2026-07-15 07:00:00,10737622
2026-07-15 08:00:00,10602893
2026-07-15 09:00:00,10732036
2026-07-15 10:00:00,11137357
2026-07-15 11:00:00,11677037
2026-07-15 12:00:00,12398974
2026-07-15 13:00:00,12986766
2026-07-15 14:00:00,13674570
2026-07-15 15:00:00,14133516
2026-07-15 16:00:00,13946813
2026-07-15 17:00:00,13830205
2026-07-15 18:00:00,14569892
2026-07-15 19:00:00,15427089
2026-07-15 20:00:00,15119044
2026-07-15 21:00:00,14976328
2026-07-15 22:00:00,13421305
2026-07-15 23:00:00,12584908
2026-07-16 00:00:00,12215501
2026-07-16 01:00:00,12496666
2026-07-16 02:00:00,12645401
2026-07-16 03:00:00,12243844
2026-07-16 04:00:00,11503319
2026-07-16 05:00:00,11270105
2026-07-16 06:00:00,11157772
2026-07-16 07:00:00,10906172
2026-07-16 08:00:00,10758418
2026-07-16 09:00:00,10832336
2026-07-16 10:00:00,11209498
2026-07-16 11:00:00,11808745
2026-07-16 12:00:00,12392942
2026-07-16 13:00:00,12907824
2026-07-16 14:00:00,13397273
2026-07-16 15:00:00,13689518
2026-07-16 16:00:00,13849039
2026-07-16 17:00:00,14052656
2026-07-16 18:00:00,14095260
2026-07-16 19:00:00,14283914
2026-07-16 20:00:00,14284722
2026-07-16 21:00:00,13766290
2026-07-16 22:00:00,13279370
2026-07-16 23:00:00,12931224
2026-07-17 00:00:00,12526490
2026-07-17 01:00:00,12915716
2026-07-17 02:00:00,12871237
2026-07-17 03:00:00,12244874
2026-07-17 04:00:00,11510851
2026-07-17 05:00:00,11152643
2026-07-17 06:00:00,10866760
2026-07-17 07:00:00,10711935
2026-07-17 08:00:00,10620826
2026-07-17 09:00:00,10733333
2026-07-17 10:00:00,11080292
2026-07-17 11:00:00,11481141
2026-07-17 12:00:00,12361354
2026-07-17 13:00:00,13181175
2026-07-17 14:00:00,14986661
2026-07-17 15:00:00,14069018
2026-07-17 16:00:00,14185427
2026-07-17 17:00:00,14440034
2026-07-17 18:00:00,14808108
2026-07-17 19:00:00,15021389
2026-07-17 20:00:00,14747897
2026-07-17 21:00:00,14273064
2026-07-17 22:00:00,13622309
2026-07-17 23:00:00,13034981
2026-07-18 00:00:00,12934728
2026-07-18 01:00:00,12673518
2026-07-18 02:00:00,12778627
2026-07-18 03:00:00,12343477
2026-07-18 04:00:00,11868046
2026-07-18 05:00:00,11429602
2026-07-18 06:00:00,11213004
2026-07-18 07:00:00,11012941
2026-07-18 08:00:00,10966257
2026-07-18 09:00:00,10983522
2026-07-18 10:00:00,11260645
2026-07-18 11:00:00,11623334
2026-07-18 12:00:00,12493573
2026-07-18 13:00:00,13317083
2026-07-18 14:00:00,14070480
2026-07-18 15:00:00,14620461
2026-07-18 16:00:00,14779187
2026-07-18 17:00:00,14805708
2026-07-18 18:00:00,14856381
2026-07-18 19:00:00,15046043
2026-07-18 20:00:00,15306940
2026-07-18 21:00:00,15215253
2026-07-18 22:00:00,14408597
2026-07-18 23:00:00,14549997
2026-07-19 00:00:00,13448962
2026-07-19 01:00:00,13330836
2026-07-19 02:00:00,13231890
2026-07-19 03:00:00,13112517
2026-07-19 04:00:00,12638038
2026-07-19 05:00:00,12190012
2026-07-19 06:00:00,11774047
2026-07-19 07:00:00,11810515
2026-07-19 08:00:00,11773659
2026-07-19 09:00:00,11618939
2026-07-19 10:00:00,11777672
2026-07-19 11:00:00,12378950
2026-07-19 12:00:00,13286454
2026-07-19 13:00:00,13796022
2026-07-19 14:00:00,14554329
2026-07-19 15:00:00,14940181
2026-07-19 16:00:00,15204049
2026-07-19 17:00:00,15643920
2026-07-19 18:00:00,16230704
2026-07-19 19:00:00,17685613
2026-07-19 20:00:00,17970143
2026-07-19 21:00:00,15301277
2026-07-19 22:00:00,17940408
2026-07-19 23:00:00,14665550
2026-07-20 00:00:00,13813431
2026-07-20 01:00:00,14045540
2026-07-20 02:00:00,14003624
2026-07-20 03:00:00,13411612
2026-07-20 04:00:00,12734806
2026-07-20 05:00:00,13007353
2026-07-20 06:00:00,12288190
2026-07-20 07:00:00,12196292
2026-07-20 08:00:00,11866014
2026-07-20 09:00:00,11975558
2026-07-20 10:00:00,12290048
2026-07-20 11:00:00,13133259
2026-07-20 12:00:00,14071348
2026-07-20 13:00:00,14701879
2026-07-20 14:00:00,15581068
2026-07-20 15:00:00,15626309
2026-07-20 16:00:00,15315364
2026-07-20 17:00:00,15771270
2026-07-20 18:00:00,15764202
2026-07-20 19:00:00,15848378
2026-07-20 20:00:00,15682905
2026-07-20 21:00:00,15265675
2026-07-20 22:00:00,13920809
2026-07-20 23:00:00,13316461
2026-07-21 00:00:00,12946491
2026-07-21 01:00:00,13173274
2026-07-21 02:00:00,13182042
2026-07-21 03:00:00,12689761
2026-07-21 04:00:00,12236744
2026-07-21 05:00:00,11874685
2026-07-21 06:00:00,11603453
2026-07-21 07:00:00,11528420
2026-07-21 08:00:00,11320028
2026-07-21 09:00:00,11478100
2026-07-21 10:00:00,11815643
2026-07-21 11:00:00,12017792
2026-07-21 12:00:00,11931273
2026-07-21 13:00:00,13949885
2026-07-21 14:00:00,14662273
2026-07-21 15:00:00,14785357
2026-07-21 16:00:00,15291294
2026-07-21 17:00:00,15279011
2026-07-21 18:00:00,15488454
2026-07-21 19:00:00,15415875
2026-07-21 20:00:00,15120493
2026-07-21 21:00:00,14556757
2026-07-21 22:00:00,13664215
2026-07-21 23:00:00,13484677
2026-07-22 00:00:00,13310149
2026-07-22 01:00:00,13503387
2026-07-22 02:00:00,13744783
2026-07-22 03:00:00,13404406
2026-07-22 04:00:00,12796300
2026-07-22 05:00:00,12387579
2026-07-22 06:00:00,12282406
2026-07-22 07:00:00,12091079
2026-07-22 08:00:00,11784907
2026-07-22 09:00:00,11815008
2026-07-22 10:00:00,12004419
2026-07-22 11:00:00,12495385
2026-07-22 12:00:00,13553023
2026-07-22 13:00:00,14511053
2026-07-22 14:00:00,14867463
2026-07-22 15:00:00,15106390
2026-07-22 16:00:00,14549906
2026-07-22 17:00:00,14719050
2026-07-22 18:00:00,14918777
2026-07-22 19:00:00,15075519
2026-07-22 20:00:00,14794166
2026-07-22 21:00:00,14246216
2026-07-22 22:00:00,13228614
2026-07-22 23:00:00,13127871
2026-07-23 00:00:00,12968417
2026-07-23 01:00:00,13099876
2026-07-23 02:00:00,13055553
2026-07-23 03:00:00,12709225
2026-07-23 04:00:00,12076983
2026-07-23 05:00:00,11470038
2026-07-23 06:00:00,11361611
2026-07-23 07:00:00,11327344
2026-07-23 08:00:00,11269572
2026-07-23 09:00:00,11107126
2026-07-23 10:00:00,11672323
2026-07-23 11:00:00,12245034
2026-07-23 12:00:00,13136742
2026-07-23 13:00:00,13875171
2026-07-23 14:00:00,14384371
2026-07-23 15:00:00,14342566
2026-07-23 16:00:00,14539381
2026-07-23 17:00:00,14605476
2026-07-23 18:00:00,14860969
2026-07-23 19:00:00,16326385
2026-07-23 20:00:00,14735890
2026-07-23 21:00:00,14214744
2026-07-23 22:00:00,13359526
2026-07-23 23:00:00,13114045
2026-07-24 00:00:00,12780094
2026-07-24 01:00:00,12993602
2026-07-24 02:00:00,13169737
2026-07-24 03:00:00,12594262
2026-07-24 04:00:00,11873016
2026-07-24 05:00:00,11358272
2026-07-24 06:00:00,11295476
2026-07-24 07:00:00,11112763
2026-07-24 08:00:00,10871773
2026-07-24 09:00:00,11339013
2026-07-24 10:00:00,11285929
2026-07-24 11:00:00,11706580
2026-07-24 12:00:00,12661159
2026-07-24 13:00:00,13429473
2026-07-24 14:00:00,14046913
2026-07-24 15:00:00,14316737
2026-07-24 16:00:00,14321595
2026-07-24 17:00:00,14618084
2026-07-24 18:00:00,14736208
2026-07-24 19:00:00,14782740
2026-07-24 20:00:00,14836482
2026-07-24 21:00:00,14312213
2026-07-24 22:00:00,13395538
2026-07-24 23:00:00,13070158
2026-07-25 00:00:00,12970877
2026-07-25 01:00:00,13084288
2026-07-25 02:00:00,12757594
2026-07-25 03:00:00,12506867
2026-07-25 04:00:00,12037006
2026-07-25 05:00:00,11713429
2026-07-25 06:00:00,11441700
2026-07-25 07:00:00,11146582
2026-07-25 08:00:00,10835315
2026-07-25 09:00:00,11038811
2026-07-25 10:00:00,11179707
2026-07-25 11:00:00,11599247
2026-07-25 12:00:00,12376364
2026-07-25 13:00:00,13170749
2026-07-25 14:00:00,14044949
2026-07-25 15:00:00,14669043
2026-07-25 16:00:00,14797059
2026-07-25 17:00:00,14837109
2026-07-25 18:00:00,14973893
2026-07-25 19:00:00,15049450
2026-07-25 20:00:00,15192522
2026-07-25 21:00:00,15009412
2026-07-25 22:00:00,14174858
2026-07-25 23:00:00,13566020
2026-07-26 00:00:00,13227357
2026-07-26 01:00:00,13561930
2026-07-26 02:00:00,13804836
2026-07-26 03:00:00,13367945
2026-07-26 04:00:00,12883342
2026-07-26 05:00:00,12351808
2026-07-26 06:00:00,11967724
2026-07-26 07:00:00,11804194
2026-07-26 08:00:00,11899233
2026-07-26 09:00:00,11961983
2026-07-26 10:00:00,11997603
2026-07-26 11:00:00,12355052
2026-07-26 12:00:00,13173673
2026-07-26 13:00:00,13849198
2026-07-26 14:00:00,14654833
2026-07-26 15:00:00,15135286
2026-07-26 16:00:00,15194955
2026-07-26 17:00:00,15734938
2026-07-26 18:00:00,15875449
2026-07-26 19:00:00,15980138
2026-07-26 20:00:00,16065076
2026-07-26 21:00:00,15821184
2026-07-26 22:00:00,14481583
2026-07-26 23:00:00,14122477
2026-07-27 00:00:00,14073997
2026-07-27 01:00:00,14321922
2026-07-27 02:00:00,14068558
2026-07-27 03:00:00,13429245
2026-07-27 04:00:00,13159501
2026-07-27 05:00:00,12357972
2026-07-27 06:00:00,12002996
2026-07-27 07:00:00,11781868
2026-07-27 08:00:00,11870376
2026-07-27 09:00:00,12182230
2026-07-27 10:00:00,12392497
2026-07-27 11:00:00,12620924
2026-07-27 12:00:00,13391295
2026-07-27 13:00:00,14148889
2026-07-27 14:00:00,14848864
2026-07-27 15:00:00,15079993
2026-07-27 16:00:00,15130083
2026-07-27 17:00:00,15234007
2026-07-27 18:00:00,15303599
2026-07-27 19:00:00,15577181
2026-07-27 20:00:00,15304057
2026-07-27 21:00:00,14767898
2026-07-27 22:00:00,13858248
2026-07-27 23:00:00,13399612
2026-07-28 00:00:00,13138241
2026-07-28 01:00:00,13346816
2026-07-28 02:00:00,13440481
2026-07-28 03:00:00,12861070
2026-07-28 04:00:00,12331157
2026-07-28 05:00:00,11966846
2026-07-28 06:00:00,11744805
2026-07-28 07:00:00,11702932
2026-07-28 08:00:00,11417816
2026-07-28 09:00:00,11743149
2026-07-28 10:00:00,11887274
2026-07-28 11:00:00,12335587
2026-07-28 12:00:00,13147397
2026-07-28 13:00:00,13987353
2026-07-28 14:00:00,14573194
2026-07-28 15:00:00,14539621
2026-07-28 16:00:00,14748467
2026-07-28 17:00:00,14974066
2026-07-28 18:00:00,15033274
2026-07-28 19:00:00,15214750
2026-07-28 20:00:00,15193832
2026-07-28 21:00:00,15020994
2026-07-28 22:00:00,15125122
2026-07-28 23:00:00,13081163
2026-07-29 00:00:00,12864612
2026-07-29 01:00:00,13056004
2026-07-29 02:00:00,13180506
2026-07-29 03:00:00,12471147
2026-07-29 04:00:00,12049336
2026-07-29 05:00:00,11999508
2026-07-29 06:00:00,12060251
2026-07-29 07:00:00,11611339
2026-07-29 08:00:00,11543383
2026-07-29 09:00:00,11563969
2026-07-29 10:00:00,11689019
2026-07-29 11:00:00,12274517
2026-07-29 12:00:00,13103004
2026-07-29 13:00:00,13849146
2026-07-29 14:00:00,14416501
2026-07-29 15:00:00,14529832
2026-07-29 16:00:00,15185025
2026-07-29 17:00:00,15321689
2026-07-29 18:00:00,15343580
2026-07-29 19:00:00,15391823
2026-07-29 20:00:00,15422557
2026-07-29 21:00:00,14965552
2026-07-29 22:00:00,14062175
2026-07-29 23:00:00,13639951
2026-07-30 00:00:00,13420109
2026-07-30 01:00:00,13737355
2026-07-30 02:00:00,13582733
2026-07-30 03:00:00,13080768
2026-07-30 04:00:00,12550525
2026-07-30 05:00:00,12165272
2026-07-30 06:00:00,12114172
2026-07-30 07:00:00,11954802
2026-07-30 08:00:00,12082842
2026-07-30 09:00:00,12119481
2026-07-30 10:00:00,12472625
2026-07-30 11:00:00,12869568
2026-07-30 12:00:00,13612212
2026-07-30 13:00:00,13946525
2026-07-30 14:00:00,14508855
2026-07-30 15:00:00,15176335
2026-07-30 16:00:00,14250486
2026-07-30 17:00:00,14299722
2026-07-30 18:00:00,14328204
2026-07-30 19:00:00,14507407
2026-07-30 20:00:00,14767363
2026-07-30 21:00:00,14053264
2026-07-30 22:00:00,13070667
2026-07-30 23:00:00,12774488
2026-07-31 00:00:00,12553630
2026-07-31 01:00:00,12621237
2026-07-31 02:00:00,12654095
2026-07-31 03:00:00,12176247
2026-07-31 04:00:00,11642870
2026-07-31 05:00:00,11254685
2026-07-31 06:00:00,10852344
2026-07-31 07:00:00,10783376
2026-07-31 08:00:00,10637865
2026-07-31 09:00:00,10558476
2026-07-31 10:00:00,11188088
2026-07-31 11:00:00,11952362
2026-07-31 12:00:00,12707053
2026-07-31 13:00:00,13242223
2026-07-31 14:00:00,13842815
2026-07-31 15:00:00,14260965
2026-07-31 16:00:00,14079975
2026-07-31 17:00:00,14209817
2026-07-31 18:00:00,14202382
2026-07-31 19:00:00,14290560
2026-07-31 20:00:00,14462867
2026-07-31 21:00:00,13838812
2026-07-31 22:00:00,13229486
2026-07-31 23:00:00,12563847
2026-08-01 00:00:00,12363265
2026-08-01 01:00:00,12627928
2026-08-01 02:00:00,12789277
2026-08-01 03:00:00,12385187
2026-08-01 04:00:00,12570211
2026-08-01 05:00:00,11704385
2026-08-01 06:00:00,11450076
2026-08-01 07:00:00,11332833
2026-08-01 08:00:00,11207589
2026-08-01 09:00:00,11241728
2026-08-01 10:00:00,11475794
2026-08-01 11:00:00,11922855
2026-08-01 12:00:00,12746493
2026-08-01 13:00:00,13492657
2026-08-01 14:00:00,14056300
2026-08-01 15:00:00,14496825
2026-08-01 16:00:00,14705672
2026-08-01 17:00:00,14803206
2026-08-01 18:00:00,14817470
2026-08-01 19:00:00,14989849
2026-08-01 20:00:00,14936859
2026-08-01 21:00:00,14598424
2026-08-01 22:00:00,13714762
2026-08-01 23:00:00,13396575
2026-08-02 00:00:00,12976408
2026-08-02 01:00:00,13119569
2026-08-02 02:00:00,13085268
2026-08-02 03:00:00,12587221
2026-08-02 04:00:00,12115560
2026-08-02 05:00:00,11735839
2026-08-02 06:00:00,11664793
2026-08-02 07:00:00,11393622
2026-08-02 08:00:00,11282290
2026-08-02 09:00:00,11467064
2026-08-02 10:00:00,11497210
2026-08-02 11:00:00,11957967
2026-08-02 12:00:00,12847240
2026-08-02 13:00:00,13744072
2026-08-02 14:00:00,14442542
2026-08-02 15:00:00,14646227
2026-08-02 16:00:00,15037760
2026-08-02 17:00:00,15294937
2026-08-02 18:00:00,15324492
2026-08-02 19:00:00,15525676
2026-08-02 20:00:00,15533777
2026-08-02 21:00:00,14970734
2026-08-02 22:00:00,14092417
2026-08-02 23:00:00,13678730
2026-08-03 00:00:00,13605489
2026-08-03 01:00:00,13926856
2026-08-03 02:00:00,13943688
2026-08-03 03:00:00,13021186
2026-08-03 04:00:00,12432459
2026-08-03 05:00:00,11985268
2026-08-03 06:00:00,12070842
2026-08-03 07:00:00,11808380
2026-08-03 08:00:00,11567351
2026-08-03 09:00:00,11482558
2026-08-03 10:00:00,11776570
2026-08-03 11:00:00,12630247
2026-08-03 12:00:00,13245743
2026-08-03 13:00:00,13853757
2026-08-03 14:00:00,14282227
2026-08-03 15:00:00,14502239
2026-08-03 16:00:00,14639104
2026-08-03 17:00:00,14677366
2026-08-03 18:00:00,14790142
2026-08-03 19:00:00,14936634
2026-08-03 20:00:00,14721832
2026-08-03 21:00:00,14412798
2026-08-03 22:00:00,13206414
2026-08-03 23:00:00,13033561
2026-08-04 00:00:00,13103800
2026-08-04 01:00:00,13247430
2026-08-04 02:00:00,13343259
2026-08-04 03:00:00,12868832
2026-08-04 04:00:00,12024053
2026-08-04 05:00:00,11571726
2026-08-04 06:00:00,11312133
2026-08-04 07:00:00,11321108
2026-08-04 08:00:00,10940975
2026-08-04 09:00:00,11273558
2026-08-04 10:00:00,11777639
2026-08-04 11:00:00,12461119
2026-08-04 12:00:00,13169116
2026-08-04 13:00:00,13801093
2026-08-04 14:00:00,14593703
2026-08-04 15:00:00,14971772
2026-08-04 16:00:00,14769248
2026-08-04 17:00:00,14969638
2026-08-04 18:00:00,14943818
2026-08-04 19:00:00,15107226
2026-08-04 20:00:00,15296191
2026-08-04 21:00:00,14838165
2026-08-04 22:00:00,13852124
2026-08-04 23:00:00,13477233
2026-08-05 00:00:00,13734880
2026-08-05 01:00:00,14087328
2026-08-05 02:00:00,14220158
2026-08-05 03:00:00,13811630
2026-08-05 04:00:00,12678772
2026-08-05 05:00:00,12242237
2026-08-05 06:00:00,12044221
2026-08-05 07:00:00,11928765
2026-08-05 08:00:00,11881229
2026-08-05 09:00:00,12000550
2026-08-05 10:00:00,12581817
2026-08-05 11:00:00,13073301
2026-08-05 12:00:00,13542783
2026-08-05 13:00:00,14288066
2026-08-05 14:00:00,15044982
2026-08-05 15:00:00,15321003
2026-08-05 16:00:00,15294061
2026-08-05 17:00:00,15276463
2026-08-05 18:00:00,15172858
2026-08-05 19:00:00,15315361
2026-08-05 20:00:00,15455245
2026-08-05 21:00:00,14639703
2026-08-05 22:00:00,13668792
2026-08-05 23:00:00,13052480
2026-08-06 00:00:00,13309206
2026-08-06 01:00:00,13546148
2026-08-06 02:00:00,13451847
2026-08-06 03:00:00,12715677
2026-08-06 04:00:00,12247020
2026-08-06 05:00:00,12066327
2026-08-06 06:00:00,12034707
2026-08-06 07:00:00,11927668
2026-08-06 08:00:00,11689652
2026-08-06 09:00:00,12056953
2026-08-06 10:00:00,12176638
2026-08-06 11:00:00,12851388
2026-08-06 12:00:00,13517800
2026-08-06 13:00:00,14054092
2026-08-06 14:00:00,14760815
2026-08-06 15:00:00,15075028
2026-08-06 16:00:00,15221528
2026-08-06 17:00:00,15375672
2026-08-06 18:00:00,15107423
2026-08-06 19:00:00,15351497
2026-08-06 20:00:00,15343868
2026-08-06 21:00:00,14923980
2026-08-06 22:00:00,13973283
2026-08-06 23:00:00,13207014
2026-08-07 00:00:00,13369894
2026-08-07 01:00:00,13537190
2026-08-07 02:00:00,13270968
2026-08-07 03:00:00,12621753
2026-08-07 04:00:00,12206430
2026-08-07 05:00:00,11615902
2026-08-07 06:00:00,11572461
2026-08-07 07:00:00,11418883
2026-08-07 08:00:00,11528774
2026-08-07 09:00:00,11819041
2026-08-07 10:00:00,12108180
2026-08-07 11:00:00,12562036
2026-08-07 12:00:00,13542002
2026-08-07 13:00:00,14412999
2026-08-07 14:00:00,15026440
2026-08-07 15:00:00,15153717
2026-08-07 16:00:00,14576672
2026-08-07 17:00:00,14549691
2026-08-07 18:00:00,14680861
2026-08-07 19:00:00,14877156
2026-08-07 20:00:00,14872867
2026-08-07 21:00:00,14431414
2026-08-07 22:00:00,13469164
2026-08-07 23:00:00,12940456
2026-08-08 00:00:00,12864435
2026-08-08 01:00:00,12989660
2026-08-08 02:00:00,12983048
2026-08-08 03:00:00,12696140
2026-08-08 04:00:00,12524133
2026-08-08 05:00:00,12236571
2026-08-08 06:00:00,11903006
2026-08-08 07:00:00,11578069
2026-08-08 08:00:00,11373070
2026-08-08 09:00:00,11476010
2026-08-08 10:00:00,11771494
2026-08-08 11:00:00,12180178
2026-08-08 12:00:00,12948464
2026-08-08 13:00:00,13726918
2026-08-08 14:00:00,14211755
2026-08-08 15:00:00,14378685
2026-08-08 16:00:00,14458718
2026-08-08 17:00:00,14860585
2026-08-08 18:00:00,14982125
2026-08-08 19:00:00,15167458
2026-08-08 20:00:00,15302193
2026-08-08 21:00:00,14782988
2026-08-08 22:00:00,13962166
2026-08-08 23:00:00,13333847
2026-08-09 00:00:00,13066877
2026-08-09 01:00:00,13192643
2026-08-09 02:00:00,13262399
2026-08-09 03:00:00,12875819
2026-08-09 04:00:00,12629329
2026-08-09 05:00:00,12257811
2026-08-09 06:00:00,12100580
2026-08-09 07:00:00,11840458
2026-08-09 08:00:00,11616473
2026-08-09 09:00:00,11672469
2026-08-09 10:00:00,11935784
2026-08-09 11:00:00,12498707
2026-08-09 12:00:00,13334792
2026-08-09 13:00:00,14124225
2026-08-09 14:00:00,14864802
2026-08-09 15:00:00,15422281
2026-08-09 16:00:00,15377598
2026-08-09 17:00:00,15182417
2026-08-09 18:00:00,15262923
2026-08-09 19:00:00,15480956
2026-08-09 20:00:00,15104123
2026-08-09 21:00:00,14813472
2026-08-09 22:00:00,14176247
2026-08-09 23:00:00,13458660
2026-08-10 00:00:00,13275459
2026-08-10 01:00:00,13544423
2026-08-10 02:00:00,13525624
2026-08-10 03:00:00,22211572
2026-08-10 04:00:00,12208724
2026-08-10 05:00:00,11888205
2026-08-10 06:00:00,11670418
2026-08-10 07:00:00,11298278
2026-08-10 08:00:00,11154383
2026-08-10 09:00:00,11374994
2026-08-10 10:00:00,11712622
2026-08-10 11:00:00,12233004
2026-08-10 12:00:00,12963256
2026-08-10 13:00:00,13673771
2026-08-10 14:00:00,14272085
2026-08-10 15:00:00,14675067
2026-08-10 16:00:00,14558040
2026-08-10 17:00:00,14585868
2026-08-10 18:00:00,14493880
2026-08-10 19:00:00,14724220
2026-08-10 20:00:00,14646377
2026-08-10 21:00:00,13818460
2026-08-10 22:00:00,12969007
2026-08-10 23:00:00,12336789
2026-08-11 00:00:00,12349952
2026-08-11 01:00:00,12496142
2026-08-11 02:00:00,12459375
2026-08-11 03:00:00,11962825
2026-08-11 04:00:00,11946390
2026-08-11 05:00:00,11552975
2026-08-11 06:00:00,11164214
2026-08-11 07:00:00,11393545
2026-08-11 08:00:00,11237321
2026-08-11 09:00:00,11297410
2026-08-11 10:00:00,11645546
2026-08-11 11:00:00,12169835
2026-08-11 12:00:00,13099429
2026-08-11 13:00:00,13574810
2026-08-11 14:00:00,13583513
2026-08-11 15:00:00,13930378
2026-08-11 16:00:00,13954815
2026-08-11 17:00:00,14001948
2026-08-11 18:00:00,14231563
2026-08-11 19:00:00,14067776
2026-08-11 20:00:00,14044668
2026-08-11 21:00:00,14205809
2026-08-11 22:00:00,13413510
2026-08-11 23:00:00,12230998
2026-08-12 00:00:00,12016127
2026-08-12 01:00:00,12402660
2026-08-12 02:00:00,12410401
2026-08-12 03:00:00,11994622
2026-08-12 04:00:00,11472644
2026-08-12 05:00:00,10952888
2026-08-12 06:00:00,10933102
2026-08-12 07:00:00,10813233
2026-08-12 08:00:00,10786698
2026-08-12 09:00:00,10942625
2026-08-12 10:00:00,11248862
2026-08-12 11:00:00,12013059
2026-08-12 12:00:00,12696625
2026-08-12 13:00:00,13371215
2026-08-12 14:00:00,14149381
2026-08-12 15:00:00,14194289
2026-08-12 16:00:00,14070313
2026-08-12 17:00:00,13851492
2026-08-12 18:00:00,14178763
2026-08-12 19:00:00,14507268
2026-08-12 20:00:00,14345042
2026-08-12 21:00:00,13598564
2026-08-12 22:00:00,12522328
2026-08-12 23:00:00,12150282
2026-08-13 00:00:00,12043449
2026-08-13 01:00:00,12290710
2026-08-13 02:00:00,12242209
2026-08-13 03:00:00,11646408
2026-08-13 04:00:00,10900041
2026-08-13 05:00:00,10728804
2026-08-13 06:00:00,10928058
2026-08-13 07:00:00,10921732
2026-08-13 08:00:00,10660237
2026-08-13 09:00:00,10854481
2026-08-13 10:00:00,11060605
2026-08-13 11:00:00,11964434
2026-08-13 12:00:00,12752876
2026-08-13 13:00:00,13471858
2026-08-13 14:00:00,13663487
2026-08-13 15:00:00,13894564
2026-08-13 16:00:00,13719775
2026-08-13 17:00:00,13744643
2026-08-13 18:00:00,13946539
2026-08-13 19:00:00,14082601
2026-08-13 20:00:00,14111070
2026-08-13 21:00:00,13511965
2026-08-13 22:00:00,12610271
2026-08-13 23:00:00,12423556
2026-08-14 00:00:00,12162620
2026-08-14 01:00:00,12461152
2026-08-14 02:00:00,12554653
2026-08-14 03:00:00,11910321
2026-08-14 04:00:00,11360704
2026-08-14 05:00:00,10460200
2026-08-14 06:00:00,10268682
2026-08-14 07:00:00,10214620
2026-08-14 08:00:00,11373390
2026-08-14 09:00:00,10680154
2026-08-14 10:00:00,11142963
2026-08-14 11:00:00,11801461
2026-08-14 12:00:00,12384832
2026-08-14 13:00:00,13033318
2026-08-14 14:00:00,13599043
2026-08-14 15:00:00,14006251
2026-08-14 16:00:00,13916107
2026-08-14 17:00:00,13972456
2026-08-14 18:00:00,14134884
2026-08-14 19:00:00,14433861
2026-08-14 20:00:00,14232884
2026-08-14 21:00:00,13494105
2026-08-14 22:00:00,12414381
2026-08-14 23:00:00,11860064
2026-08-15 00:00:00,11497193
2026-08-15 01:00:00,11811188
2026-08-15 02:00:00,11879179
2026-08-15 03:00:00,11581689
2026-08-15 04:00:00,11412018
2026-08-15 05:00:00,11395585
2026-08-15 06:00:00,11060865
2026-08-15 07:00:00,10864747
2026-08-15 08:00:00,10961335
2026-08-15 09:00:00,10895742
2026-08-15 10:00:00,11174625
2026-08-15 11:00:00,11529038
2026-08-15 12:00:00,12217970
2026-08-15 13:00:00,13121780
2026-08-15 14:00:00,13981622
2026-08-15 15:00:00,14181652
2026-08-15 16:00:00,14360777
2026-08-15 17:00:00,14661101
2026-08-15 18:00:00,14833158
2026-08-15 19:00:00,14825154
2026-08-15 20:00:00,15219549
2026-08-15 21:00:00,14968853
2026-08-15 22:00:00,13973576
2026-08-15 23:00:00,12772914
2026-08-16 00:00:00,12475818
2026-08-16 01:00:00,12737183
2026-08-16 02:00:00,12813973
2026-08-16 03:00:00,12407668
2026-08-16 04:00:00,11993899
2026-08-16 05:00:00,11682506
2026-08-16 06:00:00,11312127
2026-08-16 07:00:00,10957204
2026-08-16 08:00:00,10932411
2026-08-16 09:00:00,10920214
2026-08-16 10:00:00,11041783
2026-08-16 11:00:00,11479500
2026-08-16 12:00:00,12283747
2026-08-16 13:00:00,13184186
2026-08-16 14:00:00,13873165
2026-08-16 15:00:00,14446326
2026-08-16 16:00:00,14591672
2026-08-16 17:00:00,14786209
2026-08-16 18:00:00,15077407
2026-08-16 19:00:00,15224084
2026-08-16 20:00:00,15513685
2026-08-16 21:00:00,14555220
2026-08-16 22:00:00,13422579
2026-08-16 23:00:00,13072447
2026-08-17 00:00:00,12716742
2026-08-17 01:00:00,12712157
2026-08-17 02:00:00,12757220
2026-08-17 03:00:00,14089555
2026-08-17 04:00:00,13455000
2026-08-17 05:00:00,12317732
2026-08-17 06:00:00,11738698
2026-08-17 07:00:00,11776843
2026-08-17 08:00:00,11320760
2026-08-17 09:00:00,11590680
2026-08-17 10:00:00,11906700
2026-08-17 11:00:00,12555756
2026-08-17 12:00:00,13499943
2026-08-17 13:00:00,14159428
2026-08-17 14:00:00,14728657
2026-08-17 15:00:00,14898236
2026-08-17 16:00:00,14774736
2026-08-17 17:00:00,14869713
2026-08-17 18:00:00,14677100
2026-08-17 19:00:00,15379329
2026-08-17 20:00:00,14860088
2026-08-17 21:00:00,13880258
2026-08-17 22:00:00,12672778
2026-08-17 23:00:00,12444634
2026-08-18 00:00:00,12338866
2026-08-18 01:00:00,12361091
2026-08-18 02:00:00,12397517
2026-08-18 03:00:00,11658984
2026-08-18 04:00:00,11286416
2026-08-18 05:00:00,10948835
2026-08-18 06:00:00,10816404
2026-08-18 07:00:00,10618653
2026-08-18 08:00:00,10586586
2026-08-18 09:00:00,10695249
2026-08-18 10:00:00,11276581
2026-08-18 11:00:00,11564155
2026-08-18 12:00:00,12547229
2026-08-18 13:00:00,13185073
2026-08-18 14:00:00,13646021
2026-08-18 15:00:00,13849698
2026-08-18 16:00:00,13837611
2026-08-18 17:00:00,14176619
2026-08-18 18:00:00,14191683
2026-08-18 19:00:00,14205965
2026-08-18 20:00:00,14236877
2026-08-18 21:00:00,13351257
2026-08-18 22:00:00,12383186
2026-08-18 23:00:00,11919269
2026-08-19 00:00:00,11847083
2026-08-19 01:00:00,12324607
2026-08-19 02:00:00,12373737
2026-08-19 03:00:00,11722553
2026-08-19 04:00:00,11079406
2026-08-19 05:00:00,10683437
2026-08-19 06:00:00,10571517
2026-08-19 07:00:00,10385595
2026-08-19 08:00:00,10353774
2026-08-19 09:00:00,10401794
2026-08-19 10:00:00,10791288
2026-08-19 11:00:00,11651742
2026-08-19 12:00:00,12413943
2026-08-19 13:00:00,13042776
2026-08-19 14:00:00,13583590
2026-08-19 15:00:00,13712466
2026-08-19 16:00:00,13497895
2026-08-19 17:00:00,13573624
2026-08-19 18:00:00,13797792
2026-08-19 19:00:00,14013309
2026-08-19 20:00:00,13895557
2026-08-19 21:00:00,13037901
2026-08-19 22:00:00,12028418
2026-08-19 23:00:00,11408474
2026-08-20 00:00:00,11527450
2026-08-20 01:00:00,11813406
2026-08-20 02:00:00,11989049
2026-08-20 03:00:00,11349802
2026-08-20 04:00:00,10879532
2026-08-20 05:00:00,10668084
2026-08-20 06:00:00,10463694
2026-08-20 07:00:00,10553818
2026-08-20 08:00:00,11125133
2026-08-20 09:00:00,11191908
2026-08-20 10:00:00,11295581
2026-08-20 11:00:00,11649084
2026-08-20 12:00:00,12268681
2026-08-20 13:00:00,13061592
2026-08-20 14:00:00,13708741
2026-08-20 15:00:00,13994589
2026-08-20 16:00:00,14094323
2026-08-20 17:00:00,14715798
2026-08-20 18:00:00,13566170
2026-08-20 19:00:00,13849624
2026-08-20 20:00:00,13960135
2026-08-20 21:00:00,13357756
2026-08-20 22:00:00,12420629
2026-08-20 23:00:00,12205322
2026-08-21 00:00:00,12438269
2026-08-21 01:00:00,12599591
2026-08-21 02:00:00,12629269
2026-08-21 03:00:00,12011019
2026-08-21 04:00:00,11363784
2026-08-21 05:00:00,10665413
2026-08-21 06:00:00,10437107
2026-08-21 07:00:00,10278153
2026-08-21 08:00:00,10257374
2026-08-21 09:00:00,10493722
2026-08-21 10:00:00,10924688
2026-08-21 11:00:00,11618950
2026-08-21 12:00:00,12274370
2026-08-21 13:00:00,13336880
2026-08-21 14:00:00,13833896
2026-08-21 15:00:00,13657132
2026-08-21 16:00:00,13723490
2026-08-21 17:00:00,13898597
2026-08-21 18:00:00,14199811
2026-08-21 19:00:00,14240872
2026-08-21 20:00:00,13975698
2026-08-21 21:00:00,13393535
2026-08-21 22:00:00,12630392
2026-08-21 23:00:00,12505901
2026-08-22 00:00:00,12298154
2026-08-22 01:00:00,12249872
2026-08-22 02:00:00,12201832
2026-08-22 03:00:00,11920923
2026-08-22 04:00:00,11630136
2026-08-22 05:00:00,11239540
2026-08-22 06:00:00,10987052
2026-08-22 07:00:00,10762684
2026-08-22 08:00:00,10683544
2026-08-22 09:00:00,10774015
2026-08-22 10:00:00,10937310
2026-08-22 11:00:00,12007352
2026-08-22 12:00:00,13072990
2026-08-22 13:00:00,13201306
2026-08-22 14:00:00,13661158
2026-08-22 15:00:00,13973391
2026-08-22 16:00:00,13915469
2026-08-22 17:00:00,14602302
2026-08-22 18:00:00,14404458
2026-08-22 19:00:00,14152269
2026-08-22 20:00:00,14414178
2026-08-22 21:00:00,13944693
2026-08-22 22:00:00,12887518
2026-08-22 23:00:00,12422820
2026-08-23 00:00:00,14779301
2026-08-23 01:00:00,12727954
2026-08-23 02:00:00,12723468
2026-08-23 03:00:00,12323398
2026-08-23 04:00:00,12003136
2026-08-23 05:00:00,11797039
2026-08-23 06:00:00,11362525
2026-08-23 07:00:00,11117786
2026-08-23 08:00:00,10858749
2026-08-23 09:00:00,10896461
2026-08-23 10:00:00,11114998
2026-08-23 11:00:00,11605655
2026-08-23 12:00:00,12543038
2026-08-23 13:00:00,13443923
2026-08-23 14:00:00,13900957
2026-08-23 15:00:00,14533217
2026-08-23 16:00:00,14645840
2026-08-23 17:00:00,14819589
2026-08-23 18:00:00,14778856
2026-08-23 19:00:00,15639317
2026-08-23 20:00:00,15403467
2026-08-23 21:00:00,14609081
2026-08-23 22:00:00,13856165
2026-08-23 23:00:00,13246899
2026-08-24 00:00:00,13101109
2026-08-24 01:00:00,13413316
2026-08-24 02:00:00,13333983
2026-08-24 03:00:00,12427882
2026-08-24 04:00:00,11863125
2026-08-24 05:00:00,11724016
2026-08-24 06:00:00,11263182
2026-08-24 07:00:00,11014822
2026-08-24 08:00:00,10836068
2026-08-24 09:00:00,10985884
2026-08-24 10:00:00,11169094
2026-08-24 11:00:00,11764176
2026-08-24 12:00:00,12759079
2026-08-24 13:00:00,13823927
2026-08-24 14:00:00,14252711
2026-08-24 15:00:00,14440632
2026-08-24 16:00:00,14174403
2026-08-24 17:00:00,14369488
2026-08-24 18:00:00,14660928
2026-08-24 19:00:00,14771065
2026-08-24 20:00:00,14563731
2026-08-24 21:00:00,13675087
2026-08-24 22:00:00,12727247
2026-08-24 23:00:00,12348161
2026-08-25 00:00:00,12328424
2026-08-25 01:00:00,12649644
2026-08-25 02:00:00,12554220
2026-08-25 03:00:00,11729126
2026-08-25 04:00:00,11338584
2026-08-25 05:00:00,11036437
2026-08-25 06:00:00,11039666
2026-08-25 07:00:00,11064656
2026-08-25 08:00:00,10905270
2026-08-25 09:00:00,11052539
2026-08-25 10:00:00,11539899
2026-08-25 11:00:00,12038112
2026-08-25 12:00:00,12962175
2026-08-25 13:00:00,13652714
2026-08-25 14:00:00,14052613
2026-08-25 15:00:00,13972188
2026-08-25 16:00:00,14013706
2026-08-25 17:00:00,14219835
2026-08-25 18:00:00,15611813
2026-08-25 19:00:00,15904556
2026-08-25 20:00:00,15549614
2026-08-25 21:00:00,14521058
2026-08-25 22:00:00,16175314
2026-08-25 23:00:00,12829650
2026-08-26 00:00:00,12690089
2026-08-26 01:00:00,13877027
2026-08-26 02:00:00,13620009
2026-08-26 03:00:00,12106912
2026-08-26 04:00:00,11567468
2026-08-26 05:00:00,11192393
2026-08-26 06:00:00,11028490
2026-08-26 07:00:00,11277719
2026-08-26 08:00:00,11043961
2026-08-26 09:00:00,11216240
2026-08-26 10:00:00,11584974
2026-08-26 11:00:00,12033120
2026-08-26 12:00:00,12980836
2026-08-26 13:00:00,13852226
2026-08-26 14:00:00,14297768
2026-08-26 15:00:00,14803892
2026-08-26 16:00:00,15491739
2026-08-26 17:00:00,15483037
2026-08-26 18:00:00,15109931
2026-08-26 19:00:00,15017976
2026-08-26 20:00:00,14947227
2026-08-26 21:00:00,14084581
2026-08-26 22:00:00,13107092
2026-08-26 23:00:00,13078061
2026-08-27 00:00:00,12937213
2026-08-27 01:00:00,13029950
2026-08-27 02:00:00,13083749
2026-08-27 03:00:00,12488794
2026-08-27 04:00:00,11870374
2026-08-27 05:00:00,11287910
2026-08-27 06:00:00,11072673
2026-08-27 07:00:00,10921072
2026-08-27 08:00:00,10942749
2026-08-27 09:00:00,11043499
2026-08-27 10:00:00,11236042
2026-08-27 11:00:00,11977962
2026-08-27 12:00:00,12758634
2026-08-27 13:00:00,13499211
2026-08-27 14:00:00,14149539
2026-08-27 15:00:00,14612634
2026-08-27 16:00:00,14607502
2026-08-27 17:00:00,14690386
2026-08-27 18:00:00,15046707
2026-08-27 19:00:00,14964000
2026-08-27 20:00:00,14703880
2026-08-27 21:00:00,13715213
2026-08-27 22:00:00,12809579
2026-08-27 23:00:00,12423359
2026-08-28 00:00:00,12209738
2026-08-28 01:00:00,12534099
2026-08-28 02:00:00,12479015
2026-08-28 03:00:00,11714401
2026-08-28 04:00:00,10922891
2026-08-28 05:00:00,10538883
2026-08-28 06:00:00,10577505
2026-08-28 07:00:00,10735390
2026-08-28 08:00:00,10900328
2026-08-28 09:00:00,11978563
2026-08-28 10:00:00,12122733
2026-08-28 11:00:00,11930786
2026-08-28 12:00:00,12812778
2026-08-28 13:00:00,13454026
2026-08-28 14:00:00,13848000
2026-08-28 15:00:00,14220180
2026-08-28 16:00:00,14238146
2026-08-28 17:00:00,14316597
2026-08-28 18:00:00,14622449
2026-08-28 19:00:00,14831162
2026-08-28 20:00:00,14577873
2026-08-28 21:00:00,13906547
2026-08-28 22:00:00,13050591
2026-08-28 23:00:00,12627230
2026-08-29 00:00:00,12348469
2026-08-29 01:00:00,12467131
2026-08-29 02:00:00,12596108
2026-08-29 03:00:00,12240962
2026-08-29 04:00:00,11682914
2026-08-29 05:00:00,11756451
2026-08-29 06:00:00,11190059
2026-08-29 07:00:00,10837687
2026-08-29 08:00:00,10578254
2026-08-29 09:00:00,10579717
2026-08-29 10:00:00,11005960
2026-08-29 11:00:00,11495372
2026-08-29 12:00:00,12314044
2026-08-29 13:00:00,13090525
2026-08-29 14:00:00,13882161
2026-08-29 15:00:00,14442745
2026-08-29 16:00:00,14650581
2026-08-29 17:00:00,14393787
2026-08-29 18:00:00,14504868
2026-08-29 19:00:00,14688318
2026-08-29 20:00:00,14789809
2026-08-29 21:00:00,14174812
2026-08-29 22:00:00,13454571
2026-08-29 23:00:00,13139679
2026-08-30 00:00:00,12751213
2026-08-30 01:00:00,12747629
2026-08-30 02:00:00,12696306
2026-08-30 03:00:00,12344108
2026-08-30 04:00:00,11551888
2026-08-30 05:00:00,11038693
2026-08-30 06:00:00,10590116
2026-08-30 07:00:00,10765212
2026-08-30 08:00:00,10763812
2026-08-30 09:00:00,10646286
2026-08-30 10:00:00,10971425
2026-08-30 11:00:00,11425383
2026-08-30 12:00:00,12516387
2026-08-30 13:00:00,13719410
2026-08-30 14:00:00,14333984
2026-08-30 15:00:00,14946203
2026-08-30 16:00:00,14859478
2026-08-30 17:00:00,14970357
2026-08-30 18:00:00,15052580
2026-08-30 19:00:00,15342459
2026-08-30 20:00:00,15290223
2026-08-30 21:00:00,14647360
2026-08-30 22:00:00,13685705
2026-08-30 23:00:00,13317265
2026-08-31 00:00:00,13312194
2026-08-31 01:00:00,13517547
2026-08-31 02:00:00,13321907
2026-08-31 03:00:00,12538455
2026-08-31 04:00:00,11881505
2026-08-31 05:00:00,11351400
2026-08-31 06:00:00,11113540
2026-08-31 07:00:00,10945496
2026-08-31 08:00:00,10836796
2026-08-31 09:00:00,11053612
2026-08-31 10:00:00,11558309
2026-08-31 11:00:00,12075421
2026-08-31 12:00:00,12973914
2026-08-31 13:00:00,13718962
2026-08-31 14:00:00,14087975
2026-08-31 15:00:00,14503314
2026-08-31 16:00:00,14359832
2026-08-31 17:00:00,14673128
2026-08-31 18:00:00,14633249
2026-08-31 19:00:00,14955984
2026-08-31 20:00:00,14434252
2026-08-31 21:00:00,13508072
2026-08-31 22:00:00,12535766
2026-08-31 23:00:00,12212349
2026-09-01 00:00:00,12167025
2026-09-01 01:00:00,12455026
2026-09-01 02:00:00,12397079
2026-09-01 03:00:00,11893358
2026-09-01 04:00:00,11215771
2026-09-01 05:00:00,10831410
2026-09-01 06:00:00,10620108
2026-09-01 07:00:00,10433986
2026-09-01 08:00:00,10716301
2026-09-01 09:00:00,11604751
2026-09-01 10:00:00,12368098
2026-09-01 11:00:00,11551315
2026-09-01 12:00:00,12281413
2026-09-01 13:00:00,13055520
2026-09-01 14:00:00,13648660
2026-09-01 15:00:00,13846833
2026-09-01 16:00:00,13834644
2026-09-01 17:00:00,14074812
2026-09-01 18:00:00,14149068
2026-09-01 19:00:00,14534892
2026-09-01 20:00:00,14381820
2026-09-01 21:00:00,13483044
2026-09-01 22:00:00,12619636
2026-09-01 23:00:00,12164966
2026-09-02 00:00:00,12189958
2026-09-02 01:00:00,12552446
2026-09-02 02:00:00,12754067
2026-09-02 03:00:00,11911731
2026-09-02 04:00:00,11542931
2026-09-02 05:00:00,11541732
2026-09-02 06:00:00,11375358
2026-09-02 07:00:00,10960760
2026-09-02 08:00:00,10687256
2026-09-02 09:00:00,15701307
2026-09-02 10:00:00,11404921
2026-09-02 11:00:00,11925855
2026-09-02 12:00:00,12702201
2026-09-02 13:00:00,13409359
2026-09-02 14:00:00,13912404
2026-09-02 15:00:00,14133017
2026-09-02 16:00:00,13891646
2026-09-02 17:00:00,13896746
2026-09-02 18:00:00,14053505
2026-09-02 19:00:00,14327097
2026-09-02 20:00:00,14189046
2026-09-02 21:00:00,13310886
2026-09-02 22:00:00,12550482
2026-09-02 23:00:00,12762667
2026-09-03 00:00:00,12199046
2026-09-03 01:00:00,12466095
2026-09-03 02:00:00,12665967
2026-09-03 03:00:00,11668954
2026-09-03 04:00:00,11190575
2026-09-03 05:00:00,10934491
2026-09-03 06:00:00,10720070
2026-09-03 07:00:00,10616842
2026-09-03 08:00:00,10521676
2026-09-03 09:00:00,10616863
2026-09-03 10:00:00,11162201
2026-09-03 11:00:00,11735259
2026-09-03 12:00:00,12688769
2026-09-03 13:00:00,13543629
2026-09-03 14:00:00,13978793
2026-09-03 15:00:00,14276084
2026-09-03 16:00:00,14459667
2026-09-03 17:00:00,14610846
2026-09-03 18:00:00,14593600
2026-09-03 19:00:00,14728824
2026-09-03 20:00:00,14786921
2026-09-03 21:00:00,13885059
2026-09-03 22:00:00,12669416
2026-09-03 23:00:00,12423377
2026-09-04 00:00:00,12429721
2026-09-04 01:00:00,12644876
2026-09-04 02:00:00,13467951
2026-09-04 03:00:00,13227510
2026-09-04 04:00:00,11999834
2026-09-04 05:00:00,11969902
2026-09-04 06:00:00,11452839
2026-09-04 07:00:00,11006676
2026-09-04 08:00:00,10149117
2026-09-04 09:00:00,10287295
2026-09-04 10:00:00,10608359
2026-09-04 11:00:00,11449867
2026-09-04 12:00:00,12092270
2026-09-04 13:00:00,12861115
2026-09-04 14:00:00,13379436
2026-09-04 15:00:00,13623040
2026-09-04 16:00:00,13624618
2026-09-04 17:00:00,13660374
2026-09-04 18:00:00,13825897
2026-09-04 19:00:00,14273911
2026-09-04 20:00:00,13969968
2026-09-04 21:00:00,13623585
2026-09-04 22:00:00,12361424
2026-09-04 23:00:00,11906585
2026-09-05 00:00:00,11823938
2026-09-05 01:00:00,12022254
2026-09-05 02:00:00,12112854
2026-09-05 03:00:00,11737559
2026-09-05 04:00:00,11595758
2026-09-05 05:00:00,11426125
2026-09-05 06:00:00,11181460
2026-09-05 07:00:00,10844024
2026-09-05 08:00:00,10745380
2026-09-05 09:00:00,10839811
2026-09-05 10:00:00,11054904
2026-09-05 11:00:00,11545134
2026-09-05 12:00:00,12267605
2026-09-05 13:00:00,13172301
2026-09-05 14:00:00,13532516
2026-09-05 15:00:00,13986684
2026-09-05 16:00:00,14249590
2026-09-05 17:00:00,14856712
2026-09-05 18:00:00,16428366
2026-09-05 19:00:00,15788731
2026-09-05 20:00:00,15841500
2026-09-05 21:00:00,15485239
2026-09-05 22:00:00,13557340
2026-09-05 23:00:00,13001464
2026-09-06 00:00:00,12856530
2026-09-06 01:00:00,13132198
2026-09-06 02:00:00,13385533
2026-09-06 03:00:00,13136991
2026-09-06 04:00:00,12667537
2026-09-06 05:00:00,12116194
2026-09-06 06:00:00,11833666
2026-09-06 07:00:00,11705600
2026-09-06 08:00:00,11591380
2026-09-06 09:00:00,11754688
2026-09-06 10:00:00,11718384
2026-09-06 11:00:00,12130092
2026-09-06 12:00:00,12875671
2026-09-06 13:00:00,13596568
2026-09-06 14:00:00,14422782
2026-09-06 15:00:00,14891761
2026-09-06 16:00:00,15172045
2026-09-06 17:00:00,15348598
2026-09-06 18:00:00,15361488
2026-09-06 19:00:00,15540006
2026-09-06 20:00:00,15268392
2026-09-06 21:00:00,14473169
2026-09-06 22:00:00,13508739
2026-09-06 23:00:00,13200261
2026-09-07 00:00:00,13193963
2026-09-07 01:00:00,13653177
2026-09-07 02:00:00,13700112
2026-09-07 03:00:00,13079959
2026-09-07 04:00:00,12633801
2026-09-07 05:00:00,12077573
2026-09-07 06:00:00,11821400
2026-09-07 07:00:00,11367191
2026-09-07 08:00:00,11189416
2026-09-07 09:00:00,11079702
2026-09-07 10:00:00,11184959
2026-09-07 11:00:00,11906730
2026-09-07 12:00:00,13837709
2026-09-07 13:00:00,13748741
2026-09-07 14:00:00,14460265
2026-09-07 15:00:00,14824799
2026-09-07 16:00:00,14664755
2026-09-07 17:00:00,14767458
2026-09-07 18:00:00,14898602
2026-09-07 19:00:00,15230153
2026-09-07 20:00:00,15339684
2026-09-07 21:00:00,14764000
2026-09-07 22:00:00,13567197
2026-09-07 23:00:00,13278186
2026-09-08 00:00:00,13218479
2026-09-08 01:00:00,13509696
2026-09-08 02:00:00,13119409
2026-09-08 03:00:00,12443033
2026-09-08 04:00:00,11880843
2026-09-08 05:00:00,11572782
2026-09-08 06:00:00,11368020
2026-09-08 07:00:00,11366284
2026-09-08 08:00:00,10993131
2026-09-08 09:00:00,11123932
2026-09-08 10:00:00,11380707
2026-09-08 11:00:00,11704444
2026-09-08 12:00:00,12550099
2026-09-08 13:00:00,13312767
2026-09-08 14:00:00,13755342
2026-09-08 15:00:00,13878819
2026-09-08 16:00:00,13917711
2026-09-08 17:00:00,14223340
2026-09-08 18:00:00,14914205
2026-09-08 19:00:00,14661155
2026-09-08 20:00:00,14500160
2026-09-08 21:00:00,13759530
2026-09-08 22:00:00,12745226
2026-09-08 23:00:00,12323682
2026-09-09 00:00:00,12493107
2026-09-09 01:00:00,12896056
2026-09-09 02:00:00,12845525
2026-09-09 03:00:00,11876702
2026-09-09 04:00:00,11580153
2026-09-09 05:00:00,11224899
2026-09-09 06:00:00,11281157
2026-09-09 07:00:00,11114243
2026-09-09 08:00:00,11020267
2026-09-09 09:00:00,11088398
2026-09-09 10:00:00,11394303
2026-09-09 11:00:00,11963180
2026-09-09 12:00:00,12548083
2026-09-09 13:00:00,13350611
2026-09-09 14:00:00,13574461
2026-09-09 15:00:00,13994182
2026-09-09 16:00:00,14035602
2026-09-09 17:00:00,14427366
2026-09-09 18:00:00,14607934
2026-09-09 19:00:00,14798499
2026-09-09 20:00:00,14600551
2026-09-09 21:00:00,13632710
2026-09-09 22:00:00,12713747
2026-09-09 23:00:00,12597650
2026-09-10 00:00:00,13049210
2026-09-10 01:00:00,13256768
2026-09-10 02:00:00,13170075
2026-09-10 03:00:00,12254950
2026-09-10 04:00:00,11832264
2026-09-10 05:00:00,11237470
2026-09-10 06:00:00,11308175
2026-09-10 07:00:00,11137552
2026-09-10 08:00:00,11127863
2026-09-10 09:00:00,11087957
2026-09-10 10:00:00,11630589
2026-09-10 11:00:00,12052914
2026-09-10 12:00:00,12940154
2026-09-10 13:00:00,13678435
2026-09-10 14:00:00,14491860
2026-09-10 15:00:00,14097290
2026-09-10 16:00:00,14219393
2026-09-10 17:00:00,14378491
2026-09-10 18:00:00,14654072
2026-09-10 19:00:00,15126581
2026-09-10 20:00:00,15002737
2026-09-10 21:00:00,14087646
2026-09-10 22:00:00,13053454
2026-09-10 23:00:00,12930367
2026-09-11 00:00:00,12949500
2026-09-11 01:00:00,13402740
2026-09-11 02:00:00,13490921
2026-09-11 03:00:00,12791725
2026-09-11 04:00:00,11799478
2026-09-11 05:00:00,11315974
2026-09-11 06:00:00,11080841
2026-09-11 07:00:00,11128866
2026-09-11 08:00:00,10896860
2026-09-11 09:00:00,11135456
2026-09-11 10:00:00,11537462
2026-09-11 11:00:00,12211510
2026-09-11 12:00:00,13161372
2026-09-11 13:00:00,14043867
2026-09-11 14:00:00,14679324
2026-09-11 15:00:00,14725418
2026-09-11 16:00:00,14608079
2026-09-11 17:00:00,14744353
2026-09-11 18:00:00,14976293
2026-09-11 19:00:00,15106864
2026-09-11 20:00:00,15167958
2026-09-11 21:00:00,14381410
2026-09-11 22:00:00,13373654
2026-09-11 23:00:00,13079423
2026-09-12 00:00:00,12775320
2026-09-12 01:00:00,12977772
2026-09-12 02:00:00,12366694
2026-09-12 03:00:00,12958983
2026-09-12 04:00:00,12298970
2026-09-12 05:00:00,12014715
2026-09-12 06:00:00,11704127
2026-09-12 07:00:00,11484365
2026-09-12 08:00:00,11483444
2026-09-12 09:00:00,11457856
2026-09-12 10:00:00,11622566
2026-09-12 11:00:00,12034902
2026-09-12 12:00:00,13099109
2026-09-12 13:00:00,13837106
2026-09-12 14:00:00,14373046
2026-09-12 15:00:00,14654079
2026-09-12 16:00:00,14732080
2026-09-12 17:00:00,14933245
2026-09-12 18:00:00,15270244
2026-09-12 19:00:00,15491507
2026-09-12 20:00:00,15737238
2026-09-12 21:00:00,15276722
2026-09-12 22:00:00,14508487
2026-09-12 23:00:00,13949159
2026-09-13 00:00:00,13546702
2026-09-13 01:00:00,13706110
2026-09-13 02:00:00,13944398
2026-09-13 03:00:00,13525650
2026-09-13 04:00:00,12945540
2026-09-13 05:00:00,12444043
2026-09-13 06:00:00,12159123
2026-09-13 07:00:00,12067717
2026-09-13 08:00:00,11842572
2026-09-13 09:00:00,11790943
2026-09-13 10:00:00,11811145
2026-09-13 11:00:00,12392482
2026-09-13 12:00:00,13355403
2026-09-13 13:00:00,14203984
2026-09-13 14:00:00,15689500
2026-09-13 15:00:00,15565835
2026-09-13 16:00:00,15603723
2026-09-13 17:00:00,15677831
2026-09-13 18:00:00,16202936
2026-09-13 19:00:00,16420294
2026-09-13 20:00:00,16063728
2026-09-13 21:00:00,15324545
2026-09-13 22:00:00,14446130
2026-09-13 23:00:00,13773702
2026-09-14 00:00:00,13914156
2026-09-14 01:00:00,13901480
2026-09-14 02:00:00,13963366
2026-09-14 03:00:00,12971257
2026-09-14 04:00:00,12755216
2026-09-14 05:00:00,12259262
2026-09-14 06:00:00,11967379
2026-09-14 07:00:00,11663497
2026-09-14 08:00:00,11648064
2026-09-14 09:00:00,11801644
2026-09-14 10:00:00,12103420
2026-09-14 11:00:00,12819116
2026-09-14 12:00:00,13304095
2026-09-14 13:00:00,14198840
2026-09-14 14:00:00,14640575
2026-09-14 15:00:00,14725241
2026-09-14 16:00:00,14696759
2026-09-14 17:00:00,14744832
2026-09-14 18:00:00,14988753
2026-09-14 19:00:00,15008273
2026-09-14 20:00:00,14783674
2026-09-14 21:00:00,13886028
2026-09-14 22:00:00,12793900
2026-09-14 23:00:00,12621600
2026-09-15 00:00:00,13039776
2026-09-15 01:00:00,14071708
2026-09-15 02:00:00,14093765
2026-09-15 03:00:00,12971163
2026-09-15 04:00:00,12220554
2026-09-15 05:00:00,12551483
2026-09-15 06:00:00,11942837
2026-09-15 07:00:00,11539135
2026-09-15 08:00:00,11209507
2026-09-15 09:00:00,11344674
2026-09-15 10:00:00,11359540
2026-09-15 11:00:00,12145916
2026-09-15 12:00:00,13160640
2026-09-15 13:00:00,13991026
2026-09-15 14:00:00,14696607
2026-09-15 15:00:00,14740737
2026-09-15 16:00:00,14780526
2026-09-15 17:00:00,14889660
2026-09-15 18:00:00,15015748
2026-09-15 19:00:00,15488258
2026-09-15 20:00:00,15413127
2026-09-15 21:00:00,14377327
2026-09-15 22:00:00,13207500
2026-09-15 23:00:00,13145886
2026-09-16 00:00:00,13399599
2026-09-16 01:00:00,13767319
2026-09-16 02:00:00,13197130
2026-09-16 03:00:00,12376392
2026-09-16 04:00:00,12070740
2026-09-16 05:00:00,11744136
2026-09-16 06:00:00,11469600
2026-09-16 07:00:00,11453300
2026-09-16 08:00:00,11195430
2026-09-16 09:00:00,11307325
2026-09-16 10:00:00,11670018
2026-09-16 11:00:00,12279051
2026-09-16 12:00:00,13024502
2026-09-16 13:00:00,13760095
2026-09-16 14:00:00,14456497
2026-09-16 15:00:00,14710140
2026-09-16 16:00:00,14551769
2026-09-16 17:00:00,14680547
2026-09-16 18:00:00,14895047
2026-09-16 19:00:00,15202215
2026-09-16 20:00:00,14870062
2026-09-16 21:00:00,14260152
2026-09-16 22:00:00,13723286
2026-09-16 23:00:00,12880223
2026-09-17 00:00:00,12781172
2026-09-17 01:00:00,13400484
2026-09-17 02:00:00,13045493
2026-09-17 03:00:00,12434716
2026-09-17 04:00:00,11701188
2026-09-17 05:00:00,11447787
2026-09-17 06:00:00,11303329
2026-09-17 07:00:00,11243027
2026-09-17 08:00:00,11151648
2026-09-17 09:00:00,11002255
2026-09-17 10:00:00,11574696
2026-09-17 11:00:00,12511984
2026-09-17 12:00:00,13369643
2026-09-17 13:00:00,13935006
2026-09-17 14:00:00,14340774
2026-09-17 15:00:00,14674685
2026-09-17 16:00:00,14652531
2026-09-17 17:00:00,14745927
2026-09-17 18:00:00,14898157
2026-09-17 19:00:00,15093706
2026-09-17 20:00:00,14939795
2026-09-17 21:00:00,13940670
2026-09-17 22:00:00,13104697
2026-09-17 23:00:00,12594913
2026-09-18 00:00:00,12663375
2026-09-18 01:00:00,13126076
2026-09-18 02:00:00,13084657
2026-09-18 03:00:00,12571230
2026-09-18 04:00:00,11712092
2026-09-18 05:00:00,11046321
2026-09-18 06:00:00,10904824
2026-09-18 07:00:00,10667174
2026-09-18 08:00:00,10613238
2026-09-18 09:00:00,11054990
2026-09-18 10:00:00,11429174
2026-09-18 11:00:00,11914719
2026-09-18 12:00:00,12827006
2026-09-18 13:00:00,13706581
2026-09-18 14:00:00,14290913
2026-09-18 15:00:00,14562873
2026-09-18 16:00:00,14443729
2026-09-18 17:00:00,14649873
2026-09-18 18:00:00,14976475
2026-09-18 19:00:00,15089237
2026-09-18 20:00:00,14607101
2026-09-18 21:00:00,14068780
2026-09-18 22:00:00,13086576
2026-09-18 23:00:00,12791311
2026-09-19 00:00:00,16544690
2026-09-19 01:00:00,12927986
2026-09-19 02:00:00,12935593
2026-09-19 03:00:00,12656617
2026-09-19 04:00:00,12282697
2026-09-19 05:00:00,11755821
2026-09-19 06:00:00,11834457
2026-09-19 07:00:00,11395409
2026-09-19 08:00:00,11145590
2026-09-19 09:00:00,11105726
2026-09-19 10:00:00,11154646
2026-09-19 11:00:00,11778386
2026-09-19 12:00:00,12823723
2026-09-19 13:00:00,13528531
2026-09-19 14:00:00,14151912
2026-09-19 15:00:00,14514881
2026-09-19 16:00:00,14714268
2026-09-19 17:00:00,14747730
2026-09-19 18:00:00,14977404
2026-09-19 19:00:00,15414573
2026-09-19 20:00:00,15350960
2026-09-19 21:00:00,14908170
2026-09-19 22:00:00,14032500
2026-09-19 23:00:00,13296594
2026-09-20 00:00:00,13150574
